{
  "AktiverModus": {
    "class": "org.openhab.core.items.ManagedItemProvider$PersistedItem",
    "value": {
      "groupNames": [
        "Warmwasserboiler"
      ],
      "itemType": "String",
      "tags": [],
      "label": "AktiverModusP2B",
      "category": ""
    }
  },
  "Balkonkraftwerk": {
    "class": "org.openhab.core.items.ManagedItemProvider$PersistedItem",
    "value": {
      "groupNames": [],
      "itemType": "Group",
      "tags": [],
      "label": "BalkonkraftwerkP2",
      "category": ""
    }
  },
  "DeleteButton": {
    "class": "org.openhab.core.items.ManagedItemProvider$PersistedItem",
    "value": {
      "groupNames": [
        "Modus3"
      ],
      "itemType": "Switch",
      "tags": [],
      "label": "DeleteButtonP2",
      "category": ""
    }
  },
  "DeleteButtonWochenende": {
    "class": "org.openhab.core.items.ManagedItemProvider$PersistedItem",
    "value": {
      "groupNames": [
        "Modus3"
      ],
      "itemType": "Switch",
      "tags": [],
      "label": "DeleteButtonWochenendeP2",
      "category": ""
    }
  },
  "GuenstigAktiviert": {
    "class": "org.openhab.core.items.ManagedItemProvider$PersistedItem",
    "value": {
      "groupNames": [
        "Modus3"
      ],
      "itemType": "Switch",
      "tags": [],
      "label": "GuenstigAktiviertP2",
      "category": ""
    }
  },
  "Heizen": {
    "class": "org.openhab.core.items.ManagedItemProvider$PersistedItem",
    "value": {
      "groupNames": [],
      "itemType": "String",
      "tags": [],
      "label": "HeizenP2",
      "category": ""
    }
  },
  "Infrarotheizung": {
    "class": "org.openhab.core.items.ManagedItemProvider$PersistedItem",
    "value": {
      "groupNames": [],
      "itemType": "Group",
      "tags": [],
      "label": "InfrarotheizungP2",
      "category": ""
    }
  },
  "InfrarotheizungItem": {
    "class": "org.openhab.core.items.ManagedItemProvider$PersistedItem",
    "value": {
      "groupNames": [
        "Infrarotheizung"
      ],
      "itemType": "Switch",
      "tags": [],
      "label": "InfrarotheizungItemP1P2B",
      "category": ""
    }
  },
  "IntervallUeberpruefung": {
    "class": "org.openhab.core.items.ManagedItemProvider$PersistedItem",
    "value": {
      "groupNames": [
        "Balkonkraftwerk"
      ],
      "itemType": "Number",
      "tags": [],
      "label": "IntervallUeberpruefungP1P2B",
      "category": ""
    }
  },
  "JahrAkutell": {
    "class": "org.openhab.core.items.ManagedItemProvider$PersistedItem",
    "value": {
      "groupNames": [
        "Uebersicht"
      ],
      "itemType": "Number",
      "tags": [],
      "label": "JahrAkutellP2",
      "category": ""
    }
  },
  "JahrLetztes": {
    "class": "org.openhab.core.items.ManagedItemProvider$PersistedItem",
    "value": {
      "groupNames": [
        "Uebersicht"
      ],
      "itemType": "Number",
      "tags": [],
      "label": "JahrLetztesP2",
      "category": ""
    }
  },
  "KategorieStrom": {
    "class": "org.openhab.core.items.ManagedItemProvider$PersistedItem",
    "value": {
      "groupNames": [
        "Modus3"
      ],
      "itemType": "String",
      "tags": [],
      "label": "KategorieStromP2",
      "category": ""
    }
  },
  "LZaktivierung": {
    "class": "org.openhab.core.items.ManagedItemProvider$PersistedItem",
    "value": {
      "groupNames": [
        "Infrarotheizung"
      ],
      "itemType": "Number",
      "tags": [],
      "label": "LZaktivierungP1P2B",
      "category": ""
    }
  },
  "ListeStromString": {
    "class": "org.openhab.core.items.ManagedItemProvider$PersistedItem",
    "value": {
      "groupNames": [
        "Modus3"
      ],
      "itemType": "Group",
      "tags": [],
      "label": "ListeStromStringP2B",
      "category": ""
    }
  },
  "ListeStromStringWochenende": {
    "class": "org.openhab.core.items.ManagedItemProvider$PersistedItem",
    "value": {
      "groupNames": [
        "Modus3"
      ],
      "itemType": "Group",
      "tags": [],
      "label": "ListeStromStringWochenendeP2",
      "category": ""
    }
  },
  "ListenItem0000_0800WT": {
    "class": "org.openhab.core.items.ManagedItemProvider$PersistedItem",
    "value": {
      "groupNames": [],
      "itemType": "String",
      "tags": []
    }
  },
  "ListenItem0000_2359WE": {
    "class": "org.openhab.core.items.ManagedItemProvider$PersistedItem",
    "value": {
      "groupNames": [],
      "itemType": "String",
      "tags": []
    }
  },
  "ListenItem0255_0457WT": {
    "class": "org.openhab.core.items.ManagedItemProvider$PersistedItem",
    "value": {
      "groupNames": [],
      "itemType": "String",
      "tags": []
    }
  },
  "ListenItem0419_0520WE": {
    "class": "org.openhab.core.items.ManagedItemProvider$PersistedItem",
    "value": {
      "groupNames": [],
      "itemType": "String",
      "tags": []
    }
  },
  "ListenItem0722_0924WE": {
    "class": "org.openhab.core.items.ManagedItemProvider$PersistedItem",
    "value": {
      "groupNames": [],
      "itemType": "String",
      "tags": []
    }
  },
  "ListenItem0801_1000WT": {
    "class": "org.openhab.core.items.ManagedItemProvider$PersistedItem",
    "value": {
      "groupNames": [],
      "itemType": "String",
      "tags": []
    }
  },
  "ListenItem1001_1400WT": {
    "class": "org.openhab.core.items.ManagedItemProvider$PersistedItem",
    "value": {
      "groupNames": [],
      "itemType": "String",
      "tags": []
    }
  },
  "ListenItem1401_1800WT": {
    "class": "org.openhab.core.items.ManagedItemProvider$PersistedItem",
    "value": {
      "groupNames": [],
      "itemType": "String",
      "tags": []
    }
  },
  "ListenItem1801_2200WT": {
    "class": "org.openhab.core.items.ManagedItemProvider$PersistedItem",
    "value": {
      "groupNames": [],
      "itemType": "String",
      "tags": []
    }
  },
  "ListenItem2201_2359WT": {
    "class": "org.openhab.core.items.ManagedItemProvider$PersistedItem",
    "value": {
      "groupNames": [],
      "itemType": "String",
      "tags": []
    }
  },
  "Luftfeuchtigkeit": {
    "class": "org.openhab.core.items.ManagedItemProvider$PersistedItem",
    "value": {
      "groupNames": [
        "Infrarotheizung"
      ],
      "itemType": "Number",
      "tags": [],
      "label": "LuftfeuchtigkeitP2B",
      "category": ""
    }
  },
  "MittelAktiviert": {
    "class": "org.openhab.core.items.ManagedItemProvider$PersistedItem",
    "value": {
      "groupNames": [
        "Modus3"
      ],
      "itemType": "Switch",
      "tags": [],
      "label": "MittelAktiviertP2",
      "category": ""
    }
  },
  "Modus1": {
    "class": "org.openhab.core.items.ManagedItemProvider$PersistedItem",
    "value": {
      "groupNames": [
        "Warmwasserboiler"
      ],
      "itemType": "Group",
      "tags": [],
      "label": "Modus1P2",
      "category": ""
    }
  },
  "Modus2": {
    "class": "org.openhab.core.items.ManagedItemProvider$PersistedItem",
    "value": {
      "groupNames": [
        "Warmwasserboiler"
      ],
      "itemType": "Group",
      "tags": [],
      "label": "Modus2P2",
      "category": ""
    }
  },
  "Modus2Datum1": {
    "class": "org.openhab.core.items.ManagedItemProvider$PersistedItem",
    "value": {
      "groupNames": [
        "Modus2"
      ],
      "itemType": "DateTime",
      "tags": [],
      "label": "Modus2Datum1P2B",
      "category": ""
    }
  },
  "Modus2Datum2": {
    "class": "org.openhab.core.items.ManagedItemProvider$PersistedItem",
    "value": {
      "groupNames": [
        "Modus2"
      ],
      "itemType": "DateTime",
      "tags": [],
      "label": "Modus2Datum2P2B",
      "category": ""
    }
  },
  "Modus3": {
    "class": "org.openhab.core.items.ManagedItemProvider$PersistedItem",
    "value": {
      "groupNames": [
        "Warmwasserboiler"
      ],
      "itemType": "Group",
      "tags": [],
      "label": "Modus3P2",
      "category": ""
    }
  },
  "Modus3AddButton": {
    "class": "org.openhab.core.items.ManagedItemProvider$PersistedItem",
    "value": {
      "groupNames": [
        "Modus3"
      ],
      "itemType": "Switch",
      "tags": [],
      "label": "Modus3AddButtonP2",
      "category": ""
    }
  },
  "Modus3Guenstig": {
    "class": "org.openhab.core.items.ManagedItemProvider$PersistedItem",
    "value": {
      "groupNames": [
        "Modus3"
      ],
      "itemType": "Switch",
      "tags": [],
      "label": "Modus3GuenstigP2",
      "category": ""
    }
  },
  "Modus3Zeit1": {
    "class": "org.openhab.core.items.ManagedItemProvider$PersistedItem",
    "value": {
      "groupNames": [
        "Modus3"
      ],
      "itemType": "DateTime",
      "tags": [],
      "label": "Modus3Zeit1P2",
      "category": ""
    }
  },
  "Modus3Zeit2": {
    "class": "org.openhab.core.items.ManagedItemProvider$PersistedItem",
    "value": {
      "groupNames": [
        "Modus3"
      ],
      "itemType": "DateTime",
      "tags": [],
      "label": "Modus3Zeit2P2",
      "category": ""
    }
  },
  "Modus4": {
    "class": "org.openhab.core.items.ManagedItemProvider$PersistedItem",
    "value": {
      "groupNames": [
        "Warmwasserboiler"
      ],
      "itemType": "Group",
      "tags": [],
      "label": "Modus4P2",
      "category": ""
    }
  },
  "Modus4Aktivierungsgrenze": {
    "class": "org.openhab.core.items.ManagedItemProvider$PersistedItem",
    "value": {
      "groupNames": [
        "Modus4"
      ],
      "itemType": "Number",
      "tags": [],
      "label": "Modus4AktivierungsgrenzeP2B",
      "category": ""
    }
  },
  "MonatAktuell": {
    "class": "org.openhab.core.items.ManagedItemProvider$PersistedItem",
    "value": {
      "groupNames": [
        "Uebersicht"
      ],
      "itemType": "Number",
      "tags": [],
      "label": "MonatAktuellP2",
      "category": ""
    }
  },
  "MonatLetzter": {
    "class": "org.openhab.core.items.ManagedItemProvider$PersistedItem",
    "value": {
      "groupNames": [
        "Uebersicht"
      ],
      "itemType": "Number",
      "tags": [],
      "label": "MonatLetzterP2",
      "category": ""
    }
  },
  "PauseDeaktivierung": {
    "class": "org.openhab.core.items.ManagedItemProvider$PersistedItem",
    "value": {
      "groupNames": [
        "Infrarotheizung"
      ],
      "itemType": "Number",
      "tags": [],
      "label": "PauseDeaktivierungP1P2B",
      "category": ""
    }
  },
  "Shelly1PMa": {
    "class": "org.openhab.core.items.ManagedItemProvider$PersistedItem",
    "value": {
      "groupNames": [],
      "itemType": "String",
      "tags": [],
      "label": "Shelly1PMaP2",
      "category": ""
    }
  },
  "Shelly1PMb": {
    "class": "org.openhab.core.items.ManagedItemProvider$PersistedItem",
    "value": {
      "groupNames": [],
      "itemType": "String",
      "tags": [],
      "label": "Shelly1PMbP2",
      "category": ""
    }
  },
  "Shelly1PMc": {
    "class": "org.openhab.core.items.ManagedItemProvider$PersistedItem",
    "value": {
      "groupNames": [],
      "itemType": "String",
      "tags": [],
      "label": "Shelly1PMcP2",
      "category": ""
    }
  },
  "StromerzeugungsintervalltimerVorhanden": {
    "class": "org.openhab.core.items.ManagedItemProvider$PersistedItem",
    "value": {
      "groupNames": [],
      "itemType": "String",
      "tags": [],
      "label": "StromerzeugungsintervalltimerVorhandenP1P2",
      "category": ""
    }
  },
  "SwitchEinfachErweitert": {
    "class": "org.openhab.core.items.ManagedItemProvider$PersistedItem",
    "value": {
      "groupNames": [
        "Infrarotheizung"
      ],
      "itemType": "Switch",
      "tags": [],
      "label": "SwitchEinfachErweitertP2",
      "category": ""
    }
  },
  "TagGestern": {
    "class": "org.openhab.core.items.ManagedItemProvider$PersistedItem",
    "value": {
      "groupNames": [
        "Uebersicht"
      ],
      "itemType": "Number",
      "tags": [],
      "label": "TagGesternP2",
      "category": ""
    }
  },
  "TagHeute": {
    "class": "org.openhab.core.items.ManagedItemProvider$PersistedItem",
    "value": {
      "groupNames": [
        "Uebersicht"
      ],
      "itemType": "Number",
      "tags": [],
      "label": "TagHeuteP2",
      "category": ""
    }
  },
  "TagModus": {
    "class": "org.openhab.core.items.ManagedItemProvider$PersistedItem",
    "value": {
      "groupNames": [
        "Modus3"
      ],
      "itemType": "Switch",
      "tags": [],
      "label": "TagModusP2",
      "category": ""
    }
  },
  "Temperatur": {
    "class": "org.openhab.core.items.ManagedItemProvider$PersistedItem",
    "value": {
      "groupNames": [
        "Infrarotheizung"
      ],
      "itemType": "Number",
      "tags": [],
      "label": "TemperaturP2B",
      "category": ""
    }
  },
  "TeuerAktiviert": {
    "class": "org.openhab.core.items.ManagedItemProvider$PersistedItem",
    "value": {
      "groupNames": [
        "Modus3"
      ],
      "itemType": "Switch",
      "tags": [],
      "label": "TeuerAktiviertP2",
      "category": ""
    }
  },
  "TimerBefehl": {
    "class": "org.openhab.core.items.ManagedItemProvider$PersistedItem",
    "value": {
      "groupNames": [],
      "itemType": "String",
      "tags": [],
      "label": "TimerBefehlP1P2",
      "category": ""
    }
  },
  "TimerMenge": {
    "class": "org.openhab.core.items.ManagedItemProvider$PersistedItem",
    "value": {
      "groupNames": [],
      "itemType": "Number",
      "tags": [],
      "label": "TimerMengeP1P2",
      "category": ""
    }
  },
  "UberhitzungsBoolean": {
    "class": "org.openhab.core.items.ManagedItemProvider$PersistedItem",
    "value": {
      "groupNames": [],
      "itemType": "Switch",
      "tags": [],
      "label": "UberhitzungsBooleanP1P2",
      "category": ""
    }
  },
  "Uebersicht": {
    "class": "org.openhab.core.items.ManagedItemProvider$PersistedItem",
    "value": {
      "groupNames": [],
      "itemType": "Group",
      "tags": [],
      "label": "UebersichtP2",
      "category": ""
    }
  },
  "Warmwasserboiler": {
    "class": "org.openhab.core.items.ManagedItemProvider$PersistedItem",
    "value": {
      "groupNames": [],
      "itemType": "Group",
      "tags": [],
      "label": "WarmwasserboilerP2",
      "category": ""
    }
  },
  "WarmwasserboilerItem": {
    "class": "org.openhab.core.items.ManagedItemProvider$PersistedItem",
    "value": {
      "groupNames": [
        "Modus1"
      ],
      "itemType": "Switch",
      "tags": [],
      "label": "WarmwasserboilerItemP2B",
      "category": ""
    }
  },
  "WattGrenzeFuerAktivierung": {
    "class": "org.openhab.core.items.ManagedItemProvider$PersistedItem",
    "value": {
      "groupNames": [
        "Balkonkraftwerk"
      ],
      "itemType": "Number",
      "tags": [],
      "label": "WattGrenzeFuerAktivierungP1P2B",
      "category": ""
    }
  },
  "WocheAktuell": {
    "class": "org.openhab.core.items.ManagedItemProvider$PersistedItem",
    "value": {
      "groupNames": [
        "Uebersicht"
      ],
      "itemType": "Number",
      "tags": [],
      "label": "WocheAktuellP2",
      "category": ""
    }
  },
  "WocheLetztes": {
    "class": "org.openhab.core.items.ManagedItemProvider$PersistedItem",
    "value": {
      "groupNames": [
        "Uebersicht"
      ],
      "itemType": "Number",
      "tags": [],
      "label": "WocheLetztesP2",
      "category": ""
    }
  },
  "ZeitFehlermeldung": {
    "class": "org.openhab.core.items.ManagedItemProvider$PersistedItem",
    "value": {
      "groupNames": [
        "Modus3"
      ],
      "itemType": "String",
      "tags": [],
      "label": "ZeitFehlermeldungP2",
      "category": ""
    }
  },
  "automatischAktualisieren": {
    "class": "org.openhab.core.items.ManagedItemProvider$PersistedItem",
    "value": {
      "groupNames": [
        "Modus3"
      ],
      "itemType": "String",
      "tags": [],
      "label": "automatischAktualisierenP2",
      "category": ""
    }
  },
  "obergrenzeL": {
    "class": "org.openhab.core.items.ManagedItemProvider$PersistedItem",
    "value": {
      "groupNames": [
        "Infrarotheizung"
      ],
      "itemType": "Number",
      "tags": [],
      "label": "obergrenzeLP2B",
      "category": ""
    }
  },
  "obergrenzeT": {
    "class": "org.openhab.core.items.ManagedItemProvider$PersistedItem",
    "value": {
      "groupNames": [
        "Infrarotheizung"
      ],
      "itemType": "Number",
      "tags": [],
      "label": "obergrenzeTP2B",
      "category": ""
    }
  },
  "produzierterStrom": {
    "class": "org.openhab.core.items.ManagedItemProvider$PersistedItem",
    "value": {
      "groupNames": [
        "Balkonkraftwerk"
      ],
      "itemType": "Number",
      "tags": [],
      "label": "produzierterStromP1P2",
      "category": ""
    }
  },
  "untergrenzeL": {
    "class": "org.openhab.core.items.ManagedItemProvider$PersistedItem",
    "value": {
      "groupNames": [
        "Infrarotheizung"
      ],
      "itemType": "Number",
      "tags": [],
      "label": "untergrenzeLP2B",
      "category": ""
    }
  },
  "untergrenzeT": {
    "class": "org.openhab.core.items.ManagedItemProvider$PersistedItem",
    "value": {
      "groupNames": [
        "Infrarotheizung"
      ],
      "itemType": "Number",
      "tags": [],
      "label": "untergrenzeTP2B",
      "category": ""
    }
  }
}