{
  "Warmwasserboiler": {
    "class": "org.openhab.core.ui.components.RootUIComponent",
    "value": {
      "uid": "Warmwasserboiler",
      "tags": [],
      "props": {
        "parameters": [],
        "parameterGroups": []
      },
      "timestamp": "Jan 14, 2024, 2:48:55 PM",
      "component": "oh-layout-page",
      "config": {
        "label": "Warmwasserboiler",
        "style": {
          "background": "url(\u0027/static/WWB.jpg\u0027)",
          "background-position": "center",
          "background-size": "cover"
        }
      },
      "slots": {
        "canvas": [],
        "default": [
          {
            "component": "oh-block",
            "config": {},
            "slots": {
              "default": [
                {
                  "component": "oh-grid-row",
                  "config": {},
                  "slots": {
                    "default": [
                      {
                        "component": "oh-grid-col",
                        "config": {},
                        "slots": {
                          "default": [
                            {
                              "component": "widget:Modus1",
                              "config": {
                                "ueberschrift": "Modus 1"
                              }
                            }
                          ]
                        }
                      },
                      {
                        "component": "oh-grid-col",
                        "config": {},
                        "slots": {
                          "default": [
                            {
                              "component": "widget:Modus2",
                              "config": {}
                            }
                          ]
                        }
                      }
                    ]
                  }
                },
                {
                  "component": "oh-grid-row",
                  "config": {},
                  "slots": {
                    "default": [
                      {
                        "component": "oh-grid-col",
                        "config": {},
                        "slots": {
                          "default": [
                            {
                              "component": "widget:Modus3",
                              "config": {}
                            }
                          ]
                        }
                      }
                    ]
                  }
                },
                {
                  "component": "oh-grid-row",
                  "config": {},
                  "slots": {
                    "default": [
                      {
                        "component": "oh-grid-col",
                        "config": {},
                        "slots": {
                          "default": [
                            {
                              "component": "widget:Modus4",
                              "config": {}
                            }
                          ]
                        }
                      }
                    ]
                  }
                }
              ]
            }
          }
        ],
        "grid": []
      }
    }
  },
  "overview": {
    "class": "org.openhab.core.ui.components.RootUIComponent",
    "value": {
      "uid": "overview",
      "tags": [],
      "props": {
        "parameters": [],
        "parameterGroups": []
      },
      "timestamp": "Jan 23, 2024, 7:26:31 PM",
      "component": "oh-layout-page",
      "config": {
        "label": "Übersicht",
        "style": {
          "background": "url(\u0027/static/BG2.jpg\u0027)",
          "background-position": "center",
          "background-size": "cover"
        }
      },
      "slots": {
        "default": [
          {
            "component": "oh-block",
            "config": {},
            "slots": {
              "default": [
                {
                  "component": "oh-grid-row",
                  "config": {},
                  "slots": {
                    "default": [
                      {
                        "component": "oh-grid-col",
                        "config": {},
                        "slots": {
                          "default": [
                            {
                              "component": "widget:Intervall",
                              "config": {}
                            }
                          ]
                        }
                      },
                      {
                        "component": "oh-grid-col",
                        "config": {},
                        "slots": {
                          "default": [
                            {
                              "component": "widget:Image",
                              "config": {
                                "ueberschrift": "/static/Logo2.png"
                              }
                            }
                          ]
                        }
                      }
                    ]
                  }
                },
                {
                  "component": "oh-grid-row",
                  "config": {},
                  "slots": {
                    "default": [
                      {
                        "component": "oh-grid-col",
                        "config": {},
                        "slots": {
                          "default": [
                            {
                              "component": "widget:Uebersicht",
                              "config": {
                                "aktuell": "Heute",
                                "itemaktuell": "TagHeute",
                                "itemvorhergehend": "TagGestern",
                                "ueberschrift": "Tag (in kWh)",
                                "vorhergehend": "Gestern"
                              }
                            }
                          ]
                        }
                      },
                      {
                        "component": "oh-grid-col",
                        "config": {},
                        "slots": {
                          "default": [
                            {
                              "component": "widget:Uebersicht",
                              "config": {
                                "aktuell": "Diese Woche",
                                "itemaktuell": "WocheAktuell",
                                "itemvorhergehend": "WocheLetztes",
                                "ueberschrift": "Woche (in kWh)",
                                "vorhergehend": "Letzte Woche"
                              }
                            }
                          ]
                        }
                      },
                      {
                        "component": "oh-grid-col",
                        "config": {},
                        "slots": {
                          "default": [
                            {
                              "component": "widget:Uebersicht",
                              "config": {
                                "aktuell": "Dieser Monat",
                                "itemaktuell": "MonatAktuell",
                                "itemvorhergehend": "MonatLetzter",
                                "ueberschrift": "Monat (in kWh)",
                                "vorhergehend": "Letzter Monat"
                              }
                            }
                          ]
                        }
                      },
                      {
                        "component": "oh-grid-col",
                        "config": {},
                        "slots": {
                          "default": [
                            {
                              "component": "widget:Uebersicht",
                              "config": {
                                "aktuell": "Dieses Jahr",
                                "itemaktuell": "JahrAkutell",
                                "itemvorhergehend": "JahrLetztes",
                                "ueberschrift": "Jahr (in kWh)",
                                "vorhergehend": "Letztes Jahr"
                              }
                            }
                          ]
                        }
                      }
                    ]
                  }
                },
                {
                  "component": "oh-grid-row",
                  "config": {},
                  "slots": {
                    "default": [
                      {
                        "component": "oh-grid-col",
                        "config": {},
                        "slots": {
                          "default": [
                            {
                              "component": "widget:Komponenten",
                              "config": {
                                "Wechselkomponente": "widget:Infrarotheizung",
                                "action": "popup",
                                "item": "InfrarotheizungItem",
                                "komponente": "Infrarotheizung"
                              }
                            }
                          ]
                        }
                      },
                      {
                        "component": "oh-grid-col",
                        "config": {},
                        "slots": {
                          "default": [
                            {
                              "component": "widget:KomponenteWWB",
                              "config": {
                                "Wechselkomponente": "page:Warmwasserboiler",
                                "action": "navigate",
                                "komponente": "Warmwasserboiler"
                              }
                            }
                          ]
                        }
                      }
                    ]
                  }
                }
              ]
            }
          },
          {
            "component": "oh-block",
            "config": {},
            "slots": {
              "default": [
                {
                  "component": "oh-grid-row",
                  "config": {},
                  "slots": {
                    "default": [
                      {
                        "component": "oh-grid-col",
                        "config": {},
                        "slots": {
                          "default": [
                            {
                              "component": "widget:test_chart",
                              "config": {}
                            }
                          ]
                        }
                      }
                    ]
                  }
                }
              ]
            }
          }
        ],
        "masonry": [
          {
            "component": "oh-masonry",
            "config": {},
            "slots": {
              "default": []
            }
          }
        ]
      }
    }
  }
}