{
  "openhabian": {
    "class": "org.openhab.core.auth.ManagedUser",
    "value": {
      "name": "openhabian",
      "passwordHash": "2oaimylagVJs5SDFgnswScPVq6sEhRauF+iwu8wJNtOzNPiHCjc9n8c/gxmGAJ50pw05QRjvWmJAUFf0wqnmEA\u003d\u003d",
      "passwordSalt": "JCS+tv/PaJurH3fBAKqxG2ymSnzUyAmZQkD3GzZ8Ir/laSTwOmsbZNSVBKtIb5ctGd17FIB2FRCuYIcmE4gznw\u003d\u003d",
      "roles": [
        "administrator"
      ],
      "sessions": [
        {
          "sessionId": "b853efda-cb1c-41ca-a308-a5769c883ce7",
          "refreshToken": "2faa07ff560743d8a4b628f9f89aeb6c",
          "createdTime": "Nov 22, 2023, 1:28:18 AM",
          "lastRefreshTime": "Nov 22, 2023, 1:28:18 AM",
          "clientId": "http://openhabian:8080",
          "redirectUri": "http://openhabian:8080",
          "scope": "admin",
          "sessionCookie": true
        },
        {
          "sessionId": "6988ac5b-7c47-4094-a7a0-46de6f2f7efc",
          "refreshToken": "539e86a7a2174ac8ad7c0124b602de20",
          "createdTime": "Nov 22, 2023, 2:19:38 AM",
          "lastRefreshTime": "Nov 24, 2023, 4:07:28 PM",
          "clientId": "http://openhabian:8080",
          "redirectUri": "http://openhabian:8080",
          "scope": "admin",
          "sessionCookie": true
        },
        {
          "sessionId": "9d6d6624-aed2-4946-a255-3d9be25eb881",
          "refreshToken": "79747b6e7d7a40f3ac7088e341fd6b5c",
          "createdTime": "Nov 22, 2023, 2:56:41 AM",
          "lastRefreshTime": "Nov 22, 2023, 2:56:41 AM",
          "clientId": "https://home.myopenhab.org",
          "redirectUri": "https://home.myopenhab.org",
          "scope": "admin",
          "sessionCookie": true
        },
        {
          "sessionId": "1e6ab48c-753f-4750-889d-c00f89c586c4",
          "refreshToken": "d12219769321482faa9c03036796f4ae",
          "createdTime": "Nov 22, 2023, 8:18:16 PM",
          "lastRefreshTime": "Nov 22, 2023, 8:19:12 PM",
          "clientId": "https://home.myopenhab.org",
          "redirectUri": "https://home.myopenhab.org",
          "scope": "admin",
          "sessionCookie": true
        },
        {
          "sessionId": "0fe2513f-a10f-452d-b62b-7b1ea96a8198",
          "refreshToken": "20529e460bac4808a318e618538c48ef",
          "createdTime": "Nov 24, 2023, 4:11:00 PM",
          "lastRefreshTime": "Dec 7, 2023, 12:02:41 AM",
          "clientId": "http://openhabian:8080",
          "redirectUri": "http://openhabian:8080",
          "scope": "admin",
          "sessionCookie": true
        },
        {
          "sessionId": "4086ced7-93dc-4958-b970-1cbb2c2632b6",
          "refreshToken": "65c483cad6174745b7478f24268cb962",
          "createdTime": "Nov 28, 2023, 2:58:06 PM",
          "lastRefreshTime": "Nov 29, 2023, 10:06:33 AM",
          "clientId": "https://home.myopenhab.org",
          "redirectUri": "https://home.myopenhab.org",
          "scope": "admin",
          "sessionCookie": true
        },
        {
          "sessionId": "915a7066-4496-494c-89bc-e3446604f257",
          "refreshToken": "b10b7696c9004f97b5c993baad315d66",
          "createdTime": "Nov 29, 2023, 2:00:05 PM",
          "lastRefreshTime": "Nov 29, 2023, 10:50:03 PM",
          "clientId": "https://home.myopenhab.org",
          "redirectUri": "https://home.myopenhab.org",
          "scope": "admin",
          "sessionCookie": true
        },
        {
          "sessionId": "831ed8a5-ae59-42f7-aa81-866e76ddca9c",
          "refreshToken": "75cefcc2e57b44faa6fc8d04be7d887b",
          "createdTime": "Nov 30, 2023, 8:35:04 AM",
          "lastRefreshTime": "Nov 30, 2023, 8:51:44 AM",
          "clientId": "https://home.myopenhab.org",
          "redirectUri": "https://home.myopenhab.org",
          "scope": "admin",
          "sessionCookie": true
        },
        {
          "sessionId": "7b1c07e3-4532-42f1-bb18-b2959ea3c4c9",
          "refreshToken": "07b999f8dde34bc59521156605f4e85b",
          "createdTime": "Nov 30, 2023, 8:54:18 AM",
          "lastRefreshTime": "Nov 30, 2023, 1:17:18 PM",
          "clientId": "https://home.myopenhab.org",
          "redirectUri": "https://home.myopenhab.org",
          "scope": "admin",
          "sessionCookie": true
        },
        {
          "sessionId": "f5f47d20-d740-4aae-8901-0a31277d510c",
          "refreshToken": "41af38a5288d457592cc170c0b3841c5",
          "createdTime": "Nov 30, 2023, 2:07:30 PM",
          "lastRefreshTime": "Dec 1, 2023, 11:59:00 AM",
          "clientId": "https://home.myopenhab.org",
          "redirectUri": "https://home.myopenhab.org",
          "scope": "admin",
          "sessionCookie": true
        },
        {
          "sessionId": "1d801002-cbb0-47ba-a4c1-e2a5af332fa4",
          "refreshToken": "f97392223ae2498f9e81d7ecdeaca8fb",
          "createdTime": "Dec 7, 2023, 12:11:38 AM",
          "lastRefreshTime": "Jan 17, 2024, 5:42:16 PM",
          "clientId": "http://openhabian:8080",
          "redirectUri": "http://openhabian:8080",
          "scope": "admin",
          "sessionCookie": true
        },
        {
          "sessionId": "842859e7-0ae4-4d81-8c56-d73884d37bbc",
          "refreshToken": "92883bd7bc694c19a7c559cc926a1f79",
          "createdTime": "Dec 7, 2023, 6:18:17 PM",
          "lastRefreshTime": "Dec 10, 2023, 2:19:25 PM",
          "clientId": "https://home.myopenhab.org",
          "redirectUri": "https://home.myopenhab.org",
          "scope": "admin",
          "sessionCookie": true
        },
        {
          "sessionId": "36c6d84d-12f7-43fb-9d68-c0c59ce94500",
          "refreshToken": "18a44ef5e3964db6b4a66fce68a10046",
          "createdTime": "Dec 10, 2023, 10:22:28 PM",
          "lastRefreshTime": "Dec 11, 2023, 1:02:07 AM",
          "clientId": "https://home.myopenhab.org",
          "redirectUri": "https://home.myopenhab.org",
          "scope": "admin",
          "sessionCookie": true
        },
        {
          "sessionId": "e5825e49-f666-42f9-b693-ebc36641a3c2",
          "refreshToken": "06a775310936407eac856b96836b53f7",
          "createdTime": "Dec 11, 2023, 4:23:52 PM",
          "lastRefreshTime": "Dec 11, 2023, 4:24:57 PM",
          "clientId": "https://home.myopenhab.org",
          "redirectUri": "https://home.myopenhab.org",
          "scope": "admin",
          "sessionCookie": true
        },
        {
          "sessionId": "539870f9-7c2a-4038-b4e6-9be0f5582efa",
          "refreshToken": "6ffb678b55f34cac82f414f2996a79c0",
          "createdTime": "Dec 11, 2023, 4:29:24 PM",
          "lastRefreshTime": "Dec 11, 2023, 11:36:11 PM",
          "clientId": "https://home.myopenhab.org",
          "redirectUri": "https://home.myopenhab.org",
          "scope": "admin",
          "sessionCookie": true
        },
        {
          "sessionId": "8f7961b2-3a40-4d99-b447-fae64967ebb3",
          "refreshToken": "caab622f0a7c49218b070da64a4131c0",
          "createdTime": "Dec 12, 2023, 12:54:51 PM",
          "lastRefreshTime": "Dec 12, 2023, 12:54:51 PM",
          "clientId": "https://home.myopenhab.org",
          "redirectUri": "https://home.myopenhab.org",
          "scope": "admin",
          "sessionCookie": true
        },
        {
          "sessionId": "61d34052-bebd-4021-846e-3602bc507972",
          "refreshToken": "abcd73ae74d14095aad7b137c9d31676",
          "createdTime": "Dec 12, 2023, 1:35:25 PM",
          "lastRefreshTime": "Dec 12, 2023, 1:35:25 PM",
          "clientId": "https://home.myopenhab.org",
          "redirectUri": "https://home.myopenhab.org",
          "scope": "admin",
          "sessionCookie": true
        },
        {
          "sessionId": "20974765-ad8d-458b-8de2-fe71497980b9",
          "refreshToken": "873ec00d21574617a902225f2bbde2d2",
          "createdTime": "Dec 12, 2023, 8:36:31 PM",
          "lastRefreshTime": "Dec 12, 2023, 9:33:32 PM",
          "clientId": "https://home.myopenhab.org",
          "redirectUri": "https://home.myopenhab.org",
          "scope": "admin",
          "sessionCookie": true
        },
        {
          "sessionId": "c1f8e974-20be-4c2c-bce7-41b725fcf7b1",
          "refreshToken": "f7336fde0c434dd5a3ac19a6dd713cc1",
          "createdTime": "Dec 13, 2023, 11:29:27 AM",
          "lastRefreshTime": "Dec 18, 2023, 9:54:00 AM",
          "clientId": "https://home.myopenhab.org",
          "redirectUri": "https://home.myopenhab.org",
          "scope": "admin",
          "sessionCookie": true
        },
        {
          "sessionId": "d2edff82-d28c-41d8-a8a5-2e62e3f82df9",
          "refreshToken": "d831d988f0234257bda08981ad4217a2",
          "createdTime": "Dec 18, 2023, 10:29:50 AM",
          "lastRefreshTime": "Dec 18, 2023, 10:29:50 AM",
          "clientId": "https://home.myopenhab.org",
          "redirectUri": "https://home.myopenhab.org",
          "scope": "admin",
          "sessionCookie": true
        },
        {
          "sessionId": "3c60917d-c403-483d-9c5c-228fb4b8b510",
          "refreshToken": "916dcbb0666842fbae71632132f12c10",
          "createdTime": "Dec 19, 2023, 1:39:40 PM",
          "lastRefreshTime": "Dec 23, 2023, 4:44:33 PM",
          "clientId": "https://home.myopenhab.org",
          "redirectUri": "https://home.myopenhab.org",
          "scope": "admin",
          "sessionCookie": true
        },
        {
          "sessionId": "6bceac79-e6b9-43f5-bec0-5c9171fccf37",
          "refreshToken": "8ae226e815674d589365c8e76efc3004",
          "createdTime": "Dec 25, 2023, 2:36:33 PM",
          "lastRefreshTime": "Dec 26, 2023, 2:56:30 PM",
          "clientId": "https://home.myopenhab.org",
          "redirectUri": "https://home.myopenhab.org",
          "scope": "admin",
          "sessionCookie": true
        },
        {
          "sessionId": "c9ecf101-49ca-47fc-b7c7-98a74116791b",
          "refreshToken": "91be71cf53f242088c9e26119239a8b1",
          "createdTime": "Dec 27, 2023, 11:53:24 AM",
          "lastRefreshTime": "Dec 28, 2023, 8:30:09 PM",
          "clientId": "https://home.myopenhab.org",
          "redirectUri": "https://home.myopenhab.org",
          "scope": "admin",
          "sessionCookie": true
        },
        {
          "sessionId": "ef389511-188d-4ded-ac1b-c3307eb0ac85",
          "refreshToken": "989075b3013746f8a5c21d0b59e43f05",
          "createdTime": "Dec 29, 2023, 9:21:27 AM",
          "lastRefreshTime": "Jan 3, 2024, 1:45:54 PM",
          "clientId": "https://home.myopenhab.org",
          "redirectUri": "https://home.myopenhab.org",
          "scope": "admin",
          "sessionCookie": true
        },
        {
          "sessionId": "7ef5cf47-298e-4a04-96b9-e3f4b552ecd1",
          "refreshToken": "85e1ea07c27148579cfaf355a393f7af",
          "createdTime": "Jan 4, 2024, 9:06:12 AM",
          "lastRefreshTime": "Jan 5, 2024, 2:20:15 PM",
          "clientId": "https://home.myopenhab.org",
          "redirectUri": "https://home.myopenhab.org",
          "scope": "admin",
          "sessionCookie": true
        },
        {
          "sessionId": "4b8c3d96-ab18-4ca8-a13f-8c510e31410a",
          "refreshToken": "34d3896b423747388cc7c89fae27eadb",
          "createdTime": "Jan 8, 2024, 3:10:48 PM",
          "lastRefreshTime": "Jan 8, 2024, 3:10:48 PM",
          "clientId": "https://home.myopenhab.org",
          "redirectUri": "https://home.myopenhab.org",
          "scope": "admin",
          "sessionCookie": true
        },
        {
          "sessionId": "e2622d0f-f77e-47f0-a6ff-6436cff78b21",
          "refreshToken": "efe5360faaed44fb93454fdd2a608e12",
          "createdTime": "Jan 10, 2024, 9:03:09 AM",
          "lastRefreshTime": "Jan 10, 2024, 3:41:41 PM",
          "clientId": "https://home.myopenhab.org",
          "redirectUri": "https://home.myopenhab.org",
          "scope": "admin",
          "sessionCookie": true
        },
        {
          "sessionId": "83f825d4-12b7-4d2a-a9bc-6493592e3c25",
          "refreshToken": "eef20b4a43944a82b9e2a7f268525f84",
          "createdTime": "Jan 10, 2024, 4:13:22 PM",
          "lastRefreshTime": "Jan 11, 2024, 9:00:58 AM",
          "clientId": "https://home.myopenhab.org",
          "redirectUri": "https://home.myopenhab.org",
          "scope": "admin",
          "sessionCookie": true
        },
        {
          "sessionId": "125dba9f-636c-473a-b640-ae8928d54411",
          "refreshToken": "23f32af6fdf74a66a72c320987dd1abc",
          "createdTime": "Jan 11, 2024, 10:06:17 AM",
          "lastRefreshTime": "Jan 11, 2024, 12:00:18 PM",
          "clientId": "https://home.myopenhab.org",
          "redirectUri": "https://home.myopenhab.org",
          "scope": "admin",
          "sessionCookie": true
        },
        {
          "sessionId": "29c9d544-1d56-46ee-9844-160f69278d4f",
          "refreshToken": "cbc9e9352d4e41e79e74bb477cf34b58",
          "createdTime": "Jan 11, 2024, 12:51:19 PM",
          "lastRefreshTime": "Jan 11, 2024, 2:45:21 PM",
          "clientId": "https://home.myopenhab.org",
          "redirectUri": "https://home.myopenhab.org",
          "scope": "admin",
          "sessionCookie": true
        },
        {
          "sessionId": "570e5dcf-f1d4-4082-93fd-ef754705220b",
          "refreshToken": "2fa4d11a13254c478e53b4bf99cc2dc0",
          "createdTime": "Jan 11, 2024, 3:08:40 PM",
          "lastRefreshTime": "Jan 11, 2024, 3:08:40 PM",
          "clientId": "https://home.myopenhab.org",
          "redirectUri": "https://home.myopenhab.org",
          "scope": "admin",
          "sessionCookie": true
        },
        {
          "sessionId": "a2e371fd-d95d-4415-a95d-847b1bf19180",
          "refreshToken": "2a65dc5207604ce4953099612c711e17",
          "createdTime": "Jan 11, 2024, 3:46:19 PM",
          "lastRefreshTime": "Jan 13, 2024, 3:28:12 PM",
          "clientId": "https://home.myopenhab.org",
          "redirectUri": "https://home.myopenhab.org",
          "scope": "admin",
          "sessionCookie": true
        },
        {
          "sessionId": "92d16655-72ac-4b4c-abd3-14928a466f80",
          "refreshToken": "994011e2c3774b33961d5ad06c6729b4",
          "createdTime": "Jan 13, 2024, 3:59:18 PM",
          "lastRefreshTime": "Jan 13, 2024, 3:59:18 PM",
          "clientId": "https://home.myopenhab.org",
          "redirectUri": "https://home.myopenhab.org",
          "scope": "admin",
          "sessionCookie": true
        },
        {
          "sessionId": "57940980-4390-4d9f-9155-21c9745f2ad5",
          "refreshToken": "4dccb240a36843f68af1de8ca0a12c34",
          "createdTime": "Jan 13, 2024, 6:09:28 PM",
          "lastRefreshTime": "Jan 13, 2024, 6:09:28 PM",
          "clientId": "https://home.myopenhab.org",
          "redirectUri": "https://home.myopenhab.org",
          "scope": "admin",
          "sessionCookie": true
        },
        {
          "sessionId": "423eed2e-2272-4c99-bbd6-7a96eec88687",
          "refreshToken": "696391e57dc54e89a56ff3f087331cff",
          "createdTime": "Jan 16, 2024, 9:13:24 AM",
          "lastRefreshTime": "Jan 16, 2024, 10:10:59 AM",
          "clientId": "https://home.myopenhab.org",
          "redirectUri": "https://home.myopenhab.org",
          "scope": "admin",
          "sessionCookie": true
        },
        {
          "sessionId": "84242732-ab26-45d6-b804-cf1da156cd84",
          "refreshToken": "6c12c2abc06940a7aaaaf0fe088bee39",
          "createdTime": "Jan 16, 2024, 11:15:02 AM",
          "lastRefreshTime": "Jan 16, 2024, 2:55:10 PM",
          "clientId": "https://home.myopenhab.org",
          "redirectUri": "https://home.myopenhab.org",
          "scope": "admin",
          "sessionCookie": true
        },
        {
          "sessionId": "7b396ca5-0bae-4cad-85f1-6cfbd14d91ee",
          "refreshToken": "9dfabe2ada5a42cb8731009dcf957acb",
          "createdTime": "Jan 16, 2024, 6:20:53 PM",
          "lastRefreshTime": "Jan 16, 2024, 8:15:48 PM",
          "clientId": "https://home.myopenhab.org",
          "redirectUri": "https://home.myopenhab.org",
          "scope": "admin",
          "sessionCookie": true
        },
        {
          "sessionId": "bb33c406-d189-4951-9839-56374782106f",
          "refreshToken": "6bfafa1380f74f689d482ad03c2b06db",
          "createdTime": "Jan 16, 2024, 8:32:06 PM",
          "lastRefreshTime": "Jan 16, 2024, 9:02:56 PM",
          "clientId": "https://home.myopenhab.org",
          "redirectUri": "https://home.myopenhab.org",
          "scope": "admin",
          "sessionCookie": true
        },
        {
          "sessionId": "fdd7e903-4522-42ed-8166-42edc67cf13c",
          "refreshToken": "ab08b7338365498c8f5d488684a887d4",
          "createdTime": "Jan 16, 2024, 9:02:59 PM",
          "lastRefreshTime": "Jan 16, 2024, 9:03:01 PM",
          "clientId": "https://home.myopenhab.org",
          "redirectUri": "https://home.myopenhab.org",
          "scope": "admin",
          "sessionCookie": true
        },
        {
          "sessionId": "8612a87b-aa3f-4854-b37c-e90fa68c7719",
          "refreshToken": "4695f9b2435b4b789c4e4589263487b8",
          "createdTime": "Jan 16, 2024, 9:32:50 PM",
          "lastRefreshTime": "Jan 16, 2024, 10:01:45 PM",
          "clientId": "https://home.myopenhab.org",
          "redirectUri": "https://home.myopenhab.org",
          "scope": "admin",
          "sessionCookie": true
        },
        {
          "sessionId": "f81849af-783d-457b-ab6b-d9b935bdbe07",
          "refreshToken": "f47ca26e129e4ee68d7bc1c2b1016e12",
          "createdTime": "Jan 16, 2024, 10:14:54 PM",
          "lastRefreshTime": "Jan 16, 2024, 10:23:31 PM",
          "clientId": "https://home.myopenhab.org",
          "redirectUri": "https://home.myopenhab.org",
          "scope": "admin",
          "sessionCookie": true
        },
        {
          "sessionId": "a902a88e-e01e-41dd-ab9d-2bc21cd85200",
          "refreshToken": "3353f80faf324c478ff00a54488f5144",
          "createdTime": "Jan 16, 2024, 10:40:28 PM",
          "lastRefreshTime": "Jan 16, 2024, 10:40:28 PM",
          "clientId": "https://home.myopenhab.org",
          "redirectUri": "https://home.myopenhab.org",
          "scope": "admin",
          "sessionCookie": true
        },
        {
          "sessionId": "f5e47d2b-7c4e-4389-8d15-3abdd7924ed5",
          "refreshToken": "7c2f2775c70b46149ae8e448df19c869",
          "createdTime": "Jan 17, 2024, 8:44:58 AM",
          "lastRefreshTime": "Jan 17, 2024, 4:48:29 PM",
          "clientId": "https://home.myopenhab.org",
          "redirectUri": "https://home.myopenhab.org",
          "scope": "admin",
          "sessionCookie": true
        },
        {
          "sessionId": "dbba2bca-a52c-4299-a485-345cbac5c2e1",
          "refreshToken": "a56ede850cff4f01ad28080c2a29640c",
          "createdTime": "Jan 17, 2024, 5:02:52 PM",
          "lastRefreshTime": "Jan 17, 2024, 5:42:20 PM",
          "clientId": "https://home.myopenhab.org",
          "redirectUri": "https://home.myopenhab.org",
          "scope": "admin",
          "sessionCookie": true
        },
        {
          "sessionId": "c98e9e51-9099-484b-b0d9-bbd873926770",
          "refreshToken": "cdd90d3d8ae041bc806a2711aa6d3f68",
          "createdTime": "Jan 17, 2024, 5:52:21 PM",
          "lastRefreshTime": "Jan 19, 2024, 10:38:40 PM",
          "clientId": "http://openhabian:8080",
          "redirectUri": "http://openhabian:8080",
          "scope": "admin",
          "sessionCookie": true
        },
        {
          "sessionId": "1891e762-87ca-4ed2-932a-4030c2963f29",
          "refreshToken": "86d2352130b5453c81db90b6a37254e8",
          "createdTime": "Jan 17, 2024, 5:53:31 PM",
          "lastRefreshTime": "Jan 17, 2024, 5:53:31 PM",
          "clientId": "https://home.myopenhab.org",
          "redirectUri": "https://home.myopenhab.org",
          "scope": "admin",
          "sessionCookie": true
        },
        {
          "sessionId": "db4cd0bc-5721-4df6-95d4-2efce1d6e0d7",
          "refreshToken": "6918f9445c7f4737aad665d2704e4eef",
          "createdTime": "Jan 17, 2024, 6:07:16 PM",
          "lastRefreshTime": "Jan 17, 2024, 6:23:54 PM",
          "clientId": "https://home.myopenhab.org",
          "redirectUri": "https://home.myopenhab.org",
          "scope": "admin",
          "sessionCookie": true
        },
        {
          "sessionId": "2497d5fa-43ad-4f2a-8cd6-126c18f391a5",
          "refreshToken": "cde81077d5164c4989aba18adc7a8bac",
          "createdTime": "Jan 17, 2024, 6:56:04 PM",
          "lastRefreshTime": "Jan 17, 2024, 7:53:05 PM",
          "clientId": "https://home.myopenhab.org",
          "redirectUri": "https://home.myopenhab.org",
          "scope": "admin",
          "sessionCookie": true
        },
        {
          "sessionId": "0d01f037-dba3-4724-acf0-8e6c86fd6aae",
          "refreshToken": "609f60bcc34a4a51ac82c5928c82ca3f",
          "createdTime": "Jan 17, 2024, 8:21:49 PM",
          "lastRefreshTime": "Jan 17, 2024, 8:21:49 PM",
          "clientId": "https://home.myopenhab.org",
          "redirectUri": "https://home.myopenhab.org",
          "scope": "admin",
          "sessionCookie": true
        },
        {
          "sessionId": "33e88927-ce6f-4c46-98a6-95d3e7605840",
          "refreshToken": "60cec8f297634eb2b9cc35d0048f9c31",
          "createdTime": "Jan 17, 2024, 8:32:10 PM",
          "lastRefreshTime": "Jan 17, 2024, 8:32:10 PM",
          "clientId": "https://home.myopenhab.org",
          "redirectUri": "https://home.myopenhab.org",
          "scope": "admin",
          "sessionCookie": true
        },
        {
          "sessionId": "20bf5bc9-4e7f-432f-9f90-378b82597b89",
          "refreshToken": "98b5908e26c6488eaf68a9057e25e529",
          "createdTime": "Jan 17, 2024, 8:32:43 PM",
          "lastRefreshTime": "Jan 17, 2024, 8:32:43 PM",
          "clientId": "https://home.myopenhab.org",
          "redirectUri": "https://home.myopenhab.org",
          "scope": "admin",
          "sessionCookie": true
        },
        {
          "sessionId": "4ba65723-d728-4fdb-b830-7deb4f85a771",
          "refreshToken": "15c896c841584ba5bd97c7177863faa3",
          "createdTime": "Jan 17, 2024, 8:45:11 PM",
          "lastRefreshTime": "Jan 17, 2024, 9:59:45 PM",
          "clientId": "https://home.myopenhab.org",
          "redirectUri": "https://home.myopenhab.org",
          "scope": "admin",
          "sessionCookie": true
        },
        {
          "sessionId": "3519c72b-394b-456a-a52f-6e8883e8027c",
          "refreshToken": "a78fd01bfa234dc1babfbedbcf109e89",
          "createdTime": "Jan 17, 2024, 10:27:20 PM",
          "lastRefreshTime": "Jan 17, 2024, 10:39:07 PM",
          "clientId": "https://home.myopenhab.org",
          "redirectUri": "https://home.myopenhab.org",
          "scope": "admin",
          "sessionCookie": true
        },
        {
          "sessionId": "fd424603-d878-4004-bf27-50da4463cd45",
          "refreshToken": "bc88be30331d4c0493bf9fe087d11c8e",
          "createdTime": "Jan 17, 2024, 10:58:36 PM",
          "lastRefreshTime": "Jan 17, 2024, 11:55:38 PM",
          "clientId": "https://home.myopenhab.org",
          "redirectUri": "https://home.myopenhab.org",
          "scope": "admin",
          "sessionCookie": true
        },
        {
          "sessionId": "dd3447c1-c9a2-4973-b40c-bddde320dfc9",
          "refreshToken": "ec36820aba39484caf6277502b8acac1",
          "createdTime": "Jan 18, 2024, 8:53:34 AM",
          "lastRefreshTime": "Jan 18, 2024, 1:38:02 PM",
          "clientId": "https://home.myopenhab.org",
          "redirectUri": "https://home.myopenhab.org",
          "scope": "admin",
          "sessionCookie": true
        },
        {
          "sessionId": "e1c8a710-95f3-43d7-8e8a-4f108b1bb4d7",
          "refreshToken": "97ace71a8c34479f98cc496c8042baf2",
          "createdTime": "Jan 18, 2024, 2:32:28 PM",
          "lastRefreshTime": "Jan 18, 2024, 2:32:28 PM",
          "clientId": "https://home.myopenhab.org",
          "redirectUri": "https://home.myopenhab.org",
          "scope": "admin",
          "sessionCookie": true
        },
        {
          "sessionId": "b6251686-9207-45dd-b141-bea5dcf3c5e7",
          "refreshToken": "c2cdee86615247079f91c9e75e0c3bce",
          "createdTime": "Jan 18, 2024, 2:36:15 PM",
          "lastRefreshTime": "Jan 18, 2024, 2:36:15 PM",
          "clientId": "https://home.myopenhab.org",
          "redirectUri": "https://home.myopenhab.org",
          "scope": "admin",
          "sessionCookie": true
        },
        {
          "sessionId": "5b05683a-7a26-4f1f-a592-991fc2461e1f",
          "refreshToken": "797541e9a77d483ea080e7fa329a0b3b",
          "createdTime": "Jan 18, 2024, 6:06:14 PM",
          "lastRefreshTime": "Jan 18, 2024, 7:44:52 PM",
          "clientId": "https://home.myopenhab.org",
          "redirectUri": "https://home.myopenhab.org",
          "scope": "admin",
          "sessionCookie": true
        },
        {
          "sessionId": "f6829c13-c7b4-48b7-8bf2-a44ce883e6d9",
          "refreshToken": "82421cfc27e04e9fa63ee64e0186b071",
          "createdTime": "Jan 18, 2024, 7:45:19 PM",
          "lastRefreshTime": "Jan 18, 2024, 8:52:13 PM",
          "clientId": "https://home.myopenhab.org",
          "redirectUri": "https://home.myopenhab.org",
          "scope": "admin",
          "sessionCookie": true
        },
        {
          "sessionId": "70263296-2e65-4cea-a731-421097bb533f",
          "refreshToken": "7e9b7b3bb60e494a8fe750ed69b983ea",
          "createdTime": "Jan 19, 2024, 12:04:48 AM",
          "lastRefreshTime": "Jan 19, 2024, 12:53:27 AM",
          "clientId": "https://home.myopenhab.org",
          "redirectUri": "https://home.myopenhab.org",
          "scope": "admin",
          "sessionCookie": true
        },
        {
          "sessionId": "0b4d7330-b669-4792-8ba6-6cef1b3e31b8",
          "refreshToken": "cefa29362525483cb5a6ff1ca4361afd",
          "createdTime": "Jan 19, 2024, 7:55:39 AM",
          "lastRefreshTime": "Jan 19, 2024, 10:30:43 AM",
          "clientId": "https://home.myopenhab.org",
          "redirectUri": "https://home.myopenhab.org",
          "scope": "admin",
          "sessionCookie": true
        },
        {
          "sessionId": "d37d4b8f-4766-4430-b08f-786ab5966d42",
          "refreshToken": "6a47db5fcfcc4050a6fc8171cfd188ad",
          "createdTime": "Jan 19, 2024, 1:24:32 PM",
          "lastRefreshTime": "Jan 19, 2024, 1:25:22 PM",
          "clientId": "https://home.myopenhab.org",
          "redirectUri": "https://home.myopenhab.org",
          "scope": "admin",
          "sessionCookie": true
        },
        {
          "sessionId": "b5638550-4b79-47b8-a287-bc3596dfb8f5",
          "refreshToken": "753df814a5594a1ebce4add829194591",
          "createdTime": "Jan 19, 2024, 1:35:20 PM",
          "lastRefreshTime": "Jan 19, 2024, 1:35:20 PM",
          "clientId": "https://home.myopenhab.org",
          "redirectUri": "https://home.myopenhab.org",
          "scope": "admin",
          "sessionCookie": true
        },
        {
          "sessionId": "9602f83b-3bcd-4869-a97a-7b10be9d6f75",
          "refreshToken": "4827bfca25e24a1eaed9ce11ab0f57f0",
          "createdTime": "Jan 19, 2024, 1:47:28 PM",
          "lastRefreshTime": "Jan 19, 2024, 2:54:05 PM",
          "clientId": "https://home.myopenhab.org",
          "redirectUri": "https://home.myopenhab.org",
          "scope": "admin",
          "sessionCookie": true
        },
        {
          "sessionId": "9076d92a-c041-48ea-8d86-c07e3f9ef3e4",
          "refreshToken": "99396d0875674472888fa7295c72f059",
          "createdTime": "Jan 19, 2024, 3:55:49 PM",
          "lastRefreshTime": "Jan 19, 2024, 3:58:36 PM",
          "clientId": "https://home.myopenhab.org",
          "redirectUri": "https://home.myopenhab.org",
          "scope": "admin",
          "sessionCookie": true
        },
        {
          "sessionId": "d0076d4f-afb2-4c15-8d35-f783142058c5",
          "refreshToken": "b590aff3e4dc462da41ec257a60ecb99",
          "createdTime": "Jan 19, 2024, 4:17:13 PM",
          "lastRefreshTime": "Jan 19, 2024, 4:56:55 PM",
          "clientId": "https://home.myopenhab.org",
          "redirectUri": "https://home.myopenhab.org",
          "scope": "admin",
          "sessionCookie": true
        },
        {
          "sessionId": "4a2c4755-ba6b-49c8-ac2b-7a9edd065bcf",
          "refreshToken": "9a445f4e4b9f4b509354858f2bf4520f",
          "createdTime": "Jan 19, 2024, 5:07:47 PM",
          "lastRefreshTime": "Jan 19, 2024, 5:07:47 PM",
          "clientId": "https://home.myopenhab.org",
          "redirectUri": "https://home.myopenhab.org",
          "scope": "admin",
          "sessionCookie": true
        },
        {
          "sessionId": "64a62b9e-b61d-4c73-84a9-52804361dc6d",
          "refreshToken": "ce31d2a241884a0ca520e406b2a1d310",
          "createdTime": "Jan 19, 2024, 7:05:05 PM",
          "lastRefreshTime": "Jan 19, 2024, 8:22:41 PM",
          "clientId": "https://home.myopenhab.org",
          "redirectUri": "https://home.myopenhab.org",
          "scope": "admin",
          "sessionCookie": true
        },
        {
          "sessionId": "9c381e5a-33c7-4310-a4df-9db0fae8449d",
          "refreshToken": "4068620d2d5247efaba7fecf9e82f0d6",
          "createdTime": "Jan 19, 2024, 10:48:31 PM",
          "lastRefreshTime": "Jan 24, 2024, 12:17:29 AM",
          "clientId": "http://openhabian:8080",
          "redirectUri": "http://openhabian:8080",
          "scope": "admin",
          "sessionCookie": true
        },
        {
          "sessionId": "135cb274-4c52-431b-b080-d660614dd739",
          "refreshToken": "cebfc96b3da24e638bba7b02dc3d0ea8",
          "createdTime": "Jan 19, 2024, 10:53:22 PM",
          "lastRefreshTime": "Jan 19, 2024, 11:36:12 PM",
          "clientId": "https://home.myopenhab.org",
          "redirectUri": "https://home.myopenhab.org",
          "scope": "admin",
          "sessionCookie": true
        },
        {
          "sessionId": "7706b635-b166-4dcf-9cff-f90f57e35b42",
          "refreshToken": "982a33c8496b455593e8a8af46a810eb",
          "createdTime": "Jan 20, 2024, 4:26:06 PM",
          "lastRefreshTime": "Jan 20, 2024, 11:24:25 PM",
          "clientId": "https://home.myopenhab.org",
          "redirectUri": "https://home.myopenhab.org",
          "scope": "admin",
          "sessionCookie": true
        },
        {
          "sessionId": "602ddc0d-6a69-4bab-ac1e-342c61c6e8db",
          "refreshToken": "a72f2991409f4e46bc0f754782db5a8d",
          "createdTime": "Jan 21, 2024, 12:10:20 AM",
          "lastRefreshTime": "Jan 21, 2024, 12:26:44 PM",
          "clientId": "https://home.myopenhab.org",
          "redirectUri": "https://home.myopenhab.org",
          "scope": "admin",
          "sessionCookie": true
        },
        {
          "sessionId": "b0520ca0-0e03-4936-b12b-5b4ea55f70a9",
          "refreshToken": "9cd4ee98e02d44bfb31817a61dcc5cb0",
          "createdTime": "Jan 21, 2024, 12:27:15 PM",
          "lastRefreshTime": "Jan 21, 2024, 12:27:15 PM",
          "clientId": "https://home.myopenhab.org",
          "redirectUri": "https://home.myopenhab.org",
          "scope": "admin",
          "sessionCookie": true
        },
        {
          "sessionId": "3165cbd3-de3d-4df1-83d2-c4333bc2aa16",
          "refreshToken": "88bddd611ca849b8a062edada9fe4c98",
          "createdTime": "Jan 21, 2024, 12:27:51 PM",
          "lastRefreshTime": "Jan 21, 2024, 12:31:42 PM",
          "clientId": "https://home.myopenhab.org",
          "redirectUri": "https://home.myopenhab.org",
          "scope": "admin",
          "sessionCookie": true
        },
        {
          "sessionId": "a947b9f2-205c-4d74-8f09-37bfacb8c31d",
          "refreshToken": "a2280f9e38354c4d8d5536430977f4e5",
          "createdTime": "Jan 21, 2024, 12:47:33 PM",
          "lastRefreshTime": "Jan 21, 2024, 2:15:18 PM",
          "clientId": "https://home.myopenhab.org",
          "redirectUri": "https://home.myopenhab.org",
          "scope": "admin",
          "sessionCookie": true
        },
        {
          "sessionId": "272e1185-5340-4249-b624-6ffce018a27b",
          "refreshToken": "a2c9465c1e6e41af88fd5f8789cdd030",
          "createdTime": "Jan 21, 2024, 2:25:44 PM",
          "lastRefreshTime": "Jan 21, 2024, 2:27:55 PM",
          "clientId": "https://home.myopenhab.org",
          "redirectUri": "https://home.myopenhab.org",
          "scope": "admin",
          "sessionCookie": true
        },
        {
          "sessionId": "b4eaa948-dfcd-4a22-ac8a-0787865711ea",
          "refreshToken": "fe6e3a419d7b44ebaf6080b41d73d254",
          "createdTime": "Jan 21, 2024, 2:59:36 PM",
          "lastRefreshTime": "Jan 21, 2024, 4:23:52 PM",
          "clientId": "https://home.myopenhab.org",
          "redirectUri": "https://home.myopenhab.org",
          "scope": "admin",
          "sessionCookie": true
        },
        {
          "sessionId": "a7f8cfb7-a663-449f-bd67-512bf8113eb6",
          "refreshToken": "71bc9629336b4a2e8f079e633877d64f",
          "createdTime": "Jan 21, 2024, 4:51:52 PM",
          "lastRefreshTime": "Jan 21, 2024, 4:51:52 PM",
          "clientId": "https://home.myopenhab.org",
          "redirectUri": "https://home.myopenhab.org",
          "scope": "admin",
          "sessionCookie": true
        },
        {
          "sessionId": "fe241734-c0ab-4925-995c-fc7a763d70a0",
          "refreshToken": "09aaaa919cc74c7da9d7fa9886153f41",
          "createdTime": "Jan 21, 2024, 4:58:19 PM",
          "lastRefreshTime": "Jan 21, 2024, 5:03:49 PM",
          "clientId": "https://home.myopenhab.org",
          "redirectUri": "https://home.myopenhab.org",
          "scope": "admin",
          "sessionCookie": true
        },
        {
          "sessionId": "26c9fae7-ef36-4cbe-8948-c7d5fdd3af5b",
          "refreshToken": "e7e773c28437422aa85c7ee6fcaa6a17",
          "createdTime": "Jan 21, 2024, 5:23:52 PM",
          "lastRefreshTime": "Jan 21, 2024, 5:23:52 PM",
          "clientId": "https://home.myopenhab.org",
          "redirectUri": "https://home.myopenhab.org",
          "scope": "admin",
          "sessionCookie": true
        },
        {
          "sessionId": "0ace9f37-9435-4354-b6c2-3db790a14d8d",
          "refreshToken": "c7f94952a4474fdfa46e8fc882802d44",
          "createdTime": "Jan 21, 2024, 7:06:37 PM",
          "lastRefreshTime": "Jan 21, 2024, 8:09:19 PM",
          "clientId": "https://home.myopenhab.org",
          "redirectUri": "https://home.myopenhab.org",
          "scope": "admin",
          "sessionCookie": true
        },
        {
          "sessionId": "cf1c4010-1e64-42ec-a510-baa586664b7d",
          "refreshToken": "02cc19f2e4344edebe9e97efd4219ce1",
          "createdTime": "Jan 21, 2024, 9:11:44 PM",
          "lastRefreshTime": "Jan 21, 2024, 9:11:44 PM",
          "clientId": "https://home.myopenhab.org",
          "redirectUri": "https://home.myopenhab.org",
          "scope": "admin",
          "sessionCookie": true
        },
        {
          "sessionId": "fe67d169-5e2c-4952-ac89-1313897b5197",
          "refreshToken": "3be6029b83234c3bac73ea61293ca9c0",
          "createdTime": "Jan 21, 2024, 9:29:22 PM",
          "lastRefreshTime": "Jan 21, 2024, 9:29:22 PM",
          "clientId": "https://home.myopenhab.org",
          "redirectUri": "https://home.myopenhab.org",
          "scope": "admin",
          "sessionCookie": true
        },
        {
          "sessionId": "b52b76ee-71bb-4b41-867f-210ca7957fb9",
          "refreshToken": "95fb946fe7cc486b916360850174ba76",
          "createdTime": "Jan 22, 2024, 9:14:51 AM",
          "lastRefreshTime": "Jan 22, 2024, 9:14:51 AM",
          "clientId": "https://home.myopenhab.org",
          "redirectUri": "https://home.myopenhab.org",
          "scope": "admin",
          "sessionCookie": true
        },
        {
          "sessionId": "cdd3a3ff-c610-4280-854a-d069872442bb",
          "refreshToken": "c3de27bc00844c7abf7cb6a3d7b031bf",
          "createdTime": "Jan 22, 2024, 9:26:55 AM",
          "lastRefreshTime": "Jan 22, 2024, 9:59:35 AM",
          "clientId": "https://home.myopenhab.org",
          "redirectUri": "https://home.myopenhab.org",
          "scope": "admin",
          "sessionCookie": true
        },
        {
          "sessionId": "e6d1c3ce-6efb-49ce-a36b-1edcf2ee8e69",
          "refreshToken": "7be5009156724f7bad0ff11c9090c2ef",
          "createdTime": "Jan 22, 2024, 10:36:31 AM",
          "lastRefreshTime": "Jan 22, 2024, 10:39:30 AM",
          "clientId": "https://home.myopenhab.org",
          "redirectUri": "https://home.myopenhab.org",
          "scope": "admin",
          "sessionCookie": true
        },
        {
          "sessionId": "4a382967-2e0c-4360-9720-189871dcfb81",
          "refreshToken": "2513185c65964aa4a4f327194282d457",
          "createdTime": "Jan 22, 2024, 11:02:25 AM",
          "lastRefreshTime": "Jan 22, 2024, 12:43:01 PM",
          "clientId": "https://home.myopenhab.org",
          "redirectUri": "https://home.myopenhab.org",
          "scope": "admin",
          "sessionCookie": true
        },
        {
          "sessionId": "192d1515-89b6-4507-96cf-9682bb964483",
          "refreshToken": "cfeac3d5d84e474c914d8f7ee2a4b7bc",
          "createdTime": "Jan 22, 2024, 12:43:19 PM",
          "lastRefreshTime": "Jan 22, 2024, 12:43:19 PM",
          "clientId": "https://home.myopenhab.org",
          "redirectUri": "https://home.myopenhab.org",
          "scope": "admin",
          "sessionCookie": true
        },
        {
          "sessionId": "ff5704ab-1f95-44ba-b375-a433600361c0",
          "refreshToken": "84729d114a864edcb1d738e95d9477f1",
          "createdTime": "Jan 22, 2024, 12:48:29 PM",
          "lastRefreshTime": "Jan 22, 2024, 1:08:33 PM",
          "clientId": "https://home.myopenhab.org",
          "redirectUri": "https://home.myopenhab.org",
          "scope": "admin",
          "sessionCookie": true
        },
        {
          "sessionId": "1c1f9c1a-0192-4c63-8a87-3f981329d00c",
          "refreshToken": "3374015e291d4b6a91435a117cea16fc",
          "createdTime": "Jan 22, 2024, 1:13:10 PM",
          "lastRefreshTime": "Jan 22, 2024, 3:50:27 PM",
          "clientId": "https://home.myopenhab.org",
          "redirectUri": "https://home.myopenhab.org",
          "scope": "admin",
          "sessionCookie": true
        },
        {
          "sessionId": "f1adbb87-da11-4f13-99b2-2a4cccb392b2",
          "refreshToken": "4cfcae1e699b4866b098e7ff6170ed62",
          "createdTime": "Jan 22, 2024, 4:03:12 PM",
          "lastRefreshTime": "Jan 22, 2024, 4:03:12 PM",
          "clientId": "https://home.myopenhab.org",
          "redirectUri": "https://home.myopenhab.org",
          "scope": "admin",
          "sessionCookie": true
        },
        {
          "sessionId": "06b44071-6f5e-4091-b741-bb550ebfef0e",
          "refreshToken": "a8e0ea6dea08461b974e7b63765634cc",
          "createdTime": "Jan 22, 2024, 4:07:50 PM",
          "lastRefreshTime": "Jan 22, 2024, 4:22:16 PM",
          "clientId": "https://home.myopenhab.org",
          "redirectUri": "https://home.myopenhab.org",
          "scope": "admin",
          "sessionCookie": true
        },
        {
          "sessionId": "22c8bce9-ebcb-475e-9d49-585c5b1219d4",
          "refreshToken": "c12fedd1330b466b8a5d471a0a355dbe",
          "createdTime": "Jan 22, 2024, 5:01:32 PM",
          "lastRefreshTime": "Jan 22, 2024, 5:39:23 PM",
          "clientId": "https://home.myopenhab.org",
          "redirectUri": "https://home.myopenhab.org",
          "scope": "admin",
          "sessionCookie": true
        },
        {
          "sessionId": "77f57d45-027c-42c8-af4f-ab43931df11a",
          "refreshToken": "1c6ba9d347bb4f3595048e95d44edfeb",
          "createdTime": "Jan 22, 2024, 5:48:37 PM",
          "lastRefreshTime": "Jan 22, 2024, 7:37:23 PM",
          "clientId": "https://home.myopenhab.org",
          "redirectUri": "https://home.myopenhab.org",
          "scope": "admin",
          "sessionCookie": true
        },
        {
          "sessionId": "a73eb1af-7c69-4401-8d0f-6f47698e06e7",
          "refreshToken": "b8b3be902543452d92adb6618e5a8540",
          "createdTime": "Jan 22, 2024, 7:38:14 PM",
          "lastRefreshTime": "Jan 22, 2024, 7:38:14 PM",
          "clientId": "https://home.myopenhab.org",
          "redirectUri": "https://home.myopenhab.org",
          "scope": "admin",
          "sessionCookie": true
        },
        {
          "sessionId": "694df483-0f87-4175-b37d-0d34f7507b96",
          "refreshToken": "1a20b22a1c5c4f2b9afe434bb54efe33",
          "createdTime": "Jan 22, 2024, 8:35:05 PM",
          "lastRefreshTime": "Jan 22, 2024, 8:35:05 PM",
          "clientId": "https://home.myopenhab.org",
          "redirectUri": "https://home.myopenhab.org",
          "scope": "admin",
          "sessionCookie": true
        },
        {
          "sessionId": "36282326-fdd6-4404-9a34-828a8208d0da",
          "refreshToken": "e5b9721bcdd04d67af4837d46915ace9",
          "createdTime": "Jan 22, 2024, 8:43:51 PM",
          "lastRefreshTime": "Jan 22, 2024, 8:43:59 PM",
          "clientId": "https://home.myopenhab.org",
          "redirectUri": "https://home.myopenhab.org",
          "scope": "admin",
          "sessionCookie": true
        },
        {
          "sessionId": "73d43d20-c9ce-41cd-8c75-d8106f232c80",
          "refreshToken": "0a2f4f62d20d41c8a3dc3fb09fa39c72",
          "createdTime": "Jan 22, 2024, 9:04:44 PM",
          "lastRefreshTime": "Jan 22, 2024, 9:04:44 PM",
          "clientId": "https://home.myopenhab.org",
          "redirectUri": "https://home.myopenhab.org",
          "scope": "admin",
          "sessionCookie": true
        },
        {
          "sessionId": "82d1c783-ebb5-4bc7-b802-20d500d8f87d",
          "refreshToken": "cc63f7041c5545ab9933674ed166baee",
          "createdTime": "Jan 22, 2024, 9:12:08 PM",
          "lastRefreshTime": "Jan 22, 2024, 9:12:08 PM",
          "clientId": "https://home.myopenhab.org",
          "redirectUri": "https://home.myopenhab.org",
          "scope": "admin",
          "sessionCookie": true
        },
        {
          "sessionId": "cfcf0813-b6c7-40bd-b779-e7e6451857d7",
          "refreshToken": "908a13463dc84e129df207af24ee0a28",
          "createdTime": "Jan 22, 2024, 9:19:11 PM",
          "lastRefreshTime": "Jan 22, 2024, 9:25:35 PM",
          "clientId": "https://home.myopenhab.org",
          "redirectUri": "https://home.myopenhab.org",
          "scope": "admin",
          "sessionCookie": true
        },
        {
          "sessionId": "5e031dd8-4425-4205-bcd8-628d8dad0d86",
          "refreshToken": "8e4072939cc647c8925d08432abc533e",
          "createdTime": "Jan 22, 2024, 9:31:45 PM",
          "lastRefreshTime": "Jan 22, 2024, 11:12:40 PM",
          "clientId": "https://home.myopenhab.org",
          "redirectUri": "https://home.myopenhab.org",
          "scope": "admin",
          "sessionCookie": true
        },
        {
          "sessionId": "ff3b64ca-47ee-41d4-9195-e3f1bed2ef35",
          "refreshToken": "277603b5f65f4f69a3453e379e7fe938",
          "createdTime": "Jan 23, 2024, 8:50:43 AM",
          "lastRefreshTime": "Jan 23, 2024, 9:01:24 AM",
          "clientId": "https://home.myopenhab.org",
          "redirectUri": "https://home.myopenhab.org",
          "scope": "admin",
          "sessionCookie": true
        },
        {
          "sessionId": "8ce73880-6636-422e-916e-5a9614dffe14",
          "refreshToken": "766deb504bf54112995bfd3190c1776d",
          "createdTime": "Jan 23, 2024, 10:39:45 AM",
          "lastRefreshTime": "Jan 23, 2024, 10:39:45 AM",
          "clientId": "https://home.myopenhab.org",
          "redirectUri": "https://home.myopenhab.org",
          "scope": "admin",
          "sessionCookie": true
        },
        {
          "sessionId": "99876fdd-4ac6-4ea4-b228-2d6ee94e7453",
          "refreshToken": "87b5324496904683b7582f4fa6df14bb",
          "createdTime": "Jan 23, 2024, 12:31:57 PM",
          "lastRefreshTime": "Jan 23, 2024, 12:31:57 PM",
          "clientId": "https://home.myopenhab.org",
          "redirectUri": "https://home.myopenhab.org",
          "scope": "admin",
          "sessionCookie": true
        },
        {
          "sessionId": "c2476d19-9bc9-4a89-a2a2-ea18b7ae1208",
          "refreshToken": "d15e8837b2a843fe9bfb9c1e9282f589",
          "createdTime": "Jan 23, 2024, 1:02:27 PM",
          "lastRefreshTime": "Jan 23, 2024, 1:02:27 PM",
          "clientId": "https://home.myopenhab.org",
          "redirectUri": "https://home.myopenhab.org",
          "scope": "admin",
          "sessionCookie": true
        },
        {
          "sessionId": "6e00a25a-702e-4793-a24a-a2915e9c3340",
          "refreshToken": "52e139b42d0741caa5d09de2b22aa892",
          "createdTime": "Jan 23, 2024, 1:14:19 PM",
          "lastRefreshTime": "Jan 23, 2024, 2:01:20 PM",
          "clientId": "https://home.myopenhab.org",
          "redirectUri": "https://home.myopenhab.org",
          "scope": "admin",
          "sessionCookie": true
        },
        {
          "sessionId": "2fb853c2-de42-465a-bf7a-0d2447894497",
          "refreshToken": "07044b2962cd41e392258606f885321d",
          "createdTime": "Jan 23, 2024, 2:48:22 PM",
          "lastRefreshTime": "Jan 23, 2024, 3:24:53 PM",
          "clientId": "https://home.myopenhab.org",
          "redirectUri": "https://home.myopenhab.org",
          "scope": "admin",
          "sessionCookie": true
        },
        {
          "sessionId": "243c815f-b392-4d96-99cb-113c98232439",
          "refreshToken": "0742e69f690b461c84188ffd8ded81b9",
          "createdTime": "Jan 23, 2024, 3:36:57 PM",
          "lastRefreshTime": "Jan 23, 2024, 3:36:57 PM",
          "clientId": "https://home.myopenhab.org",
          "redirectUri": "https://home.myopenhab.org",
          "scope": "admin",
          "sessionCookie": true
        },
        {
          "sessionId": "0466fc4f-7d83-4608-9211-5dcb832c6fcc",
          "refreshToken": "255281ca74654184892b92d91c5c6890",
          "createdTime": "Jan 23, 2024, 4:34:51 PM",
          "lastRefreshTime": "Jan 23, 2024, 4:41:22 PM",
          "clientId": "https://home.myopenhab.org",
          "redirectUri": "https://home.myopenhab.org",
          "scope": "admin",
          "sessionCookie": true
        },
        {
          "sessionId": "0cc63c0c-f358-497c-8a40-12a4e06b0c67",
          "refreshToken": "bcfad2ac8a174789b0a6121e355bc8a8",
          "createdTime": "Jan 23, 2024, 4:58:00 PM",
          "lastRefreshTime": "Jan 23, 2024, 5:07:43 PM",
          "clientId": "https://home.myopenhab.org",
          "redirectUri": "https://home.myopenhab.org",
          "scope": "admin",
          "sessionCookie": true
        },
        {
          "sessionId": "1ab766a3-0d18-4aee-a866-bc2d5fda9457",
          "refreshToken": "80345b26adb5497ea8fc40167e6daaf8",
          "createdTime": "Jan 23, 2024, 5:28:27 PM",
          "lastRefreshTime": "Jan 23, 2024, 6:05:27 PM",
          "clientId": "https://home.myopenhab.org",
          "redirectUri": "https://home.myopenhab.org",
          "scope": "admin",
          "sessionCookie": true
        },
        {
          "sessionId": "feab0cf9-f77c-43d1-9ff4-f780f4fae917",
          "refreshToken": "e3b24406197746aba230d819d770a96c",
          "createdTime": "Jan 23, 2024, 6:05:47 PM",
          "lastRefreshTime": "Jan 23, 2024, 6:05:47 PM",
          "clientId": "https://home.myopenhab.org",
          "redirectUri": "https://home.myopenhab.org",
          "scope": "admin",
          "sessionCookie": true
        },
        {
          "sessionId": "4839520c-b5c1-4dbe-8cf0-9c7d44194e6f",
          "refreshToken": "40bb8dc3f7564f4aad4a3de43b560b2e",
          "createdTime": "Jan 23, 2024, 6:09:44 PM",
          "lastRefreshTime": "Jan 23, 2024, 6:21:38 PM",
          "clientId": "https://home.myopenhab.org",
          "redirectUri": "https://home.myopenhab.org",
          "scope": "admin",
          "sessionCookie": true
        },
        {
          "sessionId": "a25bdf28-9dea-4188-9e60-ff38a953aa47",
          "refreshToken": "fa93bc31b7b84477967a1d43ef010ccc",
          "createdTime": "Jan 23, 2024, 6:21:45 PM",
          "lastRefreshTime": "Jan 23, 2024, 6:21:46 PM",
          "clientId": "https://home.myopenhab.org",
          "redirectUri": "https://home.myopenhab.org",
          "scope": "admin",
          "sessionCookie": true
        },
        {
          "sessionId": "74a2ec0d-0de8-48aa-b101-f8d7482d6827",
          "refreshToken": "4a57db86710342f9a600a160230adfbb",
          "createdTime": "Jan 23, 2024, 6:26:49 PM",
          "lastRefreshTime": "Jan 23, 2024, 6:26:49 PM",
          "clientId": "https://home.myopenhab.org",
          "redirectUri": "https://home.myopenhab.org",
          "scope": "admin",
          "sessionCookie": true
        },
        {
          "sessionId": "8dc3f971-0c61-4063-bc86-86341c86058b",
          "refreshToken": "bdb7dfba209443418aef0ed6c6521a15",
          "createdTime": "Jan 23, 2024, 6:37:14 PM",
          "lastRefreshTime": "Jan 23, 2024, 6:37:14 PM",
          "clientId": "https://home.myopenhab.org",
          "redirectUri": "https://home.myopenhab.org",
          "scope": "admin",
          "sessionCookie": true
        },
        {
          "sessionId": "859d56eb-41cf-42a9-a303-813373b92007",
          "refreshToken": "5787262296a74255ad63b9ae8e58944e",
          "createdTime": "Jan 23, 2024, 6:38:40 PM",
          "lastRefreshTime": "Jan 23, 2024, 6:45:09 PM",
          "clientId": "https://home.myopenhab.org",
          "redirectUri": "https://home.myopenhab.org",
          "scope": "admin",
          "sessionCookie": true
        },
        {
          "sessionId": "f8d45a84-102c-4acb-9c9c-2d87b252f58e",
          "refreshToken": "8f040a0693e74b10bf7fda3cedebec5a",
          "createdTime": "Jan 23, 2024, 6:56:47 PM",
          "lastRefreshTime": "Jan 23, 2024, 7:10:18 PM",
          "clientId": "https://home.myopenhab.org",
          "redirectUri": "https://home.myopenhab.org",
          "scope": "admin",
          "sessionCookie": true
        },
        {
          "sessionId": "f1c39de6-6183-4869-826a-3db02c9a4008",
          "refreshToken": "d367014e8d134a85bfa527067d7078ed",
          "createdTime": "Jan 23, 2024, 7:20:45 PM",
          "lastRefreshTime": "Jan 23, 2024, 7:32:21 PM",
          "clientId": "https://home.myopenhab.org",
          "redirectUri": "https://home.myopenhab.org",
          "scope": "admin",
          "sessionCookie": true
        },
        {
          "sessionId": "bc9c4027-1229-48db-a231-d2b4c27733bb",
          "refreshToken": "3b02e86322054422930826c8a949bc3c",
          "createdTime": "Jan 23, 2024, 7:58:32 PM",
          "lastRefreshTime": "Jan 23, 2024, 8:32:11 PM",
          "clientId": "https://home.myopenhab.org",
          "redirectUri": "https://home.myopenhab.org",
          "scope": "admin",
          "sessionCookie": true
        },
        {
          "sessionId": "bbd79b95-084c-4a40-accd-e880f72558d4",
          "refreshToken": "d9f632eae1564f04a7d2a761b7b1bdfa",
          "createdTime": "Jan 23, 2024, 8:33:00 PM",
          "lastRefreshTime": "Jan 23, 2024, 8:33:00 PM",
          "clientId": "https://home.myopenhab.org",
          "redirectUri": "https://home.myopenhab.org",
          "scope": "admin",
          "sessionCookie": true
        },
        {
          "sessionId": "3579f03e-3852-4048-9d36-233966aee559",
          "refreshToken": "a3dad0cea8534d40bd75a75bf27caba8",
          "createdTime": "Jan 23, 2024, 8:43:25 PM",
          "lastRefreshTime": "Jan 23, 2024, 8:47:08 PM",
          "clientId": "https://home.myopenhab.org",
          "redirectUri": "https://home.myopenhab.org",
          "scope": "admin",
          "sessionCookie": true
        },
        {
          "sessionId": "fa55f0ef-5a39-4ebf-b147-e0c7d4eeb7fc",
          "refreshToken": "adc5be091aba4aa8843d5b3b9ec91439",
          "createdTime": "Jan 23, 2024, 9:00:11 PM",
          "lastRefreshTime": "Jan 23, 2024, 9:06:02 PM",
          "clientId": "https://home.myopenhab.org",
          "redirectUri": "https://home.myopenhab.org",
          "scope": "admin",
          "sessionCookie": true
        },
        {
          "sessionId": "8df17f58-cbef-4e40-a8c5-6e8b99c1fb23",
          "refreshToken": "7d6d6ad9fee04ad6929c912eca111d5d",
          "createdTime": "Jan 23, 2024, 9:30:54 PM",
          "lastRefreshTime": "Jan 23, 2024, 9:30:54 PM",
          "clientId": "https://home.myopenhab.org",
          "redirectUri": "https://home.myopenhab.org",
          "scope": "admin",
          "sessionCookie": true
        },
        {
          "sessionId": "32412ce1-a73e-4264-acd6-be16bee81117",
          "refreshToken": "6595fe9a94424ec3aaf7d40da21a0dbf",
          "createdTime": "Jan 23, 2024, 9:32:29 PM",
          "lastRefreshTime": "Jan 23, 2024, 9:32:29 PM",
          "clientId": "https://home.myopenhab.org",
          "redirectUri": "https://home.myopenhab.org",
          "scope": "admin",
          "sessionCookie": true
        },
        {
          "sessionId": "2c6cc08d-5fce-4114-b081-e871b020f631",
          "refreshToken": "0a157272f2e141f28fa87f38996e19c9",
          "createdTime": "Jan 23, 2024, 9:46:08 PM",
          "lastRefreshTime": "Jan 23, 2024, 9:46:08 PM",
          "clientId": "https://home.myopenhab.org",
          "redirectUri": "https://home.myopenhab.org",
          "scope": "admin",
          "sessionCookie": true
        },
        {
          "sessionId": "53bd0c42-90d0-4462-83f7-0631b2ae9405",
          "refreshToken": "2fcc9ee02bb14dc2a1abfaf52da173e0",
          "createdTime": "Jan 23, 2024, 9:50:48 PM",
          "lastRefreshTime": "Jan 23, 2024, 9:50:48 PM",
          "clientId": "https://home.myopenhab.org",
          "redirectUri": "https://home.myopenhab.org",
          "scope": "admin",
          "sessionCookie": true
        },
        {
          "sessionId": "0dfb5e33-0463-466d-a1fd-cf9b3e79d2dd",
          "refreshToken": "d7d713f9940f4ef7978accb9be2682ba",
          "createdTime": "Jan 23, 2024, 9:54:12 PM",
          "lastRefreshTime": "Jan 23, 2024, 9:54:41 PM",
          "clientId": "https://home.myopenhab.org",
          "redirectUri": "https://home.myopenhab.org",
          "scope": "admin",
          "sessionCookie": true
        },
        {
          "sessionId": "3057bd18-53a1-4a15-a686-4b6e1e32d89c",
          "refreshToken": "3f5ba93d61f74fbca4f129abd7b34400",
          "createdTime": "Jan 23, 2024, 9:55:30 PM",
          "lastRefreshTime": "Jan 23, 2024, 10:52:31 PM",
          "clientId": "https://home.myopenhab.org",
          "redirectUri": "https://home.myopenhab.org",
          "scope": "admin",
          "sessionCookie": true
        },
        {
          "sessionId": "e639c5d9-f6b6-46d6-9272-3aa3ad223efd",
          "refreshToken": "c25ebe38b40f41bca7d2f3d66c261344",
          "createdTime": "Jan 23, 2024, 11:02:55 PM",
          "lastRefreshTime": "Jan 23, 2024, 11:06:44 PM",
          "clientId": "https://home.myopenhab.org",
          "redirectUri": "https://home.myopenhab.org",
          "scope": "admin",
          "sessionCookie": true
        },
        {
          "sessionId": "27c51f42-9b6c-4992-b758-211b702f22e0",
          "refreshToken": "dafe7759df5844008c54de35ec99a235",
          "createdTime": "Jan 23, 2024, 11:12:55 PM",
          "lastRefreshTime": "Jan 24, 2024, 12:09:55 AM",
          "clientId": "https://home.myopenhab.org",
          "redirectUri": "https://home.myopenhab.org",
          "scope": "admin",
          "sessionCookie": true
        },
        {
          "sessionId": "3f56146d-3b24-475a-bc0f-2594d7d46cfc",
          "refreshToken": "11b955ffeb7245dd80bdca2e4971eeb0",
          "createdTime": "Jan 24, 2024, 12:46:48 AM",
          "lastRefreshTime": "Jan 24, 2024, 12:46:48 AM",
          "clientId": "http://oh3:8085",
          "redirectUri": "http://oh3:8085",
          "scope": "admin",
          "sessionCookie": true
        },
        {
          "sessionId": "ac7ab701-ec1b-4cbd-aee0-aec3525566f1",
          "refreshToken": "4fe237ebc32545798fc24665bde56a3b",
          "createdTime": "Jan 24, 2024, 12:57:41 AM",
          "lastRefreshTime": "Jan 24, 2024, 7:42:57 PM",
          "clientId": "http://oh3:8080",
          "redirectUri": "http://oh3:8080",
          "scope": "admin",
          "sessionCookie": true
        },
        {
          "sessionId": "514943f0-d518-4846-b9e2-bb3370991edd",
          "refreshToken": "b2d6bd7121da45ba87e8df0ddc485ab7",
          "createdTime": "Jan 24, 2024, 7:38:51 AM",
          "lastRefreshTime": "Jan 24, 2024, 7:38:51 AM",
          "clientId": "https://home.myopenhab.org",
          "redirectUri": "https://home.myopenhab.org",
          "scope": "admin",
          "sessionCookie": true
        },
        {
          "sessionId": "432bb35c-5852-4533-bc9c-e8eef0c7b4e9",
          "refreshToken": "cd18f805c42c4775940ab4fa7cd64ec2",
          "createdTime": "Jan 24, 2024, 8:43:59 AM",
          "lastRefreshTime": "Jan 24, 2024, 8:43:59 AM",
          "clientId": "https://home.myopenhab.org",
          "redirectUri": "https://home.myopenhab.org",
          "scope": "admin",
          "sessionCookie": true
        },
        {
          "sessionId": "ea5c49cb-c397-4d77-90ac-35da9cd0dc6e",
          "refreshToken": "21f648a7c07b4e699596249cc4fa7836",
          "createdTime": "Jan 24, 2024, 9:04:38 AM",
          "lastRefreshTime": "Jan 24, 2024, 9:17:22 AM",
          "clientId": "https://home.myopenhab.org",
          "redirectUri": "https://home.myopenhab.org",
          "scope": "admin",
          "sessionCookie": true
        },
        {
          "sessionId": "94dbbb34-4bfe-43d7-97ad-d13196ba3864",
          "refreshToken": "b0b684e9563549d7b8f378cfcc45a425",
          "createdTime": "Jan 24, 2024, 9:43:14 AM",
          "lastRefreshTime": "Jan 24, 2024, 9:43:14 AM",
          "clientId": "https://home.myopenhab.org",
          "redirectUri": "https://home.myopenhab.org",
          "scope": "admin",
          "sessionCookie": true
        },
        {
          "sessionId": "0b76bade-6626-4954-ae8e-4fba135ed14e",
          "refreshToken": "4deccfb3d2f545e5a085ae64965178b9",
          "createdTime": "Jan 24, 2024, 10:25:24 AM",
          "lastRefreshTime": "Jan 24, 2024, 10:26:34 AM",
          "clientId": "https://home.myopenhab.org",
          "redirectUri": "https://home.myopenhab.org",
          "scope": "admin",
          "sessionCookie": true
        },
        {
          "sessionId": "a2b5ccdb-3c4c-46f5-be38-b8e826b7f720",
          "refreshToken": "f65e1e0307264cb59a2df02c3193ba14",
          "createdTime": "Jan 24, 2024, 10:46:06 AM",
          "lastRefreshTime": "Jan 24, 2024, 10:46:06 AM",
          "clientId": "https://home.myopenhab.org",
          "redirectUri": "https://home.myopenhab.org",
          "scope": "admin",
          "sessionCookie": true
        },
        {
          "sessionId": "f13d0f7b-7518-4b14-a70d-759e0794398e",
          "refreshToken": "89c93b416cfa49b69345f7450ee767ef",
          "createdTime": "Jan 24, 2024, 10:53:15 AM",
          "lastRefreshTime": "Jan 24, 2024, 10:59:40 AM",
          "clientId": "https://home.myopenhab.org",
          "redirectUri": "https://home.myopenhab.org",
          "scope": "admin",
          "sessionCookie": true
        },
        {
          "sessionId": "c50edde6-9c70-4793-91f5-158af4115ae5",
          "refreshToken": "0e3a7522bd574cd38b22a38c30a226fe",
          "createdTime": "Jan 24, 2024, 11:58:02 AM",
          "lastRefreshTime": "Jan 24, 2024, 12:07:51 PM",
          "clientId": "https://home.myopenhab.org",
          "redirectUri": "https://home.myopenhab.org",
          "scope": "admin",
          "sessionCookie": true
        },
        {
          "sessionId": "f7f53a0a-7a3e-4182-aeb1-fcab9e2c7fbd",
          "refreshToken": "8e06ff0447a5464c9a2ed05efd88abd9",
          "createdTime": "Jan 24, 2024, 12:13:57 PM",
          "lastRefreshTime": "Jan 24, 2024, 12:16:08 PM",
          "clientId": "https://home.myopenhab.org",
          "redirectUri": "https://home.myopenhab.org",
          "scope": "admin",
          "sessionCookie": true
        },
        {
          "sessionId": "a2517d26-3479-49bc-8cf6-1eaba8a029b1",
          "refreshToken": "6ced542c29e0445184b14ebf007a3b1a",
          "createdTime": "Jan 24, 2024, 12:19:18 PM",
          "lastRefreshTime": "Jan 24, 2024, 12:19:18 PM",
          "clientId": "https://home.myopenhab.org",
          "redirectUri": "https://home.myopenhab.org",
          "scope": "admin",
          "sessionCookie": true
        },
        {
          "sessionId": "351d7472-62f0-4a1d-b2db-0598e3781123",
          "refreshToken": "b72a1d61bc8d40d8b896768aa90bcd5c",
          "createdTime": "Jan 24, 2024, 12:20:29 PM",
          "lastRefreshTime": "Jan 24, 2024, 12:20:29 PM",
          "clientId": "https://home.myopenhab.org",
          "redirectUri": "https://home.myopenhab.org",
          "scope": "admin",
          "sessionCookie": true
        },
        {
          "sessionId": "a5e78608-e92d-4571-9aa0-e568402bd26d",
          "refreshToken": "53d3f4763cda49199c4aa9ae28f958d7",
          "createdTime": "Jan 24, 2024, 12:23:19 PM",
          "lastRefreshTime": "Jan 24, 2024, 12:23:19 PM",
          "clientId": "https://home.myopenhab.org",
          "redirectUri": "https://home.myopenhab.org",
          "scope": "admin",
          "sessionCookie": true
        },
        {
          "sessionId": "56b0cc56-f5d8-49d7-b8b9-c21b2e1bad2b",
          "refreshToken": "ce8f11b369f542c0b22c279eaca2e159",
          "createdTime": "Jan 24, 2024, 12:26:32 PM",
          "lastRefreshTime": "Jan 24, 2024, 12:26:32 PM",
          "clientId": "https://home.myopenhab.org",
          "redirectUri": "https://home.myopenhab.org",
          "scope": "admin",
          "sessionCookie": true
        },
        {
          "sessionId": "fc57dacf-92a8-4b45-a096-d93324645ebb",
          "refreshToken": "159f4f233270429483f9e454d02d4a86",
          "createdTime": "Jan 24, 2024, 12:26:40 PM",
          "lastRefreshTime": "Jan 24, 2024, 12:31:45 PM",
          "clientId": "https://home.myopenhab.org",
          "redirectUri": "https://home.myopenhab.org",
          "scope": "admin",
          "sessionCookie": true
        },
        {
          "sessionId": "47f35919-5184-4a8b-bf27-87da49c44298",
          "refreshToken": "c222a02aa34748d4a78782967e6874b1",
          "createdTime": "Jan 24, 2024, 12:34:27 PM",
          "lastRefreshTime": "Jan 24, 2024, 12:34:27 PM",
          "clientId": "https://home.myopenhab.org",
          "redirectUri": "https://home.myopenhab.org",
          "scope": "admin",
          "sessionCookie": true
        },
        {
          "sessionId": "d7add9e4-cce6-451d-9c98-937f5a6f7a53",
          "refreshToken": "92e3b5bd1fd84b759d3408c80f8cf2eb",
          "createdTime": "Jan 24, 2024, 12:44:55 PM",
          "lastRefreshTime": "Jan 24, 2024, 1:47:03 PM",
          "clientId": "https://home.myopenhab.org",
          "redirectUri": "https://home.myopenhab.org",
          "scope": "admin",
          "sessionCookie": true
        },
        {
          "sessionId": "71f8eee7-7dac-4933-ad44-cc91d968a3fa",
          "refreshToken": "4b963a16cf9d4b44b2570d3434f80341",
          "createdTime": "Jan 24, 2024, 2:18:54 PM",
          "lastRefreshTime": "Jan 24, 2024, 2:18:54 PM",
          "clientId": "https://home.myopenhab.org",
          "redirectUri": "https://home.myopenhab.org",
          "scope": "admin",
          "sessionCookie": true
        },
        {
          "sessionId": "8b099aaf-fdb3-4d22-99de-28d8996bcc39",
          "refreshToken": "e66e8818f3524582b6da151eebadb6cd",
          "createdTime": "Jan 24, 2024, 2:32:58 PM",
          "lastRefreshTime": "Jan 24, 2024, 4:07:08 PM",
          "clientId": "https://home.myopenhab.org",
          "redirectUri": "https://home.myopenhab.org",
          "scope": "admin",
          "sessionCookie": true
        },
        {
          "sessionId": "f7eb9715-86c6-4cc4-9eb9-f4316cf8c0d0",
          "refreshToken": "8e2968fbc3fb42b0a1a36ae144663acf",
          "createdTime": "Jan 24, 2024, 6:02:00 PM",
          "lastRefreshTime": "Jan 24, 2024, 6:52:07 PM",
          "clientId": "https://home.myopenhab.org",
          "redirectUri": "https://home.myopenhab.org",
          "scope": "admin",
          "sessionCookie": true
        }
      ],
      "apiTokens": []
    }
  }
}