{
  "51b95061a9": {
    "class": "org.openhab.core.automation.dto.RuleDTO",
    "value": {
      "triggers": [
        {
          "id": "1",
          "configuration": {
            "itemName": "produzierterStrom"
          },
          "type": "core.ItemStateUpdateTrigger"
        },
        {
          "id": "2",
          "configuration": {
            "itemName": "WattGrenzeFuerAktivierung"
          },
          "type": "core.ItemStateChangeTrigger"
        },
        {
          "id": "3",
          "configuration": {
            "itemName": "InfrarotheizungItem"
          },
          "type": "core.ItemStateUpdateTrigger"
        }
      ],
      "conditions": [],
      "actions": [
        {
          "inputs": {},
          "id": "4",
          "configuration": {
            "script": "\n//Schleife kann nicht mit variablen befuellt werden, da immer der aktuelle Stand bei jeder Iteration abgfragt werden muss.\nwhile((produzierterStrom.state as Number).floatValue \u003e\u003d (WattGrenzeFuerAktivierung.state as Number).floatValue \u0026\u0026 InfrarotheizungItem.state \u003d\u003d ON){\n  \n  //Heizung wird angeschalten\n  if( UberhitzungsBoolean.state \u003d\u003d OFF){\n\n    TimerBefehl.postUpdate(\"BETRIEB\")\n\n   \n  }\n    //Heizung wird abgeschalten, wegen ueberhitzungsschutz\n  if( UberhitzungsBoolean.state \u003d\u003d ON){\n          \n       TimerBefehl.postUpdate(\"SCHUTZ\")\n\n        \n  \n  }\n}\n\n    //Heizung wird abgeschalten, da zuwenig Strom produziert wird\n\n  if((produzierterStrom.state as Number).floatValue \u003c (WattGrenzeFuerAktivierung.state as Number).floatValue || InfrarotheizungItem.state \u003d\u003d OFF){\n                 Shelly25PMKanal0.postUpdate(\"DEAKTIVIERT\")\n       TimerBefehl.postUpdate(\"SCHUTZ\")\n\n\n  }\n      \n",
            "type": "application/vnd.openhab.dsl.rule"
          },
          "type": "script.ScriptAction"
        }
      ],
      "configuration": {},
      "configDescriptions": [],
      "uid": "51b95061a9",
      "name": "InfrarotheizungsEinfachesHeizenP1",
      "tags": [],
      "visibility": "VISIBLE"
    }
  },
  "58c26ee347": {
    "class": "org.openhab.core.automation.dto.RuleDTO",
    "value": {
      "triggers": [
        {
          "id": "1",
          "configuration": {
            "startlevel": 100.0
          },
          "type": "core.SystemStartlevelTrigger"
        }
      ],
      "conditions": [],
      "actions": [
        {
          "inputs": {},
          "id": "2",
          "configuration": {
            "script": "//API call an Wordpress Server um die Nutzerdaten für das Backup abzufragen.\n//Die Variable nutzerdaten ist mit der Endung \"getConfig\", der URL zu befüllen (https://DOMAINNAME/wp-json/wp/v2/getConfig)\nvar  nutzerdaten \u003d sendHttpGetRequest(\"https://cozysmartwarmth.de/wp-json/wp/v2/getConfig\")\n\n//------Ab hier nichts veraendern------  \n//Call wird mit delimiter aufgeschluesselt und zugewiesen\nval lines \u003d nutzerdaten.split(\u0027;\u0027)\n  //P1\n  InfrarotheizungItem.postUpdate(lines.get(0).substring(1))\n  IntervallUeberpruefung.postUpdate(lines.get(1))\n  WattGrenzeFuerAktivierung.postUpdate(lines.get(2))\n  LZaktivierung.postUpdate(lines.get(3))\n  PauseDeaktivierung.postUpdate(lines.get(4))\n  UberhitzungsBoolean.postUpdate(OFF)\n",
            "type": "application/vnd.openhab.dsl.rule"
          },
          "type": "script.ScriptAction"
        }
      ],
      "configuration": {},
      "configDescriptions": [],
      "uid": "58c26ee347",
      "name": "BackupNutzerdatenInitialisierenP1",
      "tags": [],
      "visibility": "VISIBLE",
      "description": "ANPASSUNG NACH INSTALLATION NOTWENDIG"
    }
  },
  "77a85a7f44": {
    "class": "org.openhab.core.automation.dto.RuleDTO",
    "value": {
      "triggers": [
        {
          "id": "1",
          "configuration": {
            "itemName": "StromerzeugungsintervalltimerVorhanden",
            "state": "DEAKTIVIERT"
          },
          "type": "core.ItemStateChangeTrigger"
        }
      ],
      "conditions": [],
      "actions": [
        {
          "inputs": {},
          "id": "2",
          "configuration": {
            "script": "\n  //Timer fuer das aktualisierens des produzierten Stroms\nvar Timer stromerzeugungsintervalltimer \u003d null\n  StromerzeugungsintervalltimerVorhanden.postUpdate(\"AKTIVIERT\")\n  logInfo(\"WattMesser\", \"Stromerzeugungsintervalltimer wurde gestartet und Triggerd in: \"+(IntervallUeberpruefung.state as Number).intValue+\" Minuten\")\n  stromerzeugungsintervalltimer \u003d createTimer(now.plusMinutes((IntervallUeberpruefung.state as Number).intValue), [ |\n    StromerzeugungsintervalltimerVorhanden.postUpdate(\"OPEN-Transmition\")                                                                                                               \n                                                                 ])\n                                                                 \n  ",
            "type": "application/vnd.openhab.dsl.rule"
          },
          "type": "script.ScriptAction"
        }
      ],
      "configuration": {},
      "configDescriptions": [],
      "uid": "77a85a7f44",
      "name": "StromerzeugungsintervallP1P2",
      "tags": [],
      "visibility": "VISIBLE"
    }
  },
  "dff184c0fa": {
    "class": "org.openhab.core.automation.dto.RuleDTO",
    "value": {
      "triggers": [
        {
          "id": "1",
          "configuration": {
            "itemName": "TimerBefehl"
          },
          "type": "core.ItemStateChangeTrigger"
        }
      ],
      "conditions": [],
      "actions": [
        {
          "inputs": {},
          "id": "2",
          "configuration": {
            "script": "if(TimerMenge.state \u003d\u003d NULL){\n  TimerMenge.postUpdate(0)\n}\nvar menge \u003d 1 +  (TimerMenge.state as Number).intValue\nval number \u003d  menge\nTimerMenge.postUpdate(number)\n\n\n  logInfo(\"Timer\",\"Ausgeführt\"+ (TimerMenge.state as Number).intValue)\n  if(TimerBefehl.state \u003d\u003d \"BETRIEB\"){\n            Shelly25PMKanal0.postUpdate(\"AKTIVIERT\")\n     \n    createTimer( now.plusMinutes((LZaktivierung.state as Number).longValue), [ |\n    if(number \u003d\u003d (TimerMenge.state as Number).intValue){\n       logInfo(\"Timer\",\"ABGESCHLOSSEN BETRIEB\"+ (TimerMenge.state as Number).intValue )\n       UberhitzungsBoolean.postUpdate(ON)\n       \n       TimerMenge.postUpdate(0)\n    } ])\n    \n  }\n   if(TimerBefehl.state \u003d\u003d \"SCHUTZ\" || TimerBefehl.state \u003d\u003d \"WARTEN\"){\n        Shelly25PMKanal0.postUpdate(\"DEAKTIVIERT\")\n      \n    createTimer(now.plusMinutes((PauseDeaktivierung.state as Number).longValue), [ |\n    if(number \u003d\u003d (TimerMenge.state as Number).intValue){\n       logInfo(\"Timer\",\"ABGESCHLOSSEN SCHUTZ\"+ (TimerMenge.state as Number).intValue )\n       UberhitzungsBoolean.postUpdate(OFF)\n       TimerMenge.postUpdate(0)\n    } ])\n   }\n  \n",
            "type": "application/vnd.openhab.dsl.rule"
          },
          "type": "script.ScriptAction"
        }
      ],
      "configuration": {},
      "configDescriptions": [],
      "uid": "dff184c0fa",
      "name": "TimerSteuerungP1",
      "tags": [],
      "visibility": "VISIBLE"
    }
  },
  "e34cf60ff7": {
    "class": "org.openhab.core.automation.dto.RuleDTO",
    "value": {
      "triggers": [
        {
          "id": "1",
          "configuration": {
            "cronExpression": "0/5 * * * * ? *"
          },
          "type": "timer.GenericCronTrigger"
        }
      ],
      "conditions": [],
      "actions": [
        {
          "inputs": {},
          "id": "2",
          "configuration": {
            "script": "//Dieses Skript erfasst den Status des Shellys, schaltet die Shelly Kanaele und startet den Stromerzeugungsintervalltimer.\n//Diese Variblen, insbesondere der AuthToken sollte geheim gehalten werden.\nval String urlShellyStatus \u003d\"https://shelly-88-eu.shelly.cloud/device/status\" // \"https://shelly-CLOUDSERVERZIFFER-eu.shelly.cloud/device/status\"\nval String urlShellyControl \u003d\"https://shelly-88-eu.shelly.cloud/device/relay/control\" // \"https://shelly-CLOUDSERVERZIFFER-eu.shelly.cloud/relay/control\"\nval String authToken\u003d\"id\u003d68DF03\u0026auth_key\u003dMWY2MGVhdWlkD679DF28D89AC19E01DD8DFB61EFCF89D9805DACB05E0797E646B49CF6D97847522E49A0DFE2BA9F\" //\"id\u003dSHELLYID\u0026auth_key\u003dKEYVONCLOUDACCOUNT\"\n  \n//Die Variable nutzerbackupURL ist mit der Endung \"setConfig/?config\u003d\", der URL zu befüllen (https://DOMAINNAME/wp-json/wp/v2/setConfig/?config\u003d)\nval String nutzerbackupURL \u003d\"https://cozysmartwarmth.de/wp-json/wp/v2/setConfig/?config\u003d\"\n\n//------Ab hier nichts veraendern------  \n\n  \n  \nval String type \u003d\"application/x-www-form-urlencoded\"\n//Stromerzeugungsintervalltimer wird initialisiert\nvar int stromerzeugungsintervallDauer \u003d (IntervallUeberpruefung.state as Number).intValue\nif(StromerzeugungsintervalltimerVorhanden.state !\u003d \"DEAKTIVIERT\" \u0026\u0026 StromerzeugungsintervalltimerVorhanden.state !\u003d \"OPEN-Transmition\" \u0026\u0026 StromerzeugungsintervalltimerVorhanden.state !\u003d \"AKTIVIERT\"){\n  StromerzeugungsintervalltimerVorhanden.postUpdate(\"DEAKTIVIERT\")\n  logInfo(\"DatenErfassung\", \"TimerSkript initiiert\")\n\n}\n\n//Erzeugten Strom Setzten\nif(StromerzeugungsintervalltimerVorhanden.state \u003d\u003d \"OPEN-Transmition\"){\nvar String shellyResponseStrom \u003d null\nvar String shellyStatus \u003d null\n//Schleife sorgt dafür das API definitiv erreicht wird\nwhile (shellyResponseStrom \u003d\u003d null){\n   var antwortvonCloudfuerStatus \u003d sendHttpPostRequest(urlShellyStatus,type,authToken, 3000)\n   shellyResponseStrom \u003d antwortvonCloudfuerStatus\n     logInfo(\"DatenErfassung\", antwortvonCloudfuerStatus)\n\n}\n  if (shellyResponseStrom !\u003d null){\n    var powerStatus \u003d transform(\"JSONPATH\", \"$.data.device_status.meters[1].power\", shellyResponseStrom)\n        logInfo(\"DatenErfassung\", powerStatus)\n  produzierterStrom.postUpdate(powerStatus)\n  StromerzeugungsintervalltimerVorhanden.postUpdate(\"DEAKTIVIERT\")\n  } \n  while (shellyStatus \u003d\u003d null){\n\n   var shellyStatusResponse\u003d  sendHttpPostRequest(urlShellyControl,type,\"channel\u003d1\u0026turn\u003don\u0026\"+authToken, 3000) \n   shellyStatus\u003dshellyStatusResponse\n     logInfo(\"DatenErfassung\", \"SIcherstellung das Shelly aktiv\")\n   }\n}\n\n\n//Shelly Kanal Aktivieren / Deaktivieren\nvar String shellyResponseDeaktiviert \u003d null\nvar String shellyResponseAktiviert \u003d null\n  \nif(Shelly25PMKanal0.state !\u003d \"WARTEN\"){\n\nif(Shelly25PMKanal0.state \u003d\u003d \"AKTIVIERT\"){\n\nwhile (shellyResponseAktiviert \u003d\u003d null){\n   var antwortvonCloudfuerAktiviert \u003d sendHttpPostRequest(urlShellyControl,type,\"channel\u003d0\u0026turn\u003don\u0026\"+authToken, 3000) \n   shellyResponseAktiviert \u003d antwortvonCloudfuerAktiviert\n        logInfo(\"DatenErfassung\", \"Shelly Aktiviert\")\n\n}\n}\nif(Shelly25PMKanal0.state \u003d\u003d \"DEAKTIVIERT\"){\nwhile (shellyResponseDeaktiviert \u003d\u003d null){\n   var antwortvonCloudfuerDeaktiviert \u003d sendHttpPostRequest(urlShellyControl,type,\"channel\u003d0\u0026turn\u003doff\u0026\"+authToken, 3000) \n   shellyResponseDeaktiviert \u003d antwortvonCloudfuerDeaktiviert\n       logInfo(\"DatenErfassung\", \"Shelly Deaktiviert\")\n\n}\n}\n  Shelly25PMKanal0.postUpdate(\"WARTEN\")\n\n}\n\nval String datenPhase1 \u003d InfrarotheizungItem.state +\";\"+ IntervallUeberpruefung.state +\";\"+WattGrenzeFuerAktivierung.state+\";\"+LZaktivierung.state+\";\"+PauseDeaktivierung.state+\";\"\nval output \u003d sendHttpGetRequest(nutzerbackupURL+datenPhase1+\"\") \n",
            "type": "application/vnd.openhab.dsl.rule"
          },
          "type": "script.ScriptAction"
        }
      ],
      "configuration": {},
      "configDescriptions": [],
      "uid": "e34cf60ff7",
      "name": "MainDatenErfassungP1",
      "tags": [],
      "visibility": "VISIBLE",
      "description": "ANPASSUNG NACH INSTALLATION NOTWENDIG"
    }
  }
}