{
  "marketplace:115190": {
    "class": "java.lang.String",
    "value": "{\"uid\":\"marketplace:115190\",\"id\":\"115190\",\"label\":\"Grafana chart with time ranges\",\"version\":\"\",\"maturity\":\"stable\",\"compatible\":true,\"contentType\":\"application/vnd.openhab.uicomponent;type\\u003dwidget\",\"link\":\"https://community.openhab.org/t/115190\",\"author\":\"Marcus\",\"verifiedAuthor\":false,\"installed\":false,\"type\":\"ui\",\"detailedDescription\":\"\\u003cp\\u003eWith great support by \\u003ca class\\u003d\\\"mention\\\" href\\u003d\\\"/u/bobmiles\\\"\\u003e@BobMiles\\u003c/a\\u003e, \\u003ca class\\u003d\\\"mention\\\" href\\u003d\\\"/u/rgroll\\\"\\u003e@RGroll\\u003c/a\\u003e and \\u003ca class\\u003d\\\"mention\\\" href\\u003d\\\"/u/ysc\\\"\\u003e@ysc\\u003c/a\\u003e I managed to create a widget to embed grafana charts with configurable time ranges.\\u003c/p\\u003e\\n\\u003cp\\u003eIf interested, you can find the whole discussion \\u003ca href\\u003d\\\"https://community.openhab.org/t/oh3-image-card-in-mainui-how-to-refresh-image/112722/1\\\"\\u003ehere\\u003c/a\\u003e.\\u003c/p\\u003e\\n\\u003cp\\u003e\\u003cimg src\\u003d\\\"//community-openhab-org.s3.dualstack.eu-central-1.amazonaws.com/original/3X/a/0/a036b6a6959c4c9cefe5f6f3ee4b0aa9ebc0e6f5.gif\\\" alt\\u003d\\\"Grafana chart widget\\\" data-base62-sha1\\u003d\\\"mRjCkYGJzLVpmGOf2qrWHXqRDkF\\\" width\\u003d\\\"673\\\" height\\u003d\\\"386\\\" class\\u003d\\\"animated\\\"\\u003e\\u003c/p\\u003e\\n\\u003cp\\u003e\\u003cimg src\\u003d\\\"//community-openhab-org.s3.dualstack.eu-central-1.amazonaws.com/original/3X/d/3/d36bff36b24ca56fd395fb99ae1c6126f8e535ef.png\\\" alt\\u003d\\\"Grafana widget props\\\" data-base62-sha1\\u003d\\\"uak7YoWoOljz2xPrTa3tFHuHwXZ\\\" width\\u003d\\\"630\\\" height\\u003d\\\"435\\\"\\u003e\\u003c/p\\u003e\\n\\u003cp\\u003eSource URL:\\u003cbr\\u003e\\nMake sure you insert \\u003cstrong\\u003e{period}\\u003c/strong\\u003e inside the URL where you would want to have the time range pasted.\\u003c/p\\u003e\\n\\u003cp\\u003eExample:\\u003c/p\\u003e\\n\\u003cpre\\u003e\\u003ccode class\\u003d\\\"lang-yaml\\\"\\u003ehttp://192.168.0.13:3000/d-solo/4OdYJNbMk/energie-pv-haus?orgId\\u003d1\\u0026amp;refresh\\u003d1m\\u0026amp;from\\u003dnow-{period}\\u0026amp;to\\u003dnow\\u0026amp;panelId\\u003d2\\n\\u003c/code\\u003e\\u003c/pre\\u003e\\n\\u003ch3\\u003e\\n\\u003ca name\\u003d\\\"resources-1\\\" class\\u003d\\\"anchor\\\" href\\u003d\\\"#resources-1\\\"\\u003e\\u003c/a\\u003eResources\\u003c/h3\\u003e\\n\\u003cp\\u003eFull widget YAML (updated 2021-04-05: segmented “strong” removed):\\u003c/p\\u003e\\n\\u003cpre\\u003e\\u003ccode class\\u003d\\\"lang-yaml\\\"\\u003euid: Grafana chart with timeranges\\ntags: []\\nprops:\\n  parameters:\\n    - description: Title of the chart\\n      label: Title\\n      name: title\\n      required: false\\n      type: TEXT\\n    - description: Footer of the chart\\n      label: Footer\\n      name: footer\\n      required: false\\n      type: TEXT\\n    - description: URL to show in the frame\\n      label: Source URL\\n      name: URL\\n      required: true\\n      type: TEXT\\n    - description: Comma-separated list of options. Use value\\u003dlabel format (e.g. 1d\\u003d1 day) to provide a label different than the option. Minimum 1 entry required. The first entry is the default timerange.\\n      label: Time range options\\n      name: timerange\\n      required: true\\n      type: TEXT\\n    - description: Height of the Frame (empty \\u003d default)\\n      label: Height\\n      name: height\\n      required: false\\n      type: TEXT\\n  parameterGroups: []\\ntimestamp: Mar 21, 2021, 5:17:50 PM\\ncomponent: f7-card-content\\nconfig:\\n  style:\\n    --f7-card-margin-horizontal: 0px\\n    --f7-card-margin-vertical: 3px\\n    --f7-card-content-padding-horizontal: 10px\\n    --f7-card-content-padding-vertical: 10px\\nslots:\\n  default:\\n    - component: oh-webframe-card\\n      config:\\n        title: \\u003dprops.title\\n        borders: false\\n        noBorder: false\\n        outline: true\\n        height: \\u003dprops.height\\n        src: \\u003dprops.URL.replace(\\u0027{period}\\u0027, vars.selectedPeriod || [props.timerange.split(\\u0027,\\u0027)[0].split(\\u0027\\u003d\\u0027)[0]])\\n        footer: \\u003dprops.footer\\n        class:\\n          - display-block\\n    - component: f7-segmented\\n      config:\\n        round: false\\n        outline: false\\n        style:\\n          --f7-button-bg-color: rgba(255, 255, 255, 0.05)\\n      slots:\\n        default:\\n          - component: oh-repeater\\n            config:\\n              sourceType: range\\n              for: size\\n              fragment: true\\n            slots:\\n              default:\\n                - component: oh-repeater\\n                  config:\\n                    fragment: true\\n                    for: period\\n                    in: \\u003d[props.timerange.split(\\\",\\\")[loop.size].split(\\\"\\u003d\\\")[1]]\\n                  slots:\\n                    default:\\n                      - component: oh-button\\n                        config:\\n                          text: \\u003dloop.period\\n                          fill: \\\"\\u003d(([props.timerange.split(\\u0027,\\u0027)[loop.size].split(\\u0027\\u003d\\u0027)[0]] \\u003d\\u003d vars.selectedPeriod) || (props.timerange.split(\\u0027,\\u0027)[0].split(\\u0027\\u003d\\u0027)[1] \\u003d\\u003d\\u003d loop.period) \\u0026amp;\\u0026amp; !vars.selectedPeriod) ? true : false\\\"\\n                          round: false\\n                          outline: true\\n                          style:\\n                            --f7-button-font-size: 14px\\n                            --f7-button-font-weight: 300\\n                            --f7-button-text-transform: none\\n                            --f7-button-border-width: 1px\\n                            --f7-button-text-color: white\\n                            --f7-button-border-color: rgba(255,255,255,.15)\\n                            --f7-button-padding-vertical: 0px\\n                            --f7-button-padding-horizontal: 0px\\n                            --f7-button-fill-hover-bg-color: rgba(var(--f7-theme-color-rgb), 1)\\n                          action: variable\\n                          actionVariable: selectedPeriod\\n                          actionVariableValue: \\u003dprops.timerange.split(\\\",\\\")[loop.size].split(\\\"\\u003d\\\")[0]\\n\\u003c/code\\u003e\\u003c/pre\\u003e\\n\\u003cp\\u003e\\u003cstrong\\u003eNew version with more flexible implementation of time ranges:\\u003c/strong\\u003e\\u003c/p\\u003e\\n\\u003cp\\u003eChangelog:\\u003cbr\\u003e\\nv02: added default timeranges in props\\u003c/p\\u003e\\n\\u003cpre\\u003e\\u003ccode class\\u003d\\\"lang-yaml\\\"\\u003euid: Grafana chart with timeranges v02\\ntags: []\\nprops:\\n  parameters:\\n    - description: Title of the chart\\n      label: Title\\n      name: title\\n      required: false\\n      type: TEXT\\n    - description: URL to show in the frame\\n      label: Source URL\\n      name: URL\\n      required: true\\n      type: TEXT\\n    - default: from\\u003dnow-6h\\u0026amp;to\\u003dnow;6h,from\\u003dnow-12h\\u0026amp;to\\u003dnow;12h,from\\u003dnow-1d\\u0026amp;to\\u003dnow;24h,from\\u003dnow/d\\u0026amp;to\\u003dnow/d;Day,from\\u003dnow-3d\\u0026amp;to\\u003dnow;Last 3 Days,from\\u003dnow-7d\\u0026amp;to\\u003dnow;Last 7 Days,from\\u003dnow-14d\\u0026amp;to\\u003dnow;Last 14 Days\\n      description: Comma-separated List of options. Example \\\"from\\u003dnow-6h\\u0026amp;to\\u003dnow;-6h,from\\u003dnow-1d/d\\u0026amp;to\\u003dnow-1d/d;yesterday\\\" for past \\\"6h\\\" and \\\"yesterday\\\". First entry is default.\\n      label: Time range options\\n      name: timerange\\n      required: true\\n      type: TEXT\\n    - description: Height of the Frame (empty \\u003d default)\\n      label: Height\\n      name: height\\n      required: false\\n      type: TEXT\\n  parameterGroups: []\\ntimestamp: Apr 23, 2021, 4:40:01 PM\\ncomponent: f7-card\\nconfig:\\n  title: \\u003dprops.title\\n  outline: true\\n  style:\\n    --f7-card-margin-horizontal: 10px\\n    --f7-card-margin-vertical: 3px\\n    --f7-card-padding-horizontal: 10px\\n    --f7-card-padding-vertical: 100px\\n    margin-top: 10px\\n    margin-bottom: 10px\\n    noShadow: false\\n    border-radius: var(--f7-card-expandable-border-radius)\\n    box-shadow: 5px 5px 10px 1px rgba(0,0,0,0.3)\\nslots:\\n  default:\\n    - component: oh-webframe-card\\n      config:\\n        borders: false\\n        noBorder: false\\n        noShadow: true\\n        height: \\u003dprops.height\\n        src: \\u003dprops.URL.replace(\\u0027{period}\\u0027, vars.selectedPeriod || [props.timerange.split(\\u0027,\\u0027)[0].split(\\u0027;\\u0027)[0]])\\n        class:\\n          - display-block\\n    - component: f7-segmented\\n      config:\\n        round: false\\n        outline: false\\n        class:\\n          - padding-bottom-half\\n        style:\\n          margin-left: 10px\\n          margin-right: 10px\\n          --f7-button-font-size: 14px\\n          --f7-button-text-color: \\\"\\u003dthemeOptions.dark \\u003d\\u003d\\u003d \\u0027light\\u0027 ? \\u0027black\\u0027 : \\u0027white\\u0027\\\"\\n          --f7-button-text-transform: none\\n          --f7-button-border-radius: 4px\\n          --f7-button-outline-border-width: 1px\\n          --f7-button-font-weight: 300\\n          --f7-button-padding-vertical: 0px\\n          --f7-button-padding-horizontal: 0px\\n      slots:\\n        default:\\n          - component: oh-repeater\\n            config:\\n              sourceType: range\\n              for: size\\n              fragment: true\\n            slots:\\n              default:\\n                - component: oh-repeater\\n                  config:\\n                    fragment: true\\n                    for: period\\n                    in: \\u003d[props.timerange.split(\\\",\\\")[loop.size].split(\\\";\\\")[1]]\\n                  slots:\\n                    default:\\n                      - component: oh-button\\n                        config:\\n                          text: \\u003dloop.period\\n                          fill: \\\"\\u003d(([props.timerange.split(\\u0027,\\u0027)[loop.size].split(\\u0027;\\u0027)[0]] \\u003d\\u003d vars.selectedPeriod) || (props.timerange.split(\\u0027,\\u0027)[0].split(\\u0027;\\u0027)[1] \\u003d\\u003d\\u003d loop.period) \\u0026amp;\\u0026amp; !vars.selectedPeriod) ? true : false\\\"\\n                          round: false\\n                          outline: true\\n                          style:\\n                            --f7-button-border-color: var(--f7-card-outline-border-color)\\n                          action: variable\\n                          actionVariable: selectedPeriod\\n                          actionVariableValue: \\u003dprops.timerange.split(\\\",\\\")[loop.size].split(\\\";\\\")[0]\\n\\u003c/code\\u003e\\u003c/pre\\u003e\\n\\u003cp\\u003eThis one requires adjustment in the widget props as follows:\\u003c/p\\u003e\\n\\u003cpre\\u003e\\u003ccode class\\u003d\\\"lang-yaml\\\"\\u003econfig:\\n  URL: http://192.168.0.13:3000/d-solo/4OdYJNbMk/energie-pv-haus?orgId\\u003d1\\u0026amp;refresh\\u003d1m\\u0026amp;theme\\u003dlight\\u0026amp;{period}\\u0026amp;panelId\\u003d2\\n  timerange: from\\u003dnow-6h\\u0026amp;to\\u003dnow;6h,from\\u003dnow-12h\\u0026amp;to\\u003dnow;12h,from\\u003dnow-1d\\u0026amp;to\\u003dnow;24h,from\\u003dnow/d\\u0026amp;to\\u003dnow/d;Tag,from\\u003dnow-1d/d\\u0026amp;to\\u003dnow-1d/d;Tag-1,from\\u003dnow-2d/d\\u0026amp;to\\u003dnow-2d/d;Tag-2\\n\\u003c/code\\u003e\\u003c/pre\\u003e\\n\\u003cp\\u003eHope some of you find it useful \\u003cimg src\\u003d\\\"https://community.openhab.org/images/emoji/twitter/slightly_smiling_face.png?v\\u003d12\\\" title\\u003d\\\":slightly_smiling_face:\\\" class\\u003d\\\"emoji\\\" alt\\u003d\\\":slightly_smiling_face:\\\" loading\\u003d\\\"lazy\\\" width\\u003d\\\"20\\\" height\\u003d\\\"20\\\"\\u003e\\u003c/p\\u003e\",\"configDescriptionURI\":\"\",\"keywords\":\"\",\"countries\":[],\"connection\":\"\",\"imageLink\":\"//community-openhab-org.s3.dualstack.eu-central-1.amazonaws.com/original/3X/a/0/a036b6a6959c4c9cefe5f6f3ee4b0aa9ebc0e6f5.gif\",\"properties\":{\"like_count\":30.0,\"updated_at\":\"2023-02-26T22:07:23.105Z\",\"yaml_content\":\"http://192.168.0.13:3000/d-solo/4OdYJNbMk/energie-pv-haus?orgId\\u003d1\\u0026refresh\\u003d1m\\u0026from\\u003dnow-{period}\\u0026to\\u003dnow\\u0026panelId\\u003d2\\n\",\"created_at\":\"2021-01-23T17:25:51.640Z\",\"views\":16015.0,\"posts_count\":75.0,\"tags\":[\"published\",\"stable\"]},\"loggerPackages\":[]}"
  },
  "marketplace:121441": {
    "class": "java.lang.String",
    "value": "{\"uid\":\"marketplace:121441\",\"id\":\"jrule\",\"label\":\"JRule - openHAB Rules using Java\",\"version\":\"\",\"maturity\":\"beta\",\"compatible\":true,\"contentType\":\"application/vnd.openhab.bundle\",\"link\":\"https://community.openhab.org/t/121441\",\"author\":\"Seaside\",\"verifiedAuthor\":false,\"installed\":false,\"type\":\"automation\",\"detailedDescription\":\"\\u003ch1\\u003e\\u003ca name\\u003d\\\"openhab-rules-using-java-1\\\" class\\u003d\\\"anchor\\\" href\\u003d\\\"#openhab-rules-using-java-1\\\"\\u003e\\u003c/a\\u003eopenHAB Rules using Java\\u003c/h1\\u003e\\n\\u003cp\\u003e\\u003cimg src\\u003d\\\"//community-openhab-org.s3.dualstack.eu-central-1.amazonaws.com/original/3X/7/c/7cba1c67c725d5f2fdd228e6ab48b0fef9356288.png\\\" alt\\u003d\\\"logo\\\" data-base62-sha1\\u003d\\\"hNnWJ8k2qES2xMl7c9Mxu0dNobS\\\" width\\u003d\\\"150\\\" height\\u003d\\\"150\\\"\\u003e\\u003c/p\\u003e\\n\\u003cp\\u003eThis automation package aims to enable Java development of openHAB Rules. The addon will allow the user to create custom openHAB rules in one or several .java-files. The Java Rules will need to define triggers in order for the rules engine to know how and when to execute them.\\u003c/p\\u003e\\n\\u003cp\\u003eThe triggers are very similar to the triggers in Rules DSL but expressed using java annotations. In order to execute rules based on items defined in openHAB either in .items-files or the GUI. The addon needs to know about these items and this is realized by the Rule Engine by generatinga .java and a .class file for each item in the system. The class files are then packaged in a .jar-file which the user can use as a dependency when doing Rules Development.\\u003c/p\\u003e\\n\\u003cp\\u003eFor the addon to be able to pick up rules, they first need to be compiled by the rules engine. The source .java rules-files are placed in a specific rules folder and will be automatically compiled and loaded into openHAB when the rules engine is started. The syntax for rules as well as the design and thinking behind the addon is to provide something that is similar to Rules DSL but more powerful, flexible and customizable.\\u003c/p\\u003e\\n\\u003ch2\\u003e\\u003ca name\\u003d\\\"bugs-2\\\" class\\u003d\\\"anchor\\\" href\\u003d\\\"#bugs-2\\\"\\u003e\\u003c/a\\u003eBugs\\u003c/h2\\u003e\\n\\u003cp\\u003eAny bug you find is good to report. Preferred way of reporting bugs is to create an issue on github: \\u003ca href\\u003d\\\"https://github.com/seaside1/jrule/issues\\\" class\\u003d\\\"inline-onebox\\\" rel\\u003d\\\"noopener nofollow ugc\\\"\\u003eIssues · seaside1/jrule · GitHub\\u003c/a\\u003e\\u003c/p\\u003e\\n\\u003ch2\\u003e\\u003ca name\\u003d\\\"contribute-3\\\" class\\u003d\\\"anchor\\\" href\\u003d\\\"#contribute-3\\\"\\u003e\\u003c/a\\u003eContribute\\u003c/h2\\u003e\\n\\u003cp\\u003eCreate a Pull Request on github: \\u003ca href\\u003d\\\"https://github.com/seaside1/jrule/pulls\\\" class\\u003d\\\"inline-onebox\\\" rel\\u003d\\\"noopener nofollow ugc\\\"\\u003ePull requests · seaside1/jrule · GitHub\\u003c/a\\u003e\\u003c/p\\u003e\\n\\u003ch2\\u003e\\u003ca name\\u003d\\\"changelog-4\\\" class\\u003d\\\"anchor\\\" href\\u003d\\\"#changelog-4\\\"\\u003e\\u003c/a\\u003eChangelog\\u003c/h2\\u003e\\n\\u003ch3\\u003e\\u003ca name\\u003d\\\"version-beta19-5\\\" class\\u003d\\\"anchor\\\" href\\u003d\\\"#version-beta19-5\\\"\\u003e\\u003c/a\\u003eVersion BETA19\\u003c/h3\\u003e\\n\\u003cul\\u003e\\n\\u003cli\\u003eDynamic Rules by \\u003ca href\\u003d\\\"https://github.com/seaside1\\\" rel\\u003d\\\"noopener nofollow ugc\\\"\\u003eseaside1\\u003c/a\\u003e PR \\u003ca href\\u003d\\\"https://github.com/seaside1/jrule/pull/177\\\" rel\\u003d\\\"noopener nofollow ugc\\\"\\u003e#177\\u003c/a\\u003e\\u003c/li\\u003e\\n\\u003cli\\u003eAdd persist by \\u003ca href\\u003d\\\"https://github.com/querdenker2k\\\" rel\\u003d\\\"noopener nofollow ugc\\\"\\u003equerdenker2k\\u003c/a\\u003e PR \\u003ca href\\u003d\\\"https://github.com/seaside1/jrule/pull/174\\\" rel\\u003d\\\"noopener nofollow ugc\\\"\\u003e#174\\u003c/a\\u003e\\u003c/li\\u003e\\n\\u003cli\\u003eUpdated Readme.md by \\u003ca href\\u003d\\\"https://github.com/seime\\\" rel\\u003d\\\"noopener nofollow ugc\\\"\\u003eseime\\u003c/a\\u003e PR \\u003ca href\\u003d\\\"https://github.com/seaside1/jrule/pull/173\\\" rel\\u003d\\\"noopener nofollow ugc\\\"\\u003e#173\\u003c/a\\u003e\\u003c/li\\u003e\\n\\u003cli\\u003ehandle quantity types for item-change-conditions by \\u003ca href\\u003d\\\"https://github.com/querdenker2k\\\" rel\\u003d\\\"noopener nofollow ugc\\\"\\u003equerdenker2k\\u003c/a\\u003e PR \\u003ca href\\u003d\\\"https://github.com/seaside1/jrule/pull/172\\\" rel\\u003d\\\"noopener nofollow ugc\\\"\\u003e#172\\u003c/a\\u003e\\u003c/li\\u003e\\n\\u003c/ul\\u003e\\n\\u003ch3\\u003e\\u003ca name\\u003d\\\"version-beta18-6\\\" class\\u003d\\\"anchor\\\" href\\u003d\\\"#version-beta18-6\\\"\\u003e\\u003c/a\\u003eVersion BETA18\\u003c/h3\\u003e\\n\\u003cul\\u003e\\n\\u003cli\\u003eRefactored timers and added method for checking for timer lock by seaside1 PR \\u003cspan class\\u003d\\\"hashtag-raw\\\"\\u003e#171\\u003c/span\\u003e\\u003c/li\\u003e\\n\\u003cli\\u003eAdded the ability to configure the name of the package in jrule.conf by kuimovvg PR \\u003cspan class\\u003d\\\"hashtag-raw\\\"\\u003e#170\\u003c/span\\u003e\\u003c/li\\u003e\\n\\u003cli\\u003eAdd previousState and a test by querdenker2k PR \\u003cspan class\\u003d\\\"hashtag-raw\\\"\\u003e#168\\u003c/span\\u003e\\u003c/li\\u003e\\n\\u003c/ul\\u003e\\n\\u003ch3\\u003e\\u003ca name\\u003d\\\"version-beta17-7\\\" class\\u003d\\\"anchor\\\" href\\u003d\\\"#version-beta17-7\\\"\\u003e\\u003c/a\\u003eVersion BETA17\\u003c/h3\\u003e\\n\\u003cul\\u003e\\n\\u003cli\\u003eFix for thing actions without \\u003cspan class\\u003d\\\"mention\\\"\\u003e@ActionInput\\u003c/span\\u003e by seimePR \\u003cspan class\\u003d\\\"hashtag-raw\\\"\\u003e#143\\u003c/span\\u003e\\u003c/li\\u003e\\n\\u003cli\\u003eStore jar file as build artifact by seimePR \\u003cspan class\\u003d\\\"hashtag-raw\\\"\\u003e#144\\u003c/span\\u003e\\u003c/li\\u003e\\n\\u003cli\\u003eMerge test packages by seimePR \\u003cspan class\\u003d\\\"hashtag-raw\\\"\\u003e#145\\u003c/span\\u003e\\u003c/li\\u003e\\n\\u003cli\\u003eOnly consider methods declared in rule class, not inherited methods by seimePR \\u003cspan class\\u003d\\\"hashtag-raw\\\"\\u003e#147\\u003c/span\\u003e\\u003c/li\\u003e\\n\\u003cli\\u003eReduce loglevel to debug by seimePR \\u003cspan class\\u003d\\\"hashtag-raw\\\"\\u003e#148\\u003c/span\\u003e\\u003c/li\\u003e\\n\\u003cli\\u003eSend updates/commands to group items itself, not just members by seimePR \\u003cspan class\\u003d\\\"hashtag-raw\\\"\\u003e#150\\u003c/span\\u003e\\u003c/li\\u003e\\n\\u003cli\\u003eReduce flawky builds by querdenker2k PR \\u003cspan class\\u003d\\\"hashtag-raw\\\"\\u003e#151\\u003c/span\\u003e\\u003c/li\\u003e\\n\\u003cli\\u003eNotify for rule runs by querdenker2k PR \\u003cspan class\\u003d\\\"hashtag-raw\\\"\\u003e#152\\u003c/span\\u003e\\u003c/li\\u003e\\n\\u003cli\\u003eUpdate to openhab 4.0.0 by sealside1 PR \\u003cspan class\\u003d\\\"hashtag-raw\\\"\\u003e#153\\u003c/span\\u003e\\u003c/li\\u003e\\n\\u003cli\\u003eAdd reschedule by querdenker2k PR \\u003cspan class\\u003d\\\"hashtag-raw\\\"\\u003e#155\\u003c/span\\u003e\\u003c/li\\u003e\\n\\u003cli\\u003eFix Timer:isRunning by querdenker2k PR \\u003cspan class\\u003d\\\"hashtag-raw\\\"\\u003e#157\\u003c/span\\u003e\\u003c/li\\u003e\\n\\u003cli\\u003ePrint useful exception trace while InvocationTargetException by querdenker2k PR \\u003cspan class\\u003d\\\"hashtag-raw\\\"\\u003e#160\\u003c/span\\u003e\\u003c/li\\u003e\\n\\u003cli\\u003eRemoved OS dependent configurations by sfdumas PR \\u003cspan class\\u003d\\\"hashtag-raw\\\"\\u003e#164\\u003c/span\\u003e\\u003c/li\\u003e\\n\\u003c/ul\\u003e\\n\\u003ch3\\u003e\\u003ca name\\u003d\\\"version-beta16-8\\\" class\\u003d\\\"anchor\\\" href\\u003d\\\"#version-beta16-8\\\"\\u003e\\u003c/a\\u003eVersion BETA16\\u003c/h3\\u003e\\n\\u003cul\\u003e\\n\\u003cli\\u003eEnrich memberOf with options to just listen on items or groups by querdenker2k PR \\u003cspan class\\u003d\\\"hashtag-raw\\\"\\u003e#95\\u003c/span\\u003e\\u003c/li\\u003e\\n\\u003cli\\u003eAdd http action by querdenker2k PR \\u003cspan class\\u003d\\\"hashtag-raw\\\"\\u003e#97\\u003c/span\\u003e\\u003c/li\\u003e\\n\\u003cli\\u003eFixed typo by thwint PR \\u003cspan class\\u003d\\\"hashtag-raw\\\"\\u003e#98\\u003c/span\\u003e\\u003c/li\\u003e\\n\\u003cli\\u003eLog exception stacktrace by querdenker2k PR \\u003cspan class\\u003d\\\"hashtag-raw\\\"\\u003e#99\\u003c/span\\u003e\\u003c/li\\u003e\\n\\u003cli\\u003eEnhance and cleanup the internal timers by querdenker2k PR \\u003cspan class\\u003d\\\"hashtag-raw\\\"\\u003e#100\\u003c/span\\u003e\\u003c/li\\u003e\\n\\u003cli\\u003eImprove trigger channelname conversion and error reporting by seimePR \\u003cspan class\\u003d\\\"hashtag-raw\\\"\\u003e#103\\u003c/span\\u003e\\u003c/li\\u003e\\n\\u003cli\\u003eAdd previousCondition to JRuleWhenItemChange by querdenker2k PR \\u003cspan class\\u003d\\\"hashtag-raw\\\"\\u003e#104\\u003c/span\\u003e\\u003c/li\\u003e\\n\\u003cli\\u003eLet transform throw a runtime exception by querdenker2k PR \\u003cspan class\\u003d\\\"hashtag-raw\\\"\\u003e#106\\u003c/span\\u003e\\u003c/li\\u003e\\n\\u003cli\\u003eForNameOptional, UnspecifiedGroupItem, QuantityItem by querdenker2k PR \\u003cspan class\\u003d\\\"hashtag-raw\\\"\\u003e#107\\u003c/span\\u003e\\u003c/li\\u003e\\n\\u003cli\\u003eFix NPE with watchingForItem while not completely initialized by querdenker2k PR \\u003cspan class\\u003d\\\"hashtag-raw\\\"\\u003e#110\\u003c/span\\u003e\\u003c/li\\u003e\\n\\u003cli\\u003eFixed contact item issue by seaside1 PR \\u003cspan class\\u003d\\\"hashtag-raw\\\"\\u003e#114\\u003c/span\\u003e\\u003c/li\\u003e\\n\\u003cli\\u003eAdd tests for historicState NPE, add toString for values by querdenker2k PR \\u003cspan class\\u003d\\\"hashtag-raw\\\"\\u003e#118\\u003c/span\\u003e\\u003c/li\\u003e\\n\\u003cli\\u003eFix merge (transform exception) by querdenker2k PR \\u003cspan class\\u003d\\\"hashtag-raw\\\"\\u003e#119\\u003c/span\\u003e\\u003c/li\\u003e\\n\\u003cli\\u003eAdd metadata and tags getters for items by querdenker2k PR \\u003cspan class\\u003d\\\"hashtag-raw\\\"\\u003e#121\\u003c/span\\u003e\\u003c/li\\u003e\\n\\u003cli\\u003eAdd delayed execution, remove unused JRuleOr by querdenker2k PR \\u003cspan class\\u003d\\\"hashtag-raw\\\"\\u003e#122\\u003c/span\\u003e\\u003c/li\\u003e\\n\\u003cli\\u003eRemove illegal characters from generated channel name by seimePR \\u003cspan class\\u003d\\\"hashtag-raw\\\"\\u003e#124\\u003c/span\\u003e\\u003c/li\\u003e\\n\\u003cli\\u003eReduce loglevel for non-annotated java methods in rule classes by seimePR \\u003cspan class\\u003d\\\"hashtag-raw\\\"\\u003e#125\\u003c/span\\u003e\\u003c/li\\u003e\\n\\u003cli\\u003eFix member of by querdenker2k PR \\u003cspan class\\u003d\\\"hashtag-raw\\\"\\u003e#126\\u003c/span\\u003e\\u003c/li\\u003e\\n\\u003cli\\u003eMake Item constants constant by querdenker2k PR \\u003cspan class\\u003d\\\"hashtag-raw\\\"\\u003e#128\\u003c/span\\u003e\\u003c/li\\u003e\\n\\u003cli\\u003eExclude lambdas while scanning methods by querdenker2k PR \\u003cspan class\\u003d\\\"hashtag-raw\\\"\\u003e#129\\u003c/span\\u003e\\u003c/li\\u003e\\n\\u003cli\\u003eExclude persistence verifications by querdenker2k PR \\u003cspan class\\u003d\\\"hashtag-raw\\\"\\u003e#130\\u003c/span\\u003e\\u003c/li\\u003e\\n\\u003cli\\u003eMemberitems type specific by querdenker2k PR \\u003cspan class\\u003d\\\"hashtag-raw\\\"\\u003e#131\\u003c/span\\u003e\\u003c/li\\u003e\\n\\u003cli\\u003eFix repeating timers by querdenker2k PR \\u003cspan class\\u003d\\\"hashtag-raw\\\"\\u003e#133\\u003c/span\\u003e\\u003c/li\\u003e\\n\\u003cli\\u003eLet JRuleItemEvent contain JRuleItem by querdenker2k PR \\u003cspan class\\u003d\\\"hashtag-raw\\\"\\u003e#134\\u003c/span\\u003e\\u003c/li\\u003e\\n\\u003cli\\u003eRestructure documentation by seimePR \\u003cspan class\\u003d\\\"hashtag-raw\\\"\\u003e#135\\u003c/span\\u003e\\u003c/li\\u003e\\n\\u003cli\\u003eFixed group item class generation by gerriegPR \\u003cspan class\\u003d\\\"hashtag-raw\\\"\\u003e#138\\u003c/span\\u003e\\u003c/li\\u003e\\n\\u003cli\\u003eRemove direct item registry update causing new events to be produced by seimePR \\u003cspan class\\u003d\\\"hashtag-raw\\\"\\u003e#140\\u003c/span\\u003e\\u003c/li\\u003e\\n\\u003cli\\u003eSpelling fixed rdrxr PR \\u003cspan class\\u003d\\\"hashtag-raw\\\"\\u003e#141\\u003c/span\\u003e\\u003c/li\\u003e\\n\\u003c/ul\\u003e\\n\\u003ch3\\u003e\\u003ca name\\u003d\\\"version-beta15-9\\\" class\\u003d\\\"anchor\\\" href\\u003d\\\"#version-beta15-9\\\"\\u003e\\u003c/a\\u003eVersion BETA15\\u003c/h3\\u003e\\n\\u003cul\\u003e\\n\\u003cli\\u003eBREAKING: All JRuleWhen has to be change to corresponding JRuleWhenItemChanged (as an example, look at JRule Examples documentation)\\u003c/li\\u003e\\n\\u003cli\\u003eJRule When refactoring by querdenker2k PR \\u003cspan class\\u003d\\\"hashtag-raw\\\"\\u003e#61\\u003c/span\\u003e\\u003c/li\\u003e\\n\\u003cli\\u003eThing Channel triggers by seime PR \\u003cspan class\\u003d\\\"hashtag-raw\\\"\\u003e#62\\u003c/span\\u003e\\u003c/li\\u003e\\n\\u003cli\\u003eGenerate Actions by querdenker2k PR \\u003cspan class\\u003d\\\"hashtag-raw\\\"\\u003e#63\\u003c/span\\u003e\\u003c/li\\u003e\\n\\u003cli\\u003eAdd option to get groupMembers as Items by querdenker2k PR \\u003cspan class\\u003d\\\"hashtag-raw\\\"\\u003e#65\\u003c/span\\u003e\\u003c/li\\u003e\\n\\u003cli\\u003eMemberof Trigger by querdenker2k PR \\u003cspan class\\u003d\\\"hashtag-raw\\\"\\u003e#66\\u003c/span\\u003e\\u003c/li\\u003e\\n\\u003cli\\u003eFix buffer being read twice and breaking classloading by seime PR \\u003cspan class\\u003d\\\"hashtag-raw\\\"\\u003e#67\\u003c/span\\u003e\\u003c/li\\u003e\\n\\u003cli\\u003eFix missing precondition support for timer rules by seime PR \\u003cspan class\\u003d\\\"hashtag-raw\\\"\\u003e#68\\u003c/span\\u003e\\u003c/li\\u003e\\n\\u003cli\\u003eFix timer trigger by querdenker2k PR \\u003cspan class\\u003d\\\"hashtag-raw\\\"\\u003e#70\\u003c/span\\u003e\\u003c/li\\u003e\\n\\u003cli\\u003eInitial tests for JRuleWhenItemChange triggers by seime PR \\u003cspan class\\u003d\\\"hashtag-raw\\\"\\u003e#73\\u003c/span\\u003e\\u003c/li\\u003e\\n\\u003cli\\u003eThreadlocal logging - some improvements by seime PR \\u003cspan class\\u003d\\\"hashtag-raw\\\"\\u003e#79\\u003c/span\\u003e\\u003c/li\\u003e\\n\\u003cli\\u003eJunit test for duplicate rule invocations by seime PR \\u003cspan class\\u003d\\\"hashtag-raw\\\"\\u003e#75\\u003c/span\\u003e\\u003c/li\\u003e\\n\\u003cli\\u003eAdd docker integration test by querdenker2k PR \\u003cspan class\\u003d\\\"hashtag-raw\\\"\\u003e#77\\u003c/span\\u003e\\u003c/li\\u003e\\n\\u003cli\\u003eInclude old thing status in event by seime PR \\u003cspan class\\u003d\\\"hashtag-raw\\\"\\u003e#80\\u003c/span\\u003e\\u003c/li\\u003e\\n\\u003cli\\u003eUse thread safe list instead of arraylist by seime PR \\u003cspan class\\u003d\\\"hashtag-raw\\\"\\u003e#81\\u003c/span\\u003e\\u003c/li\\u003e\\n\\u003cli\\u003eDefer to parent classloader if file not found by seime PR \\u003cspan class\\u003d\\\"hashtag-raw\\\"\\u003e#83\\u003c/span\\u003e\\u003c/li\\u003e\\n\\u003cli\\u003eFix inheritance in actions by querdenker2k PR \\u003cspan class\\u003d\\\"hashtag-raw\\\"\\u003e#87\\u003c/span\\u003e\\u003c/li\\u003e\\n\\u003cli\\u003eFix mqtt for tests by querdenker2k PR \\u003cspan class\\u003d\\\"hashtag-raw\\\"\\u003e#91\\u003c/span\\u003e\\u003c/li\\u003e\\n\\u003cli\\u003eFix ConcurrentModificationException in test by querdenker2k PR \\u003cspan class\\u003d\\\"hashtag-raw\\\"\\u003e#92\\u003c/span\\u003e\\u003c/li\\u003e\\n\\u003cli\\u003eAdded typing for thing channel triggers, ie JRuleWhen(channel \\u003d binding_thing.triggerChannel) instead of typing the channel id string\\u003c/li\\u003e\\n\\u003c/ul\\u003e\\n\\u003ch3\\u003e\\u003ca name\\u003d\\\"version-beta14-10\\\" class\\u003d\\\"anchor\\\" href\\u003d\\\"#version-beta14-10\\\"\\u003e\\u003c/a\\u003eVersion BETA14\\u003c/h3\\u003e\\n\\u003cul\\u003e\\n\\u003cli\\u003eThing support in rules by seime pr \\u003cspan class\\u003d\\\"hashtag-raw\\\"\\u003e#59\\u003c/span\\u003e\\u003cbr\\u003e\\n-BREAKING: jrule-items.jar has been renamed to jrule-generated.jar\\u003c/li\\u003e\\n\\u003cli\\u003eAdded missing sendCommand for StopMove commands by seime pr \\u003cspan class\\u003d\\\"hashtag-raw\\\"\\u003e#57\\u003c/span\\u003e\\u003c/li\\u003e\\n\\u003cli\\u003eFixed parsing of double value for Quantity type by seime pr \\u003cspan class\\u003d\\\"hashtag-raw\\\"\\u003e#56\\u003c/span\\u003e\\u003c/li\\u003e\\n\\u003cli\\u003eAdded generic action handler by querdenker2k pr \\u003cspan class\\u003d\\\"hashtag-raw\\\"\\u003e#55\\u003c/span\\u003e see exampe \\u003cspan class\\u003d\\\"hashtag-raw\\\"\\u003e#34\\u003c/span\\u003e\\u003c/li\\u003e\\n\\u003cli\\u003eRefactoring of event for channel plus cleanup by querdenker2k pr \\u003cspan class\\u003d\\\"hashtag-raw\\\"\\u003e#52\\u003c/span\\u003e\\u003c/li\\u003e\\n\\u003cli\\u003eRefactoring of persistance functions and item handling with exceptions by querdenker2k pr \\u003cspan class\\u003d\\\"hashtag-raw\\\"\\u003e#51\\u003c/span\\u003e\\u003c/li\\u003e\\n\\u003cli\\u003eAdded item id and fixes for generated items by LumnitzF pr \\u003cspan class\\u003d\\\"hashtag-raw\\\"\\u003e#50\\u003c/span\\u003e\\u003c/li\\u003e\\n\\u003cli\\u003eAdded MDC Logging tags to be used with elastic search (logstash,kibana and similar) by querdenker2k pr \\u003cspan class\\u003d\\\"hashtag-raw\\\"\\u003e#49\\u003c/span\\u003e\\u003c/li\\u003e\\n\\u003cli\\u003eFixed parsing of double values in rule conditions by seime pr \\u003cspan class\\u003d\\\"hashtag-raw\\\"\\u003e#48\\u003c/span\\u003e\\u003c/li\\u003e\\n\\u003cli\\u003eFixed parsing of UNDEF by seime pr \\u003cspan class\\u003d\\\"hashtag-raw\\\"\\u003e#45\\u003c/span\\u003e\\u003c/li\\u003e\\n\\u003c/ul\\u003e\\n\\u003ch3\\u003e\\u003ca name\\u003d\\\"version-beta13-11\\\" class\\u003d\\\"anchor\\\" href\\u003d\\\"#version-beta13-11\\\"\\u003e\\u003c/a\\u003eVersion BETA13\\u003c/h3\\u003e\\n\\u003cul\\u003e\\n\\u003cli\\u003eFixed a bug with naming of JRuleItems.java\\u003c/li\\u003e\\n\\u003cli\\u003eFixed issues with post and sendCommand to groups\\u003c/li\\u003e\\n\\u003c/ul\\u003e\\n\\u003ch3\\u003e\\u003ca name\\u003d\\\"version-beta12-12\\\" class\\u003d\\\"anchor\\\" href\\u003d\\\"#version-beta12-12\\\"\\u003e\\u003c/a\\u003eVersion BETA12\\u003c/h3\\u003e\\n\\u003cul\\u003e\\n\\u003cli\\u003eMajor refactoring by seime \\u003cspan class\\u003d\\\"hashtag-raw\\\"\\u003e#42\\u003c/span\\u003e\\u003c/li\\u003e\\n\\u003cli\\u003eReplaces the templating mechanism with Freemarker, mainly to allow more advanced constructs such as loops - and to avoid all the repetitive code in the template files\\u003c/li\\u003e\\n\\u003cli\\u003eGenerates a new file Items.java which looks a bit like public class Items { public static MySwitchItem SwitchItem \\u003d JRuleItemRegistry.get(“MySwitchItem”, MySwitchItem.class); public static MyStringItem StringItem \\u003d JRuleItemRegistry.get(“MyStringItem”, MyStringItem.class); }\\u003c/li\\u003e\\n\\u003cli\\u003eAdds a skeleton support for LocationItem (which was missing)\\u003c/li\\u003e\\n\\u003cli\\u003eAdds a new field LABEL (item label)\\u003c/li\\u003e\\n\\u003cli\\u003eAdds a few convenience methods such as getLabel() and getName()\\u003c/li\\u003e\\n\\u003cli\\u003eAdds more typing of Group items\\u003c/li\\u003e\\n\\u003c/ul\\u003e\\n\\u003ch3\\u003e\\u003ca name\\u003d\\\"version-beta11-13\\\" class\\u003d\\\"anchor\\\" href\\u003d\\\"#version-beta11-13\\\"\\u003e\\u003c/a\\u003eVersion BETA11\\u003c/h3\\u003e\\n\\u003cul\\u003e\\n\\u003cli\\u003eWrap TransformationException in JRuleExecutionException by seime \\u003cspan class\\u003d\\\"hashtag-raw\\\"\\u003e#39\\u003c/span\\u003e\\u003c/li\\u003e\\n\\u003cli\\u003eAdd equivalent postUpdate logging as sendCommand by seime \\u003cspan class\\u003d\\\"hashtag-raw\\\"\\u003e#38\\u003c/span\\u003e\\u003c/li\\u003e\\n\\u003cli\\u003eFix group sendCommand for UpDown by seime \\u003cspan class\\u003d\\\"hashtag-raw\\\"\\u003e#36\\u003c/span\\u003e\\u003c/li\\u003e\\n\\u003cli\\u003eAdded eq and neq to channel event by gerrieg \\u003cspan class\\u003d\\\"hashtag-raw\\\"\\u003e#35\\u003c/span\\u003e\\u003c/li\\u003e\\n\\u003cli\\u003eAdded support for ZonedDateTime in DateTimeItem by gerrieg \\u003cspan class\\u003d\\\"hashtag-raw\\\"\\u003e#34\\u003c/span\\u003e\\u003c/li\\u003e\\n\\u003cli\\u003eFixed issued with undef item for state\\u003c/li\\u003e\\n\\u003cli\\u003eAdded mocked eventbus for testing rules with junit\\u003c/li\\u003e\\n\\u003c/ul\\u003e\\n\\u003ch3\\u003e\\u003ca name\\u003d\\\"version-beta10-14\\\" class\\u003d\\\"anchor\\\" href\\u003d\\\"#version-beta10-14\\\"\\u003e\\u003c/a\\u003eVersion BETA10\\u003c/h3\\u003e\\n\\u003cul\\u003e\\n\\u003cli\\u003eOptimized items by gerrieg \\u003cspan class\\u003d\\\"hashtag-raw\\\"\\u003e#33\\u003c/span\\u003e\\u003c/li\\u003e\\n\\u003cli\\u003eSyntax change: event.getValue(), event.getValuesAsDouble() etc replaced with event.getState().getValue() and event.getState().getValueAsDouble()\\u003c/li\\u003e\\n\\u003cli\\u003eSyntax change JRuleSwitchItem.sendCommand(myItem, ON) replaced with JRuleSwitchItem.forName(myItem).sendCommand(ON)\\u003c/li\\u003e\\n\\u003c/ul\\u003e\\n\\u003ch3\\u003e\\u003ca name\\u003d\\\"version-beta9-15\\\" class\\u003d\\\"anchor\\\" href\\u003d\\\"#version-beta9-15\\\"\\u003e\\u003c/a\\u003eVersion BETA9\\u003c/h3\\u003e\\n\\u003cul\\u003e\\n\\u003cli\\u003eFixed bug with item generation and forName overloading\\u003c/li\\u003e\\n\\u003c/ul\\u003e\\n\\u003ch3\\u003e\\u003ca name\\u003d\\\"version-beta8-16\\\" class\\u003d\\\"anchor\\\" href\\u003d\\\"#version-beta8-16\\\"\\u003e\\u003c/a\\u003eVersion BETA8\\u003c/h3\\u003e\\n\\u003cul\\u003e\\n\\u003cli\\u003eAdded forName for items see example 27 \\u003ca href\\u003d\\\"https://github.com/seaside1/jrule/commit/0952ae497d998c5728a85df407bfbf3f1909f8e9\\\" class\\u003d\\\"inline-onebox\\\" rel\\u003d\\\"noopener nofollow ugc\\\"\\u003eAdded forName and refactored ItemClass Generation · seaside1/jrule@0952ae4 · GitHub\\u003c/a\\u003e\\u003c/li\\u003e\\n\\u003cli\\u003eAdded itemName and OldState by gerrieg \\u003cspan class\\u003d\\\"hashtag-raw\\\"\\u003e#31\\u003c/span\\u003e\\u003c/li\\u003e\\n\\u003c/ul\\u003e\\n\\u003ch3\\u003e\\u003ca name\\u003d\\\"version-beta7-17\\\" class\\u003d\\\"anchor\\\" href\\u003d\\\"#version-beta7-17\\\"\\u003e\\u003c/a\\u003eVersion BETA7\\u003c/h3\\u003e\\n\\u003cul\\u003e\\n\\u003cli\\u003eFixed item for Number:Quantity, you can now send a quantity type in the command see example 26\\u003c/li\\u003e\\n\\u003cli\\u003eAdded precondition see example 24 and 25 by seime: \\u003cspan class\\u003d\\\"hashtag-raw\\\"\\u003e#30\\u003c/span\\u003e\\u003c/li\\u003e\\n\\u003cli\\u003eAdded possibility to use subdirs and packages for rules by seime: \\u003cspan class\\u003d\\\"hashtag-raw\\\"\\u003e#30\\u003c/span\\u003e\\u003c/li\\u003e\\n\\u003c/ul\\u003e\\n\\u003ch3\\u003e\\u003ca name\\u003d\\\"version-beta6-18\\\" class\\u003d\\\"anchor\\\" href\\u003d\\\"#version-beta6-18\\\"\\u003e\\u003c/a\\u003eVersion BETA6\\u003c/h3\\u003e\\n\\u003cul\\u003e\\n\\u003cli\\u003eAdded seprate thread executors supplied by seime: \\u003cspan class\\u003d\\\"hashtag-raw\\\"\\u003e#23\\u003c/span\\u003e\\u003c/li\\u003e\\n\\u003cli\\u003eAdded Windows Support by LumnitzF \\u003cspan class\\u003d\\\"hashtag-raw\\\"\\u003e#24\\u003c/span\\u003e\\u003c/li\\u003e\\n\\u003cli\\u003eAdded cancellation of repeating timers by seime: \\u003cspan class\\u003d\\\"hashtag-raw\\\"\\u003e#26\\u003c/span\\u003e\\u003c/li\\u003e\\n\\u003cli\\u003eNull check on timers with futures by seime \\u003cspan class\\u003d\\\"hashtag-raw\\\"\\u003e#29\\u003c/span\\u003e\\u003c/li\\u003e\\n\\u003cli\\u003eUpdate to Openhab 3.3.0\\u003c/li\\u003e\\n\\u003cli\\u003eFixed rescheduling of timers by seime: \\u003cspan class\\u003d\\\"hashtag-raw\\\"\\u003e#28\\u003c/span\\u003e\\u003c/li\\u003e\\n\\u003cli\\u003eAdded check for repeating timers by seime: \\u003cspan class\\u003d\\\"hashtag-raw\\\"\\u003e#27\\u003c/span\\u003e\\u003c/li\\u003e\\n\\u003cli\\u003eFixed repeated timer executing directly by seime: \\u003ca class\\u003d\\\"hashtag-cooked\\\" href\\u003d\\\"/tag/25\\\" data-type\\u003d\\\"tag\\\" data-slug\\u003d\\\"25\\\" data-id\\u003d\\\"3047\\\"\\u003e\\u003cspan class\\u003d\\\"hashtag-icon-placeholder\\\"\\u003e\\u003csvg class\\u003d\\\"fa d-icon d-icon-square-full svg-icon svg-node\\\"\\u003e\\u003cuse href\\u003d\\\"#square-full\\\"\\u003e\\u003c/use\\u003e\\u003c/svg\\u003e\\u003c/span\\u003e\\u003cspan\\u003e25\\u003c/span\\u003e\\u003c/a\\u003e\\u003c/li\\u003e\\n\\u003cli\\u003eAdded transformation sevice example 23 by seime: \\u003cspan class\\u003d\\\"hashtag-raw\\\"\\u003e#20\\u003c/span\\u003e\\u003c/li\\u003e\\n\\u003cli\\u003eImproved compiler error logging by seime: \\u003cspan class\\u003d\\\"hashtag-raw\\\"\\u003e#12\\u003c/span\\u003e\\u003c/li\\u003e\\n\\u003cli\\u003eAdded UP/Down support for group items by seime: \\u003cspan class\\u003d\\\"hashtag-raw\\\"\\u003e#13\\u003c/span\\u003e\\u003c/li\\u003e\\n\\u003cli\\u003eQuantity Type support by seime: \\u003cspan class\\u003d\\\"hashtag-raw\\\"\\u003e#14\\u003c/span\\u003e\\u003c/li\\u003e\\n\\u003cli\\u003eConfigurable item-prefix by weberjn \\u003cspan class\\u003d\\\"hashtag-raw\\\"\\u003e#16\\u003c/span\\u003e\\u003c/li\\u003e\\n\\u003cli\\u003eImprove exception handling by No3x \\u003cspan class\\u003d\\\"hashtag-raw\\\"\\u003e#19\\u003c/span\\u003e\\u003c/li\\u003e\\n\\u003cli\\u003eMade thread executors configurable, default disabled\\u003c/li\\u003e\\n\\u003cli\\u003ePossible to build jrule standalone \\u003cspan class\\u003d\\\"hashtag-raw\\\"\\u003e#24\\u003c/span\\u003e or together with Openhab-addons\\u003c/li\\u003e\\n\\u003cli\\u003eCleaned up repostiory from binary files. Remove and old clones of jrule and clone a fresh repo\\u003c/li\\u003e\\n\\u003c/ul\\u003e\\n\\u003ch3\\u003e\\u003ca name\\u003d\\\"version-beta5-19\\\" class\\u003d\\\"anchor\\\" href\\u003d\\\"#version-beta5-19\\\"\\u003e\\u003c/a\\u003eVersion BETA5\\u003c/h3\\u003e\\n\\u003cul\\u003e\\n\\u003cli\\u003eAddes support for adding rules in jar-files, as an alternative.\\u003c/li\\u003e\\n\\u003c/ul\\u003e\\n\\u003ch3\\u003e\\u003ca name\\u003d\\\"version-beta4-20\\\" class\\u003d\\\"anchor\\\" href\\u003d\\\"#version-beta4-20\\\"\\u003e\\u003c/a\\u003eVersion BETA4\\u003c/h3\\u003e\\n\\u003cul\\u003e\\n\\u003cli\\u003eAdded config for character to be used when generating items files\\u003c/li\\u003e\\n\\u003c/ul\\u003e\\n\\u003ch3\\u003e\\u003ca name\\u003d\\\"version-beta3-21\\\" class\\u003d\\\"anchor\\\" href\\u003d\\\"#version-beta3-21\\\"\\u003e\\u003c/a\\u003eVersion BETA3\\u003c/h3\\u003e\\n\\u003cul\\u003e\\n\\u003cli\\u003eMajor refactoring of logging\\u003c/li\\u003e\\n\\u003c/ul\\u003e\\n\\u003ch3\\u003e\\u003ca name\\u003d\\\"version-beta2-22\\\" class\\u003d\\\"anchor\\\" href\\u003d\\\"#version-beta2-22\\\"\\u003e\\u003c/a\\u003eVersion BETA2\\u003c/h3\\u003e\\n\\u003cul\\u003e\\n\\u003cli\\u003eFixed color item\\u003c/li\\u003e\\n\\u003cli\\u003eAdded annotation for setting logger on a rule see example 21 and 22\\u003c/li\\u003e\\n\\u003cli\\u003eOptional to override getLogName on class\\u003c/li\\u003e\\n\\u003cli\\u003eContact item update\\u003c/li\\u003e\\n\\u003cli\\u003eRollershutter item support added\\u003c/li\\u003e\\n\\u003cli\\u003eUpDown, Increase Decrease support added to various items\\u003c/li\\u003e\\n\\u003cli\\u003eOnOff and Percent commands added to ColorItem\\u003c/li\\u003e\\n\\u003c/ul\\u003e\\n\\u003ch3\\u003e\\u003ca name\\u003d\\\"version-beta1-23\\\" class\\u003d\\\"anchor\\\" href\\u003d\\\"#version-beta1-23\\\"\\u003e\\u003c/a\\u003eVersion BETA1\\u003c/h3\\u003e\\n\\u003cul\\u003e\\n\\u003cli\\u003eAdded color item see example 20\\u003c/li\\u003e\\n\\u003cli\\u003eMoved org.openhab.automation.jrule.rules.JRuleOnOffvalue, JRulePlayPause etc to org.openhab.automation.jrule.rules.value\\u003c/li\\u003e\\n\\u003c/ul\\u003e\\n\\u003ch3\\u003e\\u003ca name\\u003d\\\"version-alpha12-24\\\" class\\u003d\\\"anchor\\\" href\\u003d\\\"#version-alpha12-24\\\"\\u003e\\u003c/a\\u003eVersion ALPHA12\\u003c/h3\\u003e\\n\\u003cul\\u003e\\n\\u003cli\\u003eFix some language typos, some refactor of java classes, improved initialization of singletons due to concurrency aspects\\u003c/li\\u003e\\n\\u003c/ul\\u003e\\n\\u003ch3\\u003e\\u003ca name\\u003d\\\"version-alpha11-25\\\" class\\u003d\\\"anchor\\\" href\\u003d\\\"#version-alpha11-25\\\"\\u003e\\u003c/a\\u003eVersion ALPHA11\\u003c/h3\\u003e\\n\\u003cul\\u003e\\n\\u003cli\\u003eAdded check for working dir via system properties\\u003c/li\\u003e\\n\\u003c/ul\\u003e\\n\\u003ch3\\u003e\\u003ca name\\u003d\\\"version-alpha10-26\\\" class\\u003d\\\"anchor\\\" href\\u003d\\\"#version-alpha10-26\\\"\\u003e\\u003c/a\\u003eVersion ALPHA10\\u003c/h3\\u003e\\n\\u003cul\\u003e\\n\\u003cli\\u003eAdded LatUpdate via JRulePersistenceExtentions see example 19\\u003c/li\\u003e\\n\\u003c/ul\\u003e\\n\\u003ch3\\u003e\\u003ca name\\u003d\\\"version-alpha9-27\\\" class\\u003d\\\"anchor\\\" href\\u003d\\\"#version-alpha9-27\\\"\\u003e\\u003c/a\\u003eVersion ALPHA9\\u003c/h3\\u003e\\n\\u003cul\\u003e\\n\\u003cli\\u003eAdded cron expressions for rules see example 18\\u003c/li\\u003e\\n\\u003cli\\u003eBug fix by \\u003ca class\\u003d\\\"mention\\\" href\\u003d\\\"/u/roth\\\"\\u003e@roth\\u003c/a\\u003e for reloading channel triggers\\u003c/li\\u003e\\n\\u003c/ul\\u003e\\n\\u003ch3\\u003e\\u003ca name\\u003d\\\"version-alpha8-28\\\" class\\u003d\\\"anchor\\\" href\\u003d\\\"#version-alpha8-28\\\"\\u003e\\u003c/a\\u003eVersion ALPHA8\\u003c/h3\\u003e\\n\\u003cul\\u003e\\n\\u003cli\\u003eChannel triggers provided by \\u003ca class\\u003d\\\"mention\\\" href\\u003d\\\"/u/roth\\\"\\u003e@roth\\u003c/a\\u003e see example 17\\u003c/li\\u003e\\n\\u003c/ul\\u003e\\n\\u003ch3\\u003e\\u003ca name\\u003d\\\"version-alpha7-29\\\" class\\u003d\\\"anchor\\\" href\\u003d\\\"#version-alpha7-29\\\"\\u003e\\u003c/a\\u003eVersion ALPHA7\\u003c/h3\\u003e\\n\\u003cul\\u003e\\n\\u003cli\\u003eFixed bug with group member value was null for non StringType types\\u003c/li\\u003e\\n\\u003c/ul\\u003e\\n\\u003ch3\\u003e\\u003ca name\\u003d\\\"version-alpha6-30\\\" class\\u003d\\\"anchor\\\" href\\u003d\\\"#version-alpha6-30\\\"\\u003e\\u003c/a\\u003eVersion ALPHA6\\u003c/h3\\u003e\\n\\u003cul\\u003e\\n\\u003cli\\u003eAdded group functionality getMember will return who triggered a change for a group\\u003c/li\\u003e\\n\\u003c/ul\\u003e\\n\\u003ch3\\u003e\\u003ca name\\u003d\\\"version-alpha5-31\\\" class\\u003d\\\"anchor\\\" href\\u003d\\\"#version-alpha5-31\\\"\\u003e\\u003c/a\\u003eVersion ALPHA5\\u003c/h3\\u003e\\n\\u003cul\\u003e\\n\\u003cli\\u003eRemoved dependencies on slf4japi and eclipse annotations\\u003c/li\\u003e\\n\\u003cli\\u003eAdded logInfo logDebug (to wrap slf4j and remove dep)\\u003c/li\\u003e\\n\\u003cli\\u003eFixed compilation of rules to be more robust with internal dependencies\\u003c/li\\u003e\\n\\u003c/ul\\u003e\\n\\u003ch3\\u003e\\u003ca name\\u003d\\\"version-alpha4-32\\\" class\\u003d\\\"anchor\\\" href\\u003d\\\"#version-alpha4-32\\\"\\u003e\\u003c/a\\u003eVersion ALPHA4\\u003c/h3\\u003e\\n\\u003cul\\u003e\\n\\u003cli\\u003eRefactored completable futures\\u003c/li\\u003e\\n\\u003cli\\u003eAdded 5 seconds of delay for initialization of the rule engine to avoid multiple reloads\\u003c/li\\u003e\\n\\u003cli\\u003eAdded support for play \\u0026amp; pause for player item\\u003c/li\\u003e\\n\\u003cli\\u003eAdded commandLineExecute\\u003c/li\\u003e\\n\\u003c/ul\\u003e\\n\\u003ch3\\u003e\\u003ca name\\u003d\\\"version-alpha3-33\\\" class\\u003d\\\"anchor\\\" href\\u003d\\\"#version-alpha3-33\\\"\\u003e\\u003c/a\\u003eVersion ALPHA3\\u003c/h3\\u003e\\n\\u003cul\\u003e\\n\\u003cli\\u003eFixed issue when reloading rules if they are changed with monitored items\\u003c/li\\u003e\\n\\u003cli\\u003eFixed classpath issue when executing rules using 3rd party libraries\\u003c/li\\u003e\\n\\u003c/ul\\u003e\\n\\u003ch3\\u003e\\u003ca name\\u003d\\\"version-alpha2-34\\\" class\\u003d\\\"anchor\\\" href\\u003d\\\"#version-alpha2-34\\\"\\u003e\\u003c/a\\u003eVersion ALPHA2\\u003c/h3\\u003e\\n\\u003cul\\u003e\\n\\u003cli\\u003eAdded possibility to include 3rd party libraries when developing rules\\u003c/li\\u003e\\n\\u003c/ul\\u003e\\n\\u003ch3\\u003e\\u003ca name\\u003d\\\"version-alpha1-35\\\" class\\u003d\\\"anchor\\\" href\\u003d\\\"#version-alpha1-35\\\"\\u003e\\u003c/a\\u003eVersion ALPHA1\\u003c/h3\\u003e\\n\\u003cul\\u003e\\n\\u003cli\\u003eRefactored internal jar dependencies and jar-generation\\u003c/li\\u003e\\n\\u003cli\\u003eAdded eq comparator for number triggers in rules\\u003c/li\\u003e\\n\\u003c/ul\\u003e\\n\\u003ch2\\u003e\\u003ca name\\u003d\\\"resources-36\\\" class\\u003d\\\"anchor\\\" href\\u003d\\\"#resources-36\\\"\\u003e\\u003c/a\\u003eResources\\u003c/h2\\u003e\\n\\u003cp\\u003e\\u003ca href\\u003d\\\"https://github.com/seaside1/jrule/releases/latest/download/org.openhab.automation.jrule-4.0.0-latest.jar\\\" rel\\u003d\\\"noopener nofollow ugc\\\"\\u003ehttps://github.com/seaside1/jrule/releases/latest/download/org.openhab.automation.jrule-4.0.0-latest.jar\\u003c/a\\u003e\\u003c/p\\u003e\\n\\u003cp\\u003e\\u003ca href\\u003d\\\"https://github.com/seaside1/jrule/\\\" rel\\u003d\\\"noopener nofollow ugc\\\"\\u003ehttps://github.com/seaside1/jrule/\\u003c/a\\u003e\\u003c/p\\u003e\",\"configDescriptionURI\":\"\",\"keywords\":\"\",\"countries\":[],\"connection\":\"\",\"imageLink\":\"//community-openhab-org.s3.dualstack.eu-central-1.amazonaws.com/original/3X/7/c/7cba1c67c725d5f2fdd228e6ab48b0fef9356288.png\",\"properties\":{\"jar_download_url\":\"https://github.com/seaside1/jrule/releases/latest/download/org.openhab.automation.jrule-4.0.0-latest.jar\",\"like_count\":88,\"updated_at\":\"2023-12-04T19:35:05.391Z\",\"created_at\":\"2021-04-26T20:59:24.549Z\",\"views\":16106,\"posts_count\":156,\"tags\":[\"published\",\"beta\",\"automation\"]},\"loggerPackages\":[]}"
  },
  "marketplace:127249": {
    "class": "java.lang.String",
    "value": "{\"uid\":\"marketplace:127249\",\"id\":\"127249\",\"label\":\"AirCondition Controller\",\"version\":\"\",\"maturity\":\"stable\",\"compatible\":true,\"contentType\":\"application/vnd.openhab.uicomponent;type\\u003dwidget\",\"link\":\"https://community.openhab.org/t/127249\",\"author\":\"Hans-Jörg Merk\",\"verifiedAuthor\":false,\"installed\":false,\"type\":\"ui\",\"detailedDescription\":\"\\u003cp\\u003e\\u003cdiv class\\u003d\\\"lightbox-wrapper\\\"\\u003e\\u003ca class\\u003d\\\"lightbox\\\" href\\u003d\\\"//community-openhab-org.s3.dualstack.eu-central-1.amazonaws.com/original/3X/1/1/1128b4a40b88393460cae869d8842de578c9b4c1.jpeg\\\" data-download-href\\u003d\\\"/uploads/short-url/2rNkmnNc4RP8o36ZvOMQ28DIrQJ.jpeg?dl\\u003d1\\\" title\\u003d\\\"image\\\"\\u003e\\u003cimg src\\u003d\\\"//community-openhab-org.s3.dualstack.eu-central-1.amazonaws.com/optimized/3X/1/1/1128b4a40b88393460cae869d8842de578c9b4c1_2_459x500.jpeg\\\" alt\\u003d\\\"image\\\" data-base62-sha1\\u003d\\\"2rNkmnNc4RP8o36ZvOMQ28DIrQJ\\\" width\\u003d\\\"459\\\" height\\u003d\\\"500\\\" srcset\\u003d\\\"//community-openhab-org.s3.dualstack.eu-central-1.amazonaws.com/optimized/3X/1/1/1128b4a40b88393460cae869d8842de578c9b4c1_2_459x500.jpeg, //community-openhab-org.s3.dualstack.eu-central-1.amazonaws.com/optimized/3X/1/1/1128b4a40b88393460cae869d8842de578c9b4c1_2_688x750.jpeg 1.5x, //community-openhab-org.s3.dualstack.eu-central-1.amazonaws.com/original/3X/1/1/1128b4a40b88393460cae869d8842de578c9b4c1.jpeg 2x\\\" data-small-upload\\u003d\\\"//community-openhab-org.s3.dualstack.eu-central-1.amazonaws.com/optimized/3X/1/1/1128b4a40b88393460cae869d8842de578c9b4c1_2_10x10.png\\\"\\u003e\\u003cdiv class\\u003d\\\"meta\\\"\\u003e\\n\\u003csvg class\\u003d\\\"fa d-icon d-icon-far-image svg-icon\\\" aria-hidden\\u003d\\\"true\\\"\\u003e\\u003cuse xlink:href\\u003d\\\"#far-image\\\"\\u003e\\u003c/use\\u003e\\u003c/svg\\u003e\\u003cspan class\\u003d\\\"filename\\\"\\u003eimage\\u003c/span\\u003e\\u003cspan class\\u003d\\\"informations\\\"\\u003e750×816 65.7 KB\\u003c/span\\u003e\\u003csvg class\\u003d\\\"fa d-icon d-icon-discourse-expand svg-icon\\\" aria-hidden\\u003d\\\"true\\\"\\u003e\\u003cuse xlink:href\\u003d\\\"#discourse-expand\\\"\\u003e\\u003c/use\\u003e\\u003c/svg\\u003e\\n\\u003c/div\\u003e\\u003c/a\\u003e\\u003c/div\\u003e\\u003c/p\\u003e\\n\\u003cp\\u003eInspired by the great heating Widget by \\u003ca class\\u003d\\\"mention\\\" href\\u003d\\\"/u/nico_r\\\"\\u003e@Nico_R\\u003c/a\\u003e (\\u003ca href\\u003d\\\"https://community.openhab.org/t/heating-widget/115107\\\" class\\u003d\\\"inline-onebox\\\"\\u003eHeating widget\\u003c/a\\u003e), I decided to adopt this to control my Intesis Air Condition Controllers\\u003c/p\\u003e\\n\\u003ch2\\u003e\\n\\u003ca name\\u003d\\\"changelog-1\\\" class\\u003d\\\"anchor\\\" href\\u003d\\\"#changelog-1\\\"\\u003e\\u003c/a\\u003eChangelog\\u003c/h2\\u003e\\n\\u003ch3\\u003e\\n\\u003ca name\\u003d\\\"version-01-2\\\" class\\u003d\\\"anchor\\\" href\\u003d\\\"#version-01-2\\\"\\u003e\\u003c/a\\u003eVersion 0.1\\u003c/h3\\u003e\\n\\u003cul\\u003e\\n\\u003cli\\u003einitial release\\u003c/li\\u003e\\n\\u003c/ul\\u003e\\n\\u003ch2\\u003e\\n\\u003ca name\\u003d\\\"resources-3\\\" class\\u003d\\\"anchor\\\" href\\u003d\\\"#resources-3\\\"\\u003e\\u003c/a\\u003eResources\\u003c/h2\\u003e\\n\\u003caside class\\u003d\\\"onebox githubblob\\\" data-onebox-src\\u003d\\\"https://github.com/hmerk/openHAB-3-ui-widget-AirConditionController-/blob/main/AirConditionController.yaml\\\"\\u003e\\n  \\u003cheader class\\u003d\\\"source\\\"\\u003e\\n\\n      \\u003ca href\\u003d\\\"https://github.com/hmerk/openHAB-3-ui-widget-AirConditionController-/blob/main/AirConditionController.yaml\\\" target\\u003d\\\"_blank\\\" rel\\u003d\\\"noopener\\\"\\u003egithub.com\\u003c/a\\u003e\\n  \\u003c/header\\u003e\\n\\n  \\u003carticle class\\u003d\\\"onebox-body\\\"\\u003e\\n    \\u003ch4\\u003e\\u003ca href\\u003d\\\"https://github.com/hmerk/openHAB-3-ui-widget-AirConditionController-/blob/main/AirConditionController.yaml\\\" target\\u003d\\\"_blank\\\" rel\\u003d\\\"noopener\\\"\\u003ehmerk/openHAB-3-ui-widget-AirConditionController-/blob/main/AirConditionController.yaml\\u003c/a\\u003e\\u003c/h4\\u003e\\n\\n\\n    \\u003cpre\\u003e\\u003ccode class\\u003d\\\"lang-yaml\\\"\\u003euid: AirConditionController\\ntags: []\\nprops:\\n  parameters:\\n    - description: eg. living room\\n      label: location and widget identifier\\n      name: location\\n      required: true\\n      type: TEXT\\n    - description: Visual size of the control in px (default 400px), without a size the design is responsive\\n      label: size [px]\\n      name: size\\n      required: false\\n      type: TEXT\\n    - description: Minimum value\\n      label: minTemp\\n      name: minTemp\\n      required: true\\n      type: TEXT\\n    - description: Maximum value\\n\\u003c/code\\u003e\\u003c/pre\\u003e\\n\\n\\n  This file has been truncated. \\u003ca href\\u003d\\\"https://github.com/hmerk/openHAB-3-ui-widget-AirConditionController-/blob/main/AirConditionController.yaml\\\" target\\u003d\\\"_blank\\\" rel\\u003d\\\"noopener\\\"\\u003eshow original\\u003c/a\\u003e\\n\\n  \\u003c/article\\u003e\\n\\n  \\u003cdiv class\\u003d\\\"onebox-metadata\\\"\\u003e\\n    \\n    \\n  \\u003c/div\\u003e\\n\\n  \\u003cdiv style\\u003d\\\"clear: both\\\"\\u003e\\u003c/div\\u003e\\n\\u003c/aside\\u003e\\n\",\"configDescriptionURI\":\"\",\"keywords\":\"\",\"countries\":[],\"connection\":\"\",\"imageLink\":\"//community-openhab-org.s3.dualstack.eu-central-1.amazonaws.com/original/3X/1/1/1128b4a40b88393460cae869d8842de578c9b4c1.jpeg\",\"properties\":{\"like_count\":6.0,\"updated_at\":\"2021-10-06T14:02:00.494Z\",\"yaml_content\":\"uid: AirConditionController\\ntags: []\\nprops:\\n  parameters:\\n    - description: eg. living room\\n      label: location and widget identifier\\n      name: location\\n      required: true\\n      type: TEXT\\n    - description: Visual size of the control in px (default 400px), without a size the design is responsive\\n      label: size [px]\\n      name: size\\n      required: false\\n      type: TEXT\\n    - description: Minimum value\\n      label: minTemp\\n      name: minTemp\\n      required: true\\n      type: TEXT\\n    - description: Maximum value\\n\",\"created_at\":\"2021-10-06T14:02:00.494Z\",\"yaml_download_url\":\"https://github.com/hmerk/openHAB-3-ui-widget-AirConditionController-/blob/main/AirConditionController.yaml\",\"views\":5752.0,\"posts_count\":11.0,\"tags\":[\"published\",\"stable\",\"ui\"]},\"loggerPackages\":[]}"
  }
}