{
  "InfrarotheizungItem": {
    "class": "org.openhab.core.items.ManagedItemProvider$PersistedItem",
    "value": {
      "groupNames": [],
      "itemType": "Switch",
      "tags": [],
      "label": "InfrarotheizungItemP1P2B",
      "category": ""
    }
  },
  "IntervallUeberpruefung": {
    "class": "org.openhab.core.items.ManagedItemProvider$PersistedItem",
    "value": {
      "groupNames": [],
      "itemType": "Number",
      "tags": [],
      "label": "IntervallUeberpruefungP1P2B",
      "category": ""
    }
  },
  "LZaktivierung": {
    "class": "org.openhab.core.items.ManagedItemProvider$PersistedItem",
    "value": {
      "groupNames": [],
      "itemType": "Number",
      "tags": [],
      "label": "LZaktivierungP1P2B",
      "category": ""
    }
  },
  "PauseDeaktivierung": {
    "class": "org.openhab.core.items.ManagedItemProvider$PersistedItem",
    "value": {
      "groupNames": [],
      "itemType": "Number",
      "tags": [],
      "label": "PauseDeaktivierungP1P2B",
      "category": ""
    }
  },
  "Shelly25PMKanal0": {
    "class": "org.openhab.core.items.ManagedItemProvider$PersistedItem",
    "value": {
      "groupNames": [],
      "itemType": "String",
      "tags": [],
      "label": "Shelly25PMKanal0P1",
      "category": ""
    }
  },
  "StromerzeugungsintervalltimerVorhanden": {
    "class": "org.openhab.core.items.ManagedItemProvider$PersistedItem",
    "value": {
      "groupNames": [],
      "itemType": "String",
      "tags": [],
      "label": "StromerzeugungsintervalltimerVorhandenP1P2",
      "category": ""
    }
  },
  "TimerBefehl": {
    "class": "org.openhab.core.items.ManagedItemProvider$PersistedItem",
    "value": {
      "groupNames": [],
      "itemType": "String",
      "tags": [],
      "label": "TimerBefehlP1P2",
      "category": ""
    }
  },
  "TimerMenge": {
    "class": "org.openhab.core.items.ManagedItemProvider$PersistedItem",
    "value": {
      "groupNames": [],
      "itemType": "Number",
      "tags": [],
      "label": "TimerMengeP1P2",
      "category": ""
    }
  },
  "UberhitzungsBoolean": {
    "class": "org.openhab.core.items.ManagedItemProvider$PersistedItem",
    "value": {
      "groupNames": [],
      "itemType": "Switch",
      "tags": [],
      "label": "UberhitzungsBooleanP1P2",
      "category": ""
    }
  },
  "WattGrenzeFuerAktivierung": {
    "class": "org.openhab.core.items.ManagedItemProvider$PersistedItem",
    "value": {
      "groupNames": [],
      "itemType": "Number",
      "tags": [],
      "label": "WattGrenzeFuerAktivierungP1P2B",
      "category": ""
    }
  },
  "produzierterStrom": {
    "class": "org.openhab.core.items.ManagedItemProvider$PersistedItem",
    "value": {
      "groupNames": [],
      "itemType": "Number",
      "tags": [],
      "label": "produzierterStromP1P2",
      "category": ""
    }
  }
}