<?xml version="1.0" encoding="UTF-8" standalone="no"?><Configuration monitorInterval="10">

	<Appenders>
		<!-- Console appender not used by default (see Root logger AppenderRefs) -->
		<Console name="STDOUT">
			<PatternLayout pattern="%d{HH:mm:ss.SSS} [%-5.5p] [%-36.36c] - %m%n"/>
		</Console>

		<!-- Rolling file appender -->
		<RollingFile fileName="${sys:openhab.logdir}/openhab.log" filePattern="${sys:openhab.logdir}/openhab.log.%i.gz" name="LOGFILE">
			<PatternLayout pattern="%d{yyyy-MM-dd HH:mm:ss.SSS} [%-5.5p] [%-36.36c] - %m%n"/>
			<Policies>
				<OnStartupTriggeringPolicy/>
				<SizeBasedTriggeringPolicy size="16 MB"/>
			</Policies>
			<DefaultRolloverStrategy max="7"/>
		</RollingFile>

		<!-- Event log appender -->
		<RollingRandomAccessFile fileName="${sys:openhab.logdir}/events.log" filePattern="${sys:openhab.logdir}/events.log.%i.gz" name="EVENT">
			<PatternLayout pattern="%d{yyyy-MM-dd HH:mm:ss.SSS} [%-5.5p] [%-36.36c] - %m%n"/>
			<Policies>
				<OnStartupTriggeringPolicy/>
				<SizeBasedTriggeringPolicy size="16 MB"/>
			</Policies>
			<DefaultRolloverStrategy max="7"/>
		</RollingRandomAccessFile>

		<!-- Audit file appender -->
		<RollingRandomAccessFile fileName="${sys:openhab.logdir}/audit.log" filePattern="${sys:openhab.logdir}/audit.log.%i.gz" name="AUDIT">
			<PatternLayout pattern="%d{yyyy-MM-dd HH:mm:ss.SSS} [%-5.5p] [%-36.36c] - %m%n"/>
			<Policies>
				<OnStartupTriggeringPolicy/>
				<SizeBasedTriggeringPolicy size="8 MB"/>
			</Policies>
			<DefaultRolloverStrategy max="7"/>
		</RollingRandomAccessFile>

		<!-- OSGi appender -->
		<PaxOsgi filter="*" name="OSGI"/>
	</Appenders>

	<Loggers>
		<!-- Root logger configuration -->
		<Root level="WARN">
			<AppenderRef ref="LOGFILE"/>
			<AppenderRef ref="OSGI"/>
		</Root>

		<!-- Karaf Shell logger -->
		<Logger level="OFF" name="org.apache.karaf.shell.support">
			<AppenderRef ref="STDOUT"/>
		</Logger>

		<!-- Security audit logger -->
		<Logger additivity="false" level="INFO" name="org.apache.karaf.jaas.modules.audit">
			<AppenderRef ref="AUDIT"/>
		</Logger>

		<!-- openHAB specific logger configuration -->

		<Logger level="INFO" name="org.openhab"/>

		<Logger level="ERROR" name="openhab.event.ItemStateEvent"/>
		<Logger level="ERROR" name="openhab.event.ItemStateUpdatedEvent"/>
		<Logger level="ERROR" name="openhab.event.GroupStateUpdatedEvent"/>
		<Logger level="ERROR" name="openhab.event.ItemAddedEvent"/>
		<Logger level="ERROR" name="openhab.event.ItemRemovedEvent"/>
		<Logger level="ERROR" name="openhab.event.ItemChannelLinkAddedEvent"/>
		<Logger level="ERROR" name="openhab.event.ItemChannelLinkRemovedEvent"/>
		<Logger level="ERROR" name="openhab.event.ChannelDescriptionChangedEvent"/>
		<Logger level="ERROR" name="openhab.event.ThingStatusInfoEvent"/>
		<Logger level="ERROR" name="openhab.event.ThingAddedEvent"/>
		<Logger level="ERROR" name="openhab.event.ThingUpdatedEvent"/>
		<Logger level="ERROR" name="openhab.event.ThingRemovedEvent"/>
		<Logger level="ERROR" name="openhab.event.InboxUpdatedEvent"/>
		<Logger level="ERROR" name="openhab.event.RuleStatusInfoEvent"/>
		<Logger level="ERROR" name="openhab.event.RuleAddedEvent"/>
		<Logger level="ERROR" name="openhab.event.RuleRemovedEvent"/>
		<Logger level="ERROR" name="openhab.event.StartlevelEvent"/>
		<Logger level="ERROR" name="openhab.event.AddonEvent"/>

		<Logger additivity="false" level="INFO" name="openhab.event">
			<AppenderRef ref="EVENT"/>
			<AppenderRef ref="OSGI"/>
		</Logger>

		<Logger level="ERROR" name="javax.jmdns"/>
		<Logger level="ERROR" name="org.jupnp"/>

		<!-- This suppresses all Maven download issues from the log when doing feature installations -->
		<!-- as we are logging errors ourselves in a nicer way anyhow. -->
		<Logger level="ERROR" name="org.ops4j.pax.url.mvn.internal.AetherBasedResolver"/>

		<!-- Filters known issues of pax-web (issue link to be added here). -->
		<!-- Can be removed once the issues are resolved in an upcoming version. -->
		<Logger level="OFF" name="org.ops4j.pax.web.pax-web-runtime"/>

		<!-- Filters known issues of lsp4j, see -->
		<!-- https://github.com/eclipse/smarthome/issues/4639 -->
		<!-- https://github.com/eclipse/smarthome/issues/4629 -->
		<!-- https://github.com/eclipse/smarthome/issues/4643 -->
		<!-- Can be removed once the issues are resolved in an upcoming version. -->
		<Logger level="OFF" name="org.eclipse.lsp4j"/>

		<!-- Filters warnings for events that could not be delivered to a disconnected client. -->
		<Logger level="ERROR" name="org.apache.cxf.jaxrs.sse.SseEventSinkImpl"/>

		<!-- Filters warnings from broken connections during startup -->
		<!-- https://github.com/openhab/openhab-core/issues/2998 -->
		<Logger level="ERROR" name="org.apache.cxf.phase.PhaseInterceptorChain"/>

		<!-- Filters known issues of KarServiceImpl, see -->
		<!-- https://github.com/openhab/openhab-distro/issues/519#issuecomment-351944506 -->
		<!-- Can be removed once the issues are resolved in an upcoming version. -->
		<Logger level="ERROR" name="org.apache.karaf.kar.internal.KarServiceImpl"/>

		<!-- Filters warnings about unavailable ciphers when JCE is not installed, see -->
		<!-- https://github.com/openhab/openhab-distro/issues/999 -->
		<Logger level="ERROR" name="org.apache.karaf.shell.ssh.SshUtils"/>

		<!-- Filters known issues of javax.mail, see -->
		<!-- https://github.com/openhab/openhab-addons/issues/5530 -->
		<Logger level="ERROR" name="javax.mail"/>

		<!-- Filters disconnection warnings of the ChromeCast Java API, see -->
		<!-- https://github.com/openhab/openhab-addons/issues/3770 -->
		<Logger level="ERROR" name="su.litvak.chromecast.api.v2.Channel"/>

		<!-- Added by Karaf to prevent debug logging loops, see -->
		<!-- https://issues.apache.org/jira/browse/KARAF-5559 -->
		<Logger level="ERROR" name="org.apache.sshd"/>
		<Logger level="TRACE" name="org.openhub.automation.script"/>
		<Logger name="org.openhab.automation.script"/>
	</Loggers>

</Configuration>