{
  "exec:command:bf3424ddfd": {
    "class": "org.openhab.core.thing.internal.ThingStorageEntity",
    "value": {
      "isBridge": false,
      "channels": [
        {
          "uid": "exec:command:bf3424ddfd:output",
          "id": "output",
          "channelTypeUID": "exec:output",
          "itemType": "String",
          "kind": "STATE",
          "label": "Rückgabewert",
          "description": "Rückgabewert der Befehlsausführung",
          "defaultTags": [],
          "properties": {},
          "configuration": {}
        },
        {
          "uid": "exec:command:bf3424ddfd:input",
          "id": "input",
          "channelTypeUID": "exec:input",
          "itemType": "String",
          "kind": "STATE",
          "label": "Eingabewert",
          "description": "Eingabewert, der als zweiter Parameter an den Befehl übergeben wird",
          "defaultTags": [],
          "properties": {},
          "configuration": {}
        },
        {
          "uid": "exec:command:bf3424ddfd:exit",
          "id": "exit",
          "channelTypeUID": "exec:exit",
          "itemType": "Number",
          "kind": "STATE",
          "label": "Rückgabestatus",
          "description": "Dokumentiert die erfolgreiche Ausführung",
          "defaultTags": [],
          "properties": {},
          "configuration": {}
        },
        {
          "uid": "exec:command:bf3424ddfd:run",
          "id": "run",
          "channelTypeUID": "exec:run",
          "itemType": "Switch",
          "kind": "STATE",
          "label": "Ausführung",
          "description": "Steht während der Befehlsausführung auf ON; durch Setzen auf ON wird der Befehl sofort ausgeführt",
          "defaultTags": [],
          "properties": {},
          "configuration": {}
        },
        {
          "uid": "exec:command:bf3424ddfd:lastexecution",
          "id": "lastexecution",
          "channelTypeUID": "exec:lastexecution",
          "itemType": "DateTime",
          "kind": "STATE",
          "label": "Zeitpunkt der letzten Ausführung",
          "description": "Datum und Uhrzeit der letzten Ausführung des Befehls im Format yyyy-MM-dd\u0027T\u0027HH:mm:ss.SSSZ",
          "defaultTags": [],
          "properties": {},
          "configuration": {}
        }
      ],
      "label": "Befehl",
      "configuration": {
        "autorun": false,
        "command": " executeCommandLine(“c:/curl/curl -d ‘’ http://ip:port/keypress/Home”)",
        "interval": 0,
        "timeout": 15,
        "transform": "REGEX((.*))"
      },
      "properties": {},
      "UID": "exec:command:bf3424ddfd",
      "thingTypeUID": "exec:command"
    }
  },
  "http:url:03a1774e6e": {
    "class": "org.openhab.core.thing.internal.ThingStorageEntity",
    "value": {
      "isBridge": false,
      "channels": [
        {
          "uid": "http:url:03a1774e6e:test",
          "id": "test",
          "channelTypeUID": "http:string",
          "itemType": "String",
          "kind": "STATE",
          "label": "test",
          "description": "test",
          "defaultTags": [],
          "properties": {},
          "configuration": {}
        }
      ],
      "label": "HTTP URL Thing",
      "configuration": {
        "WWW-Authenticate": "OpenID realm\u003d\"My Realm\" location\u003d\"http://my/login/location\"",
        "X-OPENHAB-AUTH-HEADER": "MWY2MGVhdWlkD679DF28D89AC19E01DD8DFB61EFCF89D9805DACB05E0797E646B49CF6D97847522E49A0DFE2BA9F",
        "authMode": "BASIC_PREEMPTIVE",
        "baseURL": "https://shelly-88-eu.shelly.cloud/device/",
        "bufferSize": 2048,
        "commandMethod": "POST",
        "commandTransformation": "JINJA:{\"enabled\": {{\"auth_key\u003dMWY2MGVhdWlkD679DF28D89AC19E01DD8DFB61EFCF89D9805DACB05E0797E646B49CF6D97847522E49A0DFE2BA9F\"}} }",
        "contentType": "application/json",
        "delay": 0,
        "encoding": "Test",
        "headers": [
          "headers\u003d\"id\u003d68DF03\",\"auth_key\u003dMWY2MGVhdWlkD679DF28D89AC19E01DD8DFB61EFCF89D9805DACB05E0797E646B49CF6D97847522E49A0DFE2BA9F\",\"OpenID realm\u003dMy Realm\", \"location\u003dhttp://my/login/location\""
        ],
        "id": "68DF03",
        "ignoreSSLErrors": true,
        "password": "raspberryg1",
        "refresh": 10,
        "stateMethod": "POST",
        "timeout": 3000,
        "username": "openhabian"
      },
      "properties": {},
      "UID": "http:url:03a1774e6e",
      "thingTypeUID": "http:url"
    }
  },
  "shelly:shelly25-relay:32ce310953": {
    "class": "org.openhab.core.thing.internal.ThingStorageEntity",
    "value": {
      "isBridge": false,
      "channels": [
        {
          "uid": "shelly:shelly25-relay:32ce310953:device#alarm",
          "id": "device#alarm",
          "channelTypeUID": "shelly:alarmTrigger",
          "kind": "TRIGGER",
          "label": "Alarm",
          "description": "Alarmauslöser, z.B. schwaches WiFi Signal erkannt oder Überhitzung",
          "defaultTags": [],
          "properties": {},
          "configuration": {}
        },
        {
          "uid": "shelly:shelly25-relay:32ce310953:device#wifiSignal",
          "id": "device#wifiSignal",
          "channelTypeUID": "system:signal-strength",
          "itemType": "Number",
          "kind": "STATE",
          "label": "Signalstärke",
          "description": "Zeigt die aktuelle Signalstärke an. Werte von 0 (Kein Signal) bis 4 (Ausgezeichnet).",
          "defaultTags": [
            "Level",
            "Measurement"
          ],
          "properties": {},
          "configuration": {}
        }
      ],
      "label": "Shelly 2.5 Relay",
      "configuration": {
        "deviceIp": "https://shelly-88-eu.shelly.cloud/device/status -d \"id\u003d68DF03\u0026auth_key\u003dcurl -X POST https://shelly-88-eu.shelly.cloud/device/ -d\"id\u003d68DF03\u0026auth_key\u003dMWY2MGVhdWlkD679DF28D89AC19E01DD8DFB61EFCF89D9805DACB05E0797E646B49CF6D97847522E49A0DFE2BA9F\"\"",
        "eventsButton": false,
        "eventsCoIoT": true,
        "eventsPush": false,
        "eventsSwitch": false,
        "password": "raspberryg1",
        "updateInterval": 60,
        "userId": "openhabian"
      },
      "properties": {},
      "UID": "shelly:shelly25-relay:32ce310953",
      "thingTypeUID": "shelly:shelly25-relay"
    }
  },
  "shelly:shellyunknown:750276e440": {
    "class": "org.openhab.core.thing.internal.ThingStorageEntity",
    "value": {
      "isBridge": false,
      "channels": [],
      "label": "Unbekanntes Shelly-Gerät",
      "configuration": {},
      "properties": {},
      "UID": "shelly:shellyunknown:750276e440",
      "thingTypeUID": "shelly:shellyunknown"
    }
  }
}