{
  "rules_tools:tsm": {
    "class": "org.openhab.core.automation.dto.RuleTemplateDTO",
    "value": {
      "label": "Time Based State Machine",
      "uid": "rules_tools:tsm",
      "tags": [
        "marketplace:144208"
      ],
      "description": "Creates timers to transition a state Item to a new state at defined times of day.",
      "visibility": "VISIBLE",
      "configDescriptions": [
        {
          "context": "item",
          "description": "String Item that holds the current time of day\u0027s state.",
          "label": "Time of Day State Item",
          "name": "timeOfDay",
          "required": true,
          "type": "TEXT",
          "readOnly": false,
          "multiple": false,
          "advanced": false,
          "verify": false,
          "limitToOptions": true,
          "options": [],
          "filterCriteria": [
            {
              "value": "String",
              "name": "type"
            }
          ]
        },
        {
          "context": "item",
          "description": "Has as members all the DateTime Items that define time of day states.",
          "label": "Times of Day Group",
          "name": "timesOfDayGrp",
          "required": true,
          "type": "TEXT",
          "readOnly": false,
          "multiple": false,
          "advanced": false,
          "verify": false,
          "limitToOptions": true,
          "options": [],
          "filterCriteria": [
            {
              "value": "Group",
              "name": "type"
            }
          ]
        },
        {
          "description": "The Item metadata namespace (e.g. \"tsm\").",
          "label": "Time of Day Namespace",
          "name": "namespace",
          "required": true,
          "type": "TEXT",
          "readOnly": false,
          "multiple": false,
          "advanced": false,
          "verify": false,
          "limitToOptions": true,
          "options": [],
          "filterCriteria": []
        }
      ],
      "triggers": [
        {
          "id": "1",
          "configuration": {
            "groupName": "{{timesOfDayGrp}}"
          },
          "type": "core.GroupStateChangeTrigger"
        },
        {
          "id": "2",
          "configuration": {
            "startlevel": 100
          },
          "type": "core.SystemStartlevelTrigger"
        },
        {
          "id": "4",
          "configuration": {
            "time": "00:05"
          },
          "type": "timer.TimeOfDayTrigger"
        }
      ],
      "conditions": [],
      "actions": [
        {
          "inputs": {},
          "id": "3",
          "configuration": {
            "script": "// Version 0.5\nvar {TimerMgr, helpers} \u003d require(\u0027openhab_rules_tools\u0027);\nconsole.loggerName \u003d \u0027org.openhab.automation.rules_tools.TimeStateMachine\u0027;\n//osgi.getService(\u0027org.apache.karaf.log.core.LogService\u0027).setLevel(console.loggerName, \u0027DEBUG\u0027);\n\nhelpers.validateLibraries(\u00274.2.0\u0027, \u00272.0.3\u0027);\n\nconsole.debug(\u0027Starting state machine in ten seconds...\u0027);\n\n// Properties\nvar STATE_ITEM  \u003d \"{{timeOfDay}}\";\nvar DT_GROUP    \u003d \"{{timesOfDayGrp}}\";\nvar DAY_TYPES   \u003d [\u0027custom\u0027, \u0027holiday\u0027, \u0027dayset\u0027, \u0027weekend\u0027, \u0027weekday\u0027, \u0027default\u0027];\nvar NAMESPACE   \u003d \u0027{{namespace}}\u0027;\nvar USAGE \u003d   \u0027Time Based State Machine Usage:\\n\u0027\n            + \u0027All date times must be a member of \u0027 + DT_GROUP + \u0027.\\n\u0027\n            + \u0027Each member of the Group must have \u0027 + NAMESPACE + \u0027 Item metadata of the following format:\\n\u0027\n            + \u0027  .items file: \u0027 + NAMESPACE +\u0027\u003d\"STATE\"[type\u003d\"daytype\", set\u003d\"dayset\", file\u003d\"uri\"]\\n\u0027\n            + \"  UI YAML: use \u0027\" + NAMESPACE + \"\u0027 for the namespace and metadata format:\\n\"\n            + \u0027    value: STATE\\n\u0027\n            + \u0027    config:\\n\u0027\n            + \u0027      type: daytype\\n\u0027\n            + \u0027      set: dayset\\n\u0027\n            + \u0027      file: uri\\n\u0027\n            + \u0027Where \"STATE\" is the state machine state that begins at the time stored in that Item, \u0027\n            + \u0027\"daytype\" is one of \"default\", \"weekday\", \"weekend\", \"dayset\", \"holiday\", or \"custom\". \u0027\n            + \u0027If \"dayset\" is chosen for the type, the \"set\" property is required indicating the name of the \u0027\n            + \u0027custom dayset configured in Ephemeris. If \"custom\" is chosen as the type, the \"file\" property \u0027\n            + \u0027is required and should be the fully qualified path the the Ephemeris XML file with the custom \u0027\n            + \u0027holidays defined. The \"set\" and \"file\" properties are invalid when choosing any of the other \u0027\n            + \u0027\"types\".\u0027;\n\n/**\n * Validates the passed in Item has valid NAMESPACE metadata.\n *\n * @param {string} itemName name of the Item to check\n * @throws exception if the metadata doesn\u0027t exist or is invalid\n */\nvar validateItemConfig \u003d (itemName) \u003d\u003e {\n  const md \u003d items[itemName].getMetadata()[NAMESPACE];\n\n  if(md.value \u003d\u003d\u003d undefined || md.value \u003d\u003d\u003d null || md.value \u003d\u003d\u003d \u0027\u0027) {\n    throw itemName + \u0027 has malformed \u0027 + NAMESPACE + \u0027 metadata, no value found!\u0027;\n  }\n\n  const dayType \u003d md.configuration[\u0027type\u0027];\n  if(!dayType) {\n    throw itemName + \u0027 has malformed \u0027 + NAMESPACE + \u0027 metadata, required \"type\" property is not found!\u0027;\n  }\n\n  if(dayType \u003d\u003d \u0027dayset\u0027 \u0026\u0026 !md.configuration[\u0027set\u0027]) {\n    throw itemName + \u0027 has malformed \u0027 + NAMESPACE + \u0027 metadata, type is \"dayset\" but required \"set\" property is not found!\u0027;\n  }\n\n  if(dayType \u003d\u003d \u0027custom\u0027 \u0026\u0026 !md.configuration[\u0027file\u0027]) {\n    throw itemName + \u0027 has malformed \u0027 + NAMESPACE + \u0027 metadata, type is \"custom\" but required \"file\" property is not found!\u0027;\n  }\n\n  if(items[itemName].type !\u003d \u0027DateTimeItem\u0027) {\n    throw itemName + \u0027 is not a DateTime Item!\u0027;\n  }\n\n  if(items[itemName].isUninitialized) {\n    throw itemName + \" is not initialized!: \" + items[itemName].state;\n  }\n\n  console.debug(itemName+ \u0027 is valid\u0027);\n};\n\n/**\n * Return all members of the DT_GROUP that has a \"type\" metadata configuration property that\n * matches the passed in type.\n *\n * @param {string} type the day type defined in the metadata we want to get the Items for\n * @returns {Array} all the Items with the matching type in the metadata\n */\nvar getItemsOfType \u003d (type) \u003d\u003e {\n  const allItems \u003d items[DT_GROUP].members;\n  return allItems.filter( item \u003d\u003e item.getMetadata()[NAMESPACE].configuration[\u0027type\u0027] \u003d\u003d type);\n};\n\n/**\n * Returns true if all the Items of the given type have a unique \"state\" value\n * in the metadata.\n *\n * @param {string} the day type\n * @returns {boolean} true if all states are unique, false otherwise\n */\nvar checkUniqueStates \u003d (type) \u003d\u003e {\n  const allItems \u003d getItemsOfType(type);\n  const states \u003d new Set(allItems.map(i \u003d\u003e { return i.getMetadata()[NAMESPACE].value; }));\n  return !allItems.length || allItems.length \u003d\u003d states.size;\n};\n\n/**\n * Check that all Items are configured correctly.\n */\nvar validateAllConfigs \u003d () \u003d\u003e {\n  console.debug(\u0027Validating Item types, Item metadata, and Group membership\u0027);\n\n  // Check that all members of the Group have metadata\n  const itemsWithMD \u003d items[DT_GROUP].members.filter(item \u003d\u003e item.getMetadata(NAMESPACE)).length;\n  if(itemsWithMD !\u003d items[DT_GROUP].members.length) {\n    const noMdItems \u003d items[DT_GROUP].members.filter(item \u003d\u003e !item.getMetadata(NAMESPACE));\n    console.warn(\u0027The following Items do not have required \u0027 + NAMESPACE + \u0027 metadata: \u0027 + noMdItems.map(item \u003d\u003e item.name).join(\u0027, \u0027));\n    return false; // no sense on performing any additional tests\n  }\n\n  // Check each Item\u0027s metadata\n  let isGood \u003d helpers.checkGrpAndMetadata(NAMESPACE, DT_GROUP, validateItemConfig, USAGE);\n\n  // Check the state item\n  if(!items[STATE_ITEM]){\n    console.warn(\u0027The state Item \u0027 + STATE_ITEM + \u0027 does not exist!\u0027);\n    isGood \u003d false;\n  }\n  const StringItem \u003d Java.type(\u0027org.openhab.core.library.items.StringItem\u0027);\n  if(items[STATE_ITEM].type !\u003d \u0027StringItem\u0027) {\n    console.warn(\u0027The state Item \u0027 + STATE_ITEM + \u0027 is not a String Item!\u0027);\n    isGood \u003d false;\n  }\n\n  // Check to see if we have a default set of Items\n  if(!getItemsOfType(\u0027default\u0027)) {\n    console.warn(\u0027There are no \"default\" day type Items defined! Make sure you have all day types covered!\u0027);\n    // we\u0027ll not invalidate if there are no \"default\" items\n  }\n\n  // Check that each data set has a unique state for each Item\n  DAY_TYPES.forEach(type \u003d\u003e {\n    if(!checkUniqueStates(type)) {\n      console.warn(\u0027Not all the metadata values for Items of type \u0027 + type + \u0027 are unique!\u0027);\n      isGood \u003d false;\n    }\n  })\n\n  // Report if all configs are good or not\n  if(isGood) {\n    console.debug(\u0027All \u0027 + NAMESPACE + \u0027 Items are configured correctly\u0027);\n  }\n  return isGood;\n};\n\n/**\n * Pull the set of Items for today based on Ephemeris. The Ephemeris hierarchy is\n * - custom\n * - holiday\n * - dayset\n * - weeekend\n * - weekday\n * - default\n *\n * If there are no DateTime Items defined for today\u0027s type, null is returned.\n */\nvar getTodayItems \u003d () \u003d\u003e {\n  // Get all the DateTime Items that might apply to today given what type of day it is\n  // For example, if it\u0027s a weekend, there will be no weekday Items pulled. Whether or not\n  // the entry in this dict has an array of Items determines whether today is of that day\n  // type.\n  const startTimes \u003d [\n    { \u0027type\u0027: \u0027custom\u0027,  \u0027times\u0027 : getItemsOfType(\u0027custom\u0027).filter(item \u003d\u003e actions.Ephemeris.isBankHoliday(0, item.getMetadata()[NAMESPACE].configuration[\u0027file\u0027])) },\n    { \u0027type\u0027: \u0027holiday\u0027, \u0027times\u0027 : (actions.Ephemeris.isBankHoliday()) ? getItemsOfType(\u0027holiday\u0027) : [] },\n    { \u0027type\u0027: \u0027dayset\u0027,  \u0027times\u0027 : getItemsOfType(\u0027dayset\u0027).filter(item \u003d\u003e actions.Ephemeris.isInDayset(items.getMetadata()[NAMESPACE].configuration[\u0027set\u0027])) },\n    { \u0027type\u0027: \u0027weekend\u0027, \u0027times\u0027 : (actions.Ephemeris.isWeekend()) ? getItemsOfType(\u0027weekend\u0027) : [] },\n    { \u0027type\u0027: \u0027weekday\u0027, \u0027times\u0027 : (!actions.Ephemeris.isWeekend()) ? getItemsOfType(\u0027weekday\u0027) : [] },\n    { \u0027type\u0027: \u0027default\u0027, \u0027times\u0027 : getItemsOfType(\u0027default\u0027) }\n  ];\n\n  // Go through startTimes in order and choose the first one that has a non-empty list of Items\n  const dayStartTimes \u003d startTimes.find(dayset \u003d\u003e dayset.times.length);\n\n  if(dayStartTimes \u003d\u003d\u003d null) {\n    console.warn(\u0027No DateTime Items found for today\u0027);\n    return null;\n  }\n  else {\n    console.info(\u0027Today is a \u0027 + dayStartTimes.type + \u0027 day.\u0027);\n    return dayStartTimes.times;\n  }\n};\n\n/**\n * Returns a function called to transition the state machine from one state to the next\n *\n * @param {string} state the new state to transition to\n * @param {function} the function that transitions the state\n */\nvar stateTransitionGenerator \u003d (state) \u003d\u003e {\n  return function() {\n    console.info(\u0027Transitioning Time State Machine from \u0027 + items[STATE_ITEM].state + \u0027 to \u0027 + state);\n    items[STATE_ITEM].sendCommand(state);\n  }\n}\n\n/**\n * Returns a function that generates the timers for all the passed in startTimes\n *\n * @param {Array} startTimes list of today\u0027s state start times\n * @param {timerMgr.TimerMgr} timers collection of timers\n * @returns {function} called to generate the timers to transition between the states\n */\nvar createTimersGenerator \u003d (timers) \u003d\u003e {\n  return function() {\n\n    if(validateAllConfigs()) {\n\n      // Cancel the timers, skipping the debounce timer\n      console.debug(\u0027Cancelling existing timers\u0027);\n      timers.cancelAll();\n\n      // Get the set of Items for today\u0027s state machine\n      console.debug(\"Acquiring today\u0027s state start times\");\n      const startTimes \u003d getTodayItems();\n\n      // Get the state and start time, sort them ignoring the date, skip the ones that have\n      // already passed and create a timer to transition for the rest.\n      console.debug(\u0027Creating timers for times that have not already passed\u0027);\n      var mapped \u003d startTimes.map(i \u003d\u003e { return { \u0027state\u0027: i.getMetadata()[NAMESPACE].value,\n                                                  \u0027time\u0027 : time.toZDT(i.state).toToday() } });\n      mapped.sort((a,b) \u003d\u003e {\n               if(a.time.isBefore(b.time)) return -1;\n                else if(a.time.isAfter(b.time)) return 1;\n                else return 0;\n              })\n              .filter(tod \u003d\u003e tod.time.isAfter(time.toZDT()))\n              .forEach(tod \u003d\u003e {\n                // TODO: see if we can move to rules instead of timers\n                console.debug(\u0027Creating timer for \u0027 + tod.state + \u0027 at \u0027 + tod.time);\n                timers.check(tod.state, tod.time.toString(), stateTransitionGenerator(tod.state));\n              });\n\n      // Figure out the current time of day and move to that state if necessary\n      var beforeTimes \u003d mapped.sort((a,b) \u003d\u003e {\n                                if(a.time.isAfter(b.time)) return -1;\n                                else if(a.time.isBefore(b.time)) return 1;\n                                else return 0;\n                              })\n                              .filter(tod \u003d\u003e tod.time.isBefore(time.toZDT()));\n      if(!beforeTimes.length) {\n        console.debug(\"There is no date time for today before now, we can\u0027t know what the current state is, keeping the current time of day state of \" + items[STATE_ITEM].state + \".\");\n      }\n      else {\n        const currState \u003d beforeTimes[0].state\n        const stateItem \u003d items[STATE_ITEM];\n        console.info(\u0027The current state is \u0027 + currState);\n        if(stateItem.state !\u003d currState) stateItem.sendCommand(currState)\n      }\n    }\n    else {\n      console.warn(\u0027The config is not valid, cannot proceed!\u0027);\n    }\n\n  };\n};\n\nvar timers \u003d cache.private.get(\u0027timers\u0027, () \u003d\u003e TimerMgr());\n\n// Wait a minute after the last time the rule is triggered to make sure all Items are done changing (e.g.\n// Astro Items) before calculating the new state.\ntimers.check(\u0027debounce\u0027,\n             \u0027PT10S\u0027,\n             createTimersGenerator(timers),\n             true,\n             () \u003d\u003e { console.debug(\u0027Flapping detected, waiting before creating timers for today\u0027); });\n",
            "type": "application/javascript"
          },
          "type": "script.ScriptAction"
        }
      ]
    }
  }
}