{
  "marketplace:115190": {
    "class": "java.lang.String",
    "value": "{\"uid\":\"marketplace:115190\",\"id\":\"115190\",\"label\":\"Grafana chart with time ranges\",\"version\":\"\",\"maturity\":\"stable\",\"compatible\":true,\"contentType\":\"application/vnd.openhab.uicomponent;type\\u003dwidget\",\"link\":\"https://community.openhab.org/t/115190\",\"author\":\"Marcus\",\"verifiedAuthor\":false,\"installed\":false,\"type\":\"ui\",\"detailedDescription\":\"\\u003cp\\u003eWith great support by \\u003ca class\\u003d\\\"mention\\\" href\\u003d\\\"/u/bobmiles\\\"\\u003e@BobMiles\\u003c/a\\u003e, \\u003ca class\\u003d\\\"mention\\\" href\\u003d\\\"/u/rgroll\\\"\\u003e@RGroll\\u003c/a\\u003e and \\u003ca class\\u003d\\\"mention\\\" href\\u003d\\\"/u/ysc\\\"\\u003e@ysc\\u003c/a\\u003e I managed to create a widget to embed grafana charts with configurable time ranges.\\u003c/p\\u003e\\n\\u003cp\\u003eIf interested, you can find the whole discussion \\u003ca href\\u003d\\\"https://community.openhab.org/t/oh3-image-card-in-mainui-how-to-refresh-image/112722/1\\\"\\u003ehere\\u003c/a\\u003e.\\u003c/p\\u003e\\n\\u003cp\\u003e\\u003cimg src\\u003d\\\"//community-openhab-org.s3.dualstack.eu-central-1.amazonaws.com/original/3X/a/0/a036b6a6959c4c9cefe5f6f3ee4b0aa9ebc0e6f5.gif\\\" alt\\u003d\\\"Grafana chart widget\\\" data-base62-sha1\\u003d\\\"mRjCkYGJzLVpmGOf2qrWHXqRDkF\\\" width\\u003d\\\"673\\\" height\\u003d\\\"386\\\" class\\u003d\\\"animated\\\"\\u003e\\u003c/p\\u003e\\n\\u003cp\\u003e\\u003cimg src\\u003d\\\"//community-openhab-org.s3.dualstack.eu-central-1.amazonaws.com/original/3X/d/3/d36bff36b24ca56fd395fb99ae1c6126f8e535ef.png\\\" alt\\u003d\\\"Grafana widget props\\\" data-base62-sha1\\u003d\\\"uak7YoWoOljz2xPrTa3tFHuHwXZ\\\" width\\u003d\\\"630\\\" height\\u003d\\\"435\\\"\\u003e\\u003c/p\\u003e\\n\\u003cp\\u003eSource URL:\\u003cbr\\u003e\\nMake sure you insert \\u003cstrong\\u003e{period}\\u003c/strong\\u003e inside the URL where you would want to have the time range pasted.\\u003c/p\\u003e\\n\\u003cp\\u003eExample:\\u003c/p\\u003e\\n\\u003cpre\\u003e\\u003ccode class\\u003d\\\"lang-yaml\\\"\\u003ehttp://192.168.0.13:3000/d-solo/4OdYJNbMk/energie-pv-haus?orgId\\u003d1\\u0026amp;refresh\\u003d1m\\u0026amp;from\\u003dnow-{period}\\u0026amp;to\\u003dnow\\u0026amp;panelId\\u003d2\\n\\u003c/code\\u003e\\u003c/pre\\u003e\\n\\u003ch3\\u003e\\n\\u003ca name\\u003d\\\"resources-1\\\" class\\u003d\\\"anchor\\\" href\\u003d\\\"#resources-1\\\"\\u003e\\u003c/a\\u003eResources\\u003c/h3\\u003e\\n\\u003cp\\u003eFull widget YAML (updated 2021-04-05: segmented “strong” removed):\\u003c/p\\u003e\\n\\u003cpre\\u003e\\u003ccode class\\u003d\\\"lang-yaml\\\"\\u003euid: Grafana chart with timeranges\\ntags: []\\nprops:\\n  parameters:\\n    - description: Title of the chart\\n      label: Title\\n      name: title\\n      required: false\\n      type: TEXT\\n    - description: Footer of the chart\\n      label: Footer\\n      name: footer\\n      required: false\\n      type: TEXT\\n    - description: URL to show in the frame\\n      label: Source URL\\n      name: URL\\n      required: true\\n      type: TEXT\\n    - description: Comma-separated list of options. Use value\\u003dlabel format (e.g. 1d\\u003d1 day) to provide a label different than the option. Minimum 1 entry required. The first entry is the default timerange.\\n      label: Time range options\\n      name: timerange\\n      required: true\\n      type: TEXT\\n    - description: Height of the Frame (empty \\u003d default)\\n      label: Height\\n      name: height\\n      required: false\\n      type: TEXT\\n  parameterGroups: []\\ntimestamp: Mar 21, 2021, 5:17:50 PM\\ncomponent: f7-card-content\\nconfig:\\n  style:\\n    --f7-card-margin-horizontal: 0px\\n    --f7-card-margin-vertical: 3px\\n    --f7-card-content-padding-horizontal: 10px\\n    --f7-card-content-padding-vertical: 10px\\nslots:\\n  default:\\n    - component: oh-webframe-card\\n      config:\\n        title: \\u003dprops.title\\n        borders: false\\n        noBorder: false\\n        outline: true\\n        height: \\u003dprops.height\\n        src: \\u003dprops.URL.replace(\\u0027{period}\\u0027, vars.selectedPeriod || [props.timerange.split(\\u0027,\\u0027)[0].split(\\u0027\\u003d\\u0027)[0]])\\n        footer: \\u003dprops.footer\\n        class:\\n          - display-block\\n    - component: f7-segmented\\n      config:\\n        round: false\\n        outline: false\\n        style:\\n          --f7-button-bg-color: rgba(255, 255, 255, 0.05)\\n      slots:\\n        default:\\n          - component: oh-repeater\\n            config:\\n              sourceType: range\\n              for: size\\n              fragment: true\\n            slots:\\n              default:\\n                - component: oh-repeater\\n                  config:\\n                    fragment: true\\n                    for: period\\n                    in: \\u003d[props.timerange.split(\\\",\\\")[loop.size].split(\\\"\\u003d\\\")[1]]\\n                  slots:\\n                    default:\\n                      - component: oh-button\\n                        config:\\n                          text: \\u003dloop.period\\n                          fill: \\\"\\u003d(([props.timerange.split(\\u0027,\\u0027)[loop.size].split(\\u0027\\u003d\\u0027)[0]] \\u003d\\u003d vars.selectedPeriod) || (props.timerange.split(\\u0027,\\u0027)[0].split(\\u0027\\u003d\\u0027)[1] \\u003d\\u003d\\u003d loop.period) \\u0026amp;\\u0026amp; !vars.selectedPeriod) ? true : false\\\"\\n                          round: false\\n                          outline: true\\n                          style:\\n                            --f7-button-font-size: 14px\\n                            --f7-button-font-weight: 300\\n                            --f7-button-text-transform: none\\n                            --f7-button-border-width: 1px\\n                            --f7-button-text-color: white\\n                            --f7-button-border-color: rgba(255,255,255,.15)\\n                            --f7-button-padding-vertical: 0px\\n                            --f7-button-padding-horizontal: 0px\\n                            --f7-button-fill-hover-bg-color: rgba(var(--f7-theme-color-rgb), 1)\\n                          action: variable\\n                          actionVariable: selectedPeriod\\n                          actionVariableValue: \\u003dprops.timerange.split(\\\",\\\")[loop.size].split(\\\"\\u003d\\\")[0]\\n\\u003c/code\\u003e\\u003c/pre\\u003e\\n\\u003cp\\u003e\\u003cstrong\\u003eNew version with more flexible implementation of time ranges:\\u003c/strong\\u003e\\u003c/p\\u003e\\n\\u003cp\\u003eChangelog:\\u003cbr\\u003e\\nv02: added default timeranges in props\\u003c/p\\u003e\\n\\u003cpre\\u003e\\u003ccode class\\u003d\\\"lang-yaml\\\"\\u003euid: Grafana chart with timeranges v02\\ntags: []\\nprops:\\n  parameters:\\n    - description: Title of the chart\\n      label: Title\\n      name: title\\n      required: false\\n      type: TEXT\\n    - description: URL to show in the frame\\n      label: Source URL\\n      name: URL\\n      required: true\\n      type: TEXT\\n    - default: from\\u003dnow-6h\\u0026amp;to\\u003dnow;6h,from\\u003dnow-12h\\u0026amp;to\\u003dnow;12h,from\\u003dnow-1d\\u0026amp;to\\u003dnow;24h,from\\u003dnow/d\\u0026amp;to\\u003dnow/d;Day,from\\u003dnow-3d\\u0026amp;to\\u003dnow;Last 3 Days,from\\u003dnow-7d\\u0026amp;to\\u003dnow;Last 7 Days,from\\u003dnow-14d\\u0026amp;to\\u003dnow;Last 14 Days\\n      description: Comma-separated List of options. Example \\\"from\\u003dnow-6h\\u0026amp;to\\u003dnow;-6h,from\\u003dnow-1d/d\\u0026amp;to\\u003dnow-1d/d;yesterday\\\" for past \\\"6h\\\" and \\\"yesterday\\\". First entry is default.\\n      label: Time range options\\n      name: timerange\\n      required: true\\n      type: TEXT\\n    - description: Height of the Frame (empty \\u003d default)\\n      label: Height\\n      name: height\\n      required: false\\n      type: TEXT\\n  parameterGroups: []\\ntimestamp: Apr 23, 2021, 4:40:01 PM\\ncomponent: f7-card\\nconfig:\\n  title: \\u003dprops.title\\n  outline: true\\n  style:\\n    --f7-card-margin-horizontal: 10px\\n    --f7-card-margin-vertical: 3px\\n    --f7-card-padding-horizontal: 10px\\n    --f7-card-padding-vertical: 100px\\n    margin-top: 10px\\n    margin-bottom: 10px\\n    noShadow: false\\n    border-radius: var(--f7-card-expandable-border-radius)\\n    box-shadow: 5px 5px 10px 1px rgba(0,0,0,0.3)\\nslots:\\n  default:\\n    - component: oh-webframe-card\\n      config:\\n        borders: false\\n        noBorder: false\\n        noShadow: true\\n        height: \\u003dprops.height\\n        src: \\u003dprops.URL.replace(\\u0027{period}\\u0027, vars.selectedPeriod || [props.timerange.split(\\u0027,\\u0027)[0].split(\\u0027;\\u0027)[0]])\\n        class:\\n          - display-block\\n    - component: f7-segmented\\n      config:\\n        round: false\\n        outline: false\\n        class:\\n          - padding-bottom-half\\n        style:\\n          margin-left: 10px\\n          margin-right: 10px\\n          --f7-button-font-size: 14px\\n          --f7-button-text-color: \\\"\\u003dthemeOptions.dark \\u003d\\u003d\\u003d \\u0027light\\u0027 ? \\u0027black\\u0027 : \\u0027white\\u0027\\\"\\n          --f7-button-text-transform: none\\n          --f7-button-border-radius: 4px\\n          --f7-button-outline-border-width: 1px\\n          --f7-button-font-weight: 300\\n          --f7-button-padding-vertical: 0px\\n          --f7-button-padding-horizontal: 0px\\n      slots:\\n        default:\\n          - component: oh-repeater\\n            config:\\n              sourceType: range\\n              for: size\\n              fragment: true\\n            slots:\\n              default:\\n                - component: oh-repeater\\n                  config:\\n                    fragment: true\\n                    for: period\\n                    in: \\u003d[props.timerange.split(\\\",\\\")[loop.size].split(\\\";\\\")[1]]\\n                  slots:\\n                    default:\\n                      - component: oh-button\\n                        config:\\n                          text: \\u003dloop.period\\n                          fill: \\\"\\u003d(([props.timerange.split(\\u0027,\\u0027)[loop.size].split(\\u0027;\\u0027)[0]] \\u003d\\u003d vars.selectedPeriod) || (props.timerange.split(\\u0027,\\u0027)[0].split(\\u0027;\\u0027)[1] \\u003d\\u003d\\u003d loop.period) \\u0026amp;\\u0026amp; !vars.selectedPeriod) ? true : false\\\"\\n                          round: false\\n                          outline: true\\n                          style:\\n                            --f7-button-border-color: var(--f7-card-outline-border-color)\\n                          action: variable\\n                          actionVariable: selectedPeriod\\n                          actionVariableValue: \\u003dprops.timerange.split(\\\",\\\")[loop.size].split(\\\";\\\")[0]\\n\\u003c/code\\u003e\\u003c/pre\\u003e\\n\\u003cp\\u003eThis one requires adjustment in the widget props as follows:\\u003c/p\\u003e\\n\\u003cpre\\u003e\\u003ccode class\\u003d\\\"lang-yaml\\\"\\u003econfig:\\n  URL: http://192.168.0.13:3000/d-solo/4OdYJNbMk/energie-pv-haus?orgId\\u003d1\\u0026amp;refresh\\u003d1m\\u0026amp;theme\\u003dlight\\u0026amp;{period}\\u0026amp;panelId\\u003d2\\n  timerange: from\\u003dnow-6h\\u0026amp;to\\u003dnow;6h,from\\u003dnow-12h\\u0026amp;to\\u003dnow;12h,from\\u003dnow-1d\\u0026amp;to\\u003dnow;24h,from\\u003dnow/d\\u0026amp;to\\u003dnow/d;Tag,from\\u003dnow-1d/d\\u0026amp;to\\u003dnow-1d/d;Tag-1,from\\u003dnow-2d/d\\u0026amp;to\\u003dnow-2d/d;Tag-2\\n\\u003c/code\\u003e\\u003c/pre\\u003e\\n\\u003cp\\u003eHope some of you find it useful \\u003cimg src\\u003d\\\"https://community.openhab.org/images/emoji/twitter/slightly_smiling_face.png?v\\u003d12\\\" title\\u003d\\\":slightly_smiling_face:\\\" class\\u003d\\\"emoji\\\" alt\\u003d\\\":slightly_smiling_face:\\\" loading\\u003d\\\"lazy\\\" width\\u003d\\\"20\\\" height\\u003d\\\"20\\\"\\u003e\\u003c/p\\u003e\",\"configDescriptionURI\":\"\",\"keywords\":\"\",\"countries\":[],\"connection\":\"\",\"imageLink\":\"//community-openhab-org.s3.dualstack.eu-central-1.amazonaws.com/original/3X/a/0/a036b6a6959c4c9cefe5f6f3ee4b0aa9ebc0e6f5.gif\",\"properties\":{\"like_count\":30,\"updated_at\":\"2023-02-26T22:07:23.105Z\",\"yaml_content\":\"http://192.168.0.13:3000/d-solo/4OdYJNbMk/energie-pv-haus?orgId\\u003d1\\u0026refresh\\u003d1m\\u0026from\\u003dnow-{period}\\u0026to\\u003dnow\\u0026panelId\\u003d2\\n\",\"created_at\":\"2021-01-23T17:25:51.640Z\",\"views\":16015,\"posts_count\":75,\"tags\":[\"published\",\"stable\"]},\"loggerPackages\":[]}"
  },
  "marketplace:127249": {
    "class": "java.lang.String",
    "value": "{\"uid\":\"marketplace:127249\",\"id\":\"127249\",\"label\":\"AirCondition Controller\",\"version\":\"\",\"maturity\":\"stable\",\"compatible\":true,\"contentType\":\"application/vnd.openhab.uicomponent;type\\u003dwidget\",\"link\":\"https://community.openhab.org/t/127249\",\"author\":\"Hans-Jörg Merk\",\"verifiedAuthor\":false,\"installed\":false,\"type\":\"ui\",\"detailedDescription\":\"\\u003cp\\u003e\\u003cdiv class\\u003d\\\"lightbox-wrapper\\\"\\u003e\\u003ca class\\u003d\\\"lightbox\\\" href\\u003d\\\"//community-openhab-org.s3.dualstack.eu-central-1.amazonaws.com/original/3X/1/1/1128b4a40b88393460cae869d8842de578c9b4c1.jpeg\\\" data-download-href\\u003d\\\"/uploads/short-url/2rNkmnNc4RP8o36ZvOMQ28DIrQJ.jpeg?dl\\u003d1\\\" title\\u003d\\\"image\\\"\\u003e\\u003cimg src\\u003d\\\"//community-openhab-org.s3.dualstack.eu-central-1.amazonaws.com/optimized/3X/1/1/1128b4a40b88393460cae869d8842de578c9b4c1_2_459x500.jpeg\\\" alt\\u003d\\\"image\\\" data-base62-sha1\\u003d\\\"2rNkmnNc4RP8o36ZvOMQ28DIrQJ\\\" width\\u003d\\\"459\\\" height\\u003d\\\"500\\\" srcset\\u003d\\\"//community-openhab-org.s3.dualstack.eu-central-1.amazonaws.com/optimized/3X/1/1/1128b4a40b88393460cae869d8842de578c9b4c1_2_459x500.jpeg, //community-openhab-org.s3.dualstack.eu-central-1.amazonaws.com/optimized/3X/1/1/1128b4a40b88393460cae869d8842de578c9b4c1_2_688x750.jpeg 1.5x, //community-openhab-org.s3.dualstack.eu-central-1.amazonaws.com/original/3X/1/1/1128b4a40b88393460cae869d8842de578c9b4c1.jpeg 2x\\\" data-small-upload\\u003d\\\"//community-openhab-org.s3.dualstack.eu-central-1.amazonaws.com/optimized/3X/1/1/1128b4a40b88393460cae869d8842de578c9b4c1_2_10x10.png\\\"\\u003e\\u003cdiv class\\u003d\\\"meta\\\"\\u003e\\n\\u003csvg class\\u003d\\\"fa d-icon d-icon-far-image svg-icon\\\" aria-hidden\\u003d\\\"true\\\"\\u003e\\u003cuse xlink:href\\u003d\\\"#far-image\\\"\\u003e\\u003c/use\\u003e\\u003c/svg\\u003e\\u003cspan class\\u003d\\\"filename\\\"\\u003eimage\\u003c/span\\u003e\\u003cspan class\\u003d\\\"informations\\\"\\u003e750×816 65.7 KB\\u003c/span\\u003e\\u003csvg class\\u003d\\\"fa d-icon d-icon-discourse-expand svg-icon\\\" aria-hidden\\u003d\\\"true\\\"\\u003e\\u003cuse xlink:href\\u003d\\\"#discourse-expand\\\"\\u003e\\u003c/use\\u003e\\u003c/svg\\u003e\\n\\u003c/div\\u003e\\u003c/a\\u003e\\u003c/div\\u003e\\u003c/p\\u003e\\n\\u003cp\\u003eInspired by the great heating Widget by \\u003ca class\\u003d\\\"mention\\\" href\\u003d\\\"/u/nico_r\\\"\\u003e@Nico_R\\u003c/a\\u003e (\\u003ca href\\u003d\\\"https://community.openhab.org/t/heating-widget/115107\\\" class\\u003d\\\"inline-onebox\\\"\\u003eHeating widget\\u003c/a\\u003e), I decided to adopt this to control my Intesis Air Condition Controllers\\u003c/p\\u003e\\n\\u003ch2\\u003e\\n\\u003ca name\\u003d\\\"changelog-1\\\" class\\u003d\\\"anchor\\\" href\\u003d\\\"#changelog-1\\\"\\u003e\\u003c/a\\u003eChangelog\\u003c/h2\\u003e\\n\\u003ch3\\u003e\\n\\u003ca name\\u003d\\\"version-01-2\\\" class\\u003d\\\"anchor\\\" href\\u003d\\\"#version-01-2\\\"\\u003e\\u003c/a\\u003eVersion 0.1\\u003c/h3\\u003e\\n\\u003cul\\u003e\\n\\u003cli\\u003einitial release\\u003c/li\\u003e\\n\\u003c/ul\\u003e\\n\\u003ch2\\u003e\\n\\u003ca name\\u003d\\\"resources-3\\\" class\\u003d\\\"anchor\\\" href\\u003d\\\"#resources-3\\\"\\u003e\\u003c/a\\u003eResources\\u003c/h2\\u003e\\n\\u003caside class\\u003d\\\"onebox githubblob\\\" data-onebox-src\\u003d\\\"https://github.com/hmerk/openHAB-3-ui-widget-AirConditionController-/blob/main/AirConditionController.yaml\\\"\\u003e\\n  \\u003cheader class\\u003d\\\"source\\\"\\u003e\\n\\n      \\u003ca href\\u003d\\\"https://github.com/hmerk/openHAB-3-ui-widget-AirConditionController-/blob/main/AirConditionController.yaml\\\" target\\u003d\\\"_blank\\\" rel\\u003d\\\"noopener\\\"\\u003egithub.com\\u003c/a\\u003e\\n  \\u003c/header\\u003e\\n\\n  \\u003carticle class\\u003d\\\"onebox-body\\\"\\u003e\\n    \\u003ch4\\u003e\\u003ca href\\u003d\\\"https://github.com/hmerk/openHAB-3-ui-widget-AirConditionController-/blob/main/AirConditionController.yaml\\\" target\\u003d\\\"_blank\\\" rel\\u003d\\\"noopener\\\"\\u003ehmerk/openHAB-3-ui-widget-AirConditionController-/blob/main/AirConditionController.yaml\\u003c/a\\u003e\\u003c/h4\\u003e\\n\\n\\n    \\u003cpre\\u003e\\u003ccode class\\u003d\\\"lang-yaml\\\"\\u003euid: AirConditionController\\ntags: []\\nprops:\\n  parameters:\\n    - description: eg. living room\\n      label: location and widget identifier\\n      name: location\\n      required: true\\n      type: TEXT\\n    - description: Visual size of the control in px (default 400px), without a size the design is responsive\\n      label: size [px]\\n      name: size\\n      required: false\\n      type: TEXT\\n    - description: Minimum value\\n      label: minTemp\\n      name: minTemp\\n      required: true\\n      type: TEXT\\n    - description: Maximum value\\n\\u003c/code\\u003e\\u003c/pre\\u003e\\n\\n\\n  This file has been truncated. \\u003ca href\\u003d\\\"https://github.com/hmerk/openHAB-3-ui-widget-AirConditionController-/blob/main/AirConditionController.yaml\\\" target\\u003d\\\"_blank\\\" rel\\u003d\\\"noopener\\\"\\u003eshow original\\u003c/a\\u003e\\n\\n  \\u003c/article\\u003e\\n\\n  \\u003cdiv class\\u003d\\\"onebox-metadata\\\"\\u003e\\n    \\n    \\n  \\u003c/div\\u003e\\n\\n  \\u003cdiv style\\u003d\\\"clear: both\\\"\\u003e\\u003c/div\\u003e\\n\\u003c/aside\\u003e\\n\",\"configDescriptionURI\":\"\",\"keywords\":\"\",\"countries\":[],\"connection\":\"\",\"imageLink\":\"//community-openhab-org.s3.dualstack.eu-central-1.amazonaws.com/original/3X/1/1/1128b4a40b88393460cae869d8842de578c9b4c1.jpeg\",\"properties\":{\"like_count\":6.0,\"updated_at\":\"2021-10-06T14:02:00.494Z\",\"yaml_content\":\"uid: AirConditionController\\ntags: []\\nprops:\\n  parameters:\\n    - description: eg. living room\\n      label: location and widget identifier\\n      name: location\\n      required: true\\n      type: TEXT\\n    - description: Visual size of the control in px (default 400px), without a size the design is responsive\\n      label: size [px]\\n      name: size\\n      required: false\\n      type: TEXT\\n    - description: Minimum value\\n      label: minTemp\\n      name: minTemp\\n      required: true\\n      type: TEXT\\n    - description: Maximum value\\n\",\"created_at\":\"2021-10-06T14:02:00.494Z\",\"yaml_download_url\":\"https://github.com/hmerk/openHAB-3-ui-widget-AirConditionController-/blob/main/AirConditionController.yaml\",\"views\":5752.0,\"posts_count\":11.0,\"tags\":[\"published\",\"stable\",\"ui\"]},\"loggerPackages\":[]}"
  }
}