{
  "config:jsonpath:5a2576ccb8": {
    "class": "org.openhab.core.transform.ManagedTransformationProvider$PersistedTransformation",
    "value": {
      "uid": "config:jsonpath:5a2576ccb8",
      "label": "JP",
      "type": "jsonpath",
      "configuration": {
        "function": "rule \"Convert JSON to Item Type Number\"\n  when\n    Item Temperature_json changed\n then\n    // use the transformation service to retrieve the value\n    val newValue \u003d transform(\"JSONPATH\", \"$.device.status.temperature\", Temperature_json.state.toString)\n\n    // post the new value to the Number Item\n    Temperature.postUpdate( newValue )\n end"
      }
    }
  }
}