{
  "Befehl_Ausfuhrung -\u003e exec:command:bf3424ddfd:run": {
    "class": "org.openhab.core.thing.link.ItemChannelLink",
    "value": {
      "channelUID": {
        "segments": [
          "exec",
          "command",
          "bf3424ddfd",
          "run"
        ],
        "uid": "exec:command:bf3424ddfd:run"
      },
      "configuration": {
        "properties": {}
      },
      "itemName": "Befehl_Ausfuhrung"
    }
  },
  "TESTNODE -\u003e exec:command:bf3424ddfd:run": {
    "class": "org.openhab.core.thing.link.ItemChannelLink",
    "value": {
      "channelUID": {
        "segments": [
          "exec",
          "command",
          "bf3424ddfd",
          "run"
        ],
        "uid": "exec:command:bf3424ddfd:run"
      },
      "configuration": {
        "properties": {}
      },
      "itemName": "TESTNODE"
    }
  }
}