{
  "marketplace:115190": {
    "class": "java.lang.String",
    "value": "{\"uid\":\"marketplace:115190\",\"id\":\"115190\",\"label\":\"Grafana chart with time ranges\",\"version\":\"\",\"maturity\":\"stable\",\"compatible\":true,\"contentType\":\"application/vnd.openhab.uicomponent;type\\u003dwidget\",\"link\":\"https://community.openhab.org/t/115190\",\"author\":\"Marcus\",\"verifiedAuthor\":false,\"installed\":false,\"type\":\"ui\",\"detailedDescription\":\"\\u003cp\\u003eWith great support by \\u003ca class\\u003d\\\"mention\\\" href\\u003d\\\"/u/bobmiles\\\"\\u003e@BobMiles\\u003c/a\\u003e, \\u003ca class\\u003d\\\"mention\\\" href\\u003d\\\"/u/rgroll\\\"\\u003e@RGroll\\u003c/a\\u003e and \\u003ca class\\u003d\\\"mention\\\" href\\u003d\\\"/u/ysc\\\"\\u003e@ysc\\u003c/a\\u003e I managed to create a widget to embed grafana charts with configurable time ranges.\\u003c/p\\u003e\\n\\u003cp\\u003eIf interested, you can find the whole discussion \\u003ca href\\u003d\\\"https://community.openhab.org/t/oh3-image-card-in-mainui-how-to-refresh-image/112722/1\\\"\\u003ehere\\u003c/a\\u003e.\\u003c/p\\u003e\\n\\u003cp\\u003e\\u003cimg src\\u003d\\\"//community-openhab-org.s3.dualstack.eu-central-1.amazonaws.com/original/3X/a/0/a036b6a6959c4c9cefe5f6f3ee4b0aa9ebc0e6f5.gif\\\" alt\\u003d\\\"Grafana chart widget\\\" data-base62-sha1\\u003d\\\"mRjCkYGJzLVpmGOf2qrWHXqRDkF\\\" width\\u003d\\\"673\\\" height\\u003d\\\"386\\\" class\\u003d\\\"animated\\\"\\u003e\\u003c/p\\u003e\\n\\u003cp\\u003e\\u003cimg src\\u003d\\\"//community-openhab-org.s3.dualstack.eu-central-1.amazonaws.com/original/3X/d/3/d36bff36b24ca56fd395fb99ae1c6126f8e535ef.png\\\" alt\\u003d\\\"Grafana widget props\\\" data-base62-sha1\\u003d\\\"uak7YoWoOljz2xPrTa3tFHuHwXZ\\\" width\\u003d\\\"630\\\" height\\u003d\\\"435\\\"\\u003e\\u003c/p\\u003e\\n\\u003cp\\u003eSource URL:\\u003cbr\\u003e\\nMake sure you insert \\u003cstrong\\u003e{period}\\u003c/strong\\u003e inside the URL where you would want to have the time range pasted.\\u003c/p\\u003e\\n\\u003cp\\u003eExample:\\u003c/p\\u003e\\n\\u003cpre\\u003e\\u003ccode class\\u003d\\\"lang-yaml\\\"\\u003ehttp://192.168.0.13:3000/d-solo/4OdYJNbMk/energie-pv-haus?orgId\\u003d1\\u0026amp;refresh\\u003d1m\\u0026amp;from\\u003dnow-{period}\\u0026amp;to\\u003dnow\\u0026amp;panelId\\u003d2\\n\\u003c/code\\u003e\\u003c/pre\\u003e\\n\\u003ch3\\u003e\\n\\u003ca name\\u003d\\\"resources-1\\\" class\\u003d\\\"anchor\\\" href\\u003d\\\"#resources-1\\\"\\u003e\\u003c/a\\u003eResources\\u003c/h3\\u003e\\n\\u003cp\\u003eFull widget YAML (updated 2021-04-05: segmented “strong” removed):\\u003c/p\\u003e\\n\\u003cpre\\u003e\\u003ccode class\\u003d\\\"lang-yaml\\\"\\u003euid: Grafana chart with timeranges\\ntags: []\\nprops:\\n  parameters:\\n    - description: Title of the chart\\n      label: Title\\n      name: title\\n      required: false\\n      type: TEXT\\n    - description: Footer of the chart\\n      label: Footer\\n      name: footer\\n      required: false\\n      type: TEXT\\n    - description: URL to show in the frame\\n      label: Source URL\\n      name: URL\\n      required: true\\n      type: TEXT\\n    - description: Comma-separated list of options. Use value\\u003dlabel format (e.g. 1d\\u003d1 day) to provide a label different than the option. Minimum 1 entry required. The first entry is the default timerange.\\n      label: Time range options\\n      name: timerange\\n      required: true\\n      type: TEXT\\n    - description: Height of the Frame (empty \\u003d default)\\n      label: Height\\n      name: height\\n      required: false\\n      type: TEXT\\n  parameterGroups: []\\ntimestamp: Mar 21, 2021, 5:17:50 PM\\ncomponent: f7-card-content\\nconfig:\\n  style:\\n    --f7-card-margin-horizontal: 0px\\n    --f7-card-margin-vertical: 3px\\n    --f7-card-content-padding-horizontal: 10px\\n    --f7-card-content-padding-vertical: 10px\\nslots:\\n  default:\\n    - component: oh-webframe-card\\n      config:\\n        title: \\u003dprops.title\\n        borders: false\\n        noBorder: false\\n        outline: true\\n        height: \\u003dprops.height\\n        src: \\u003dprops.URL.replace(\\u0027{period}\\u0027, vars.selectedPeriod || [props.timerange.split(\\u0027,\\u0027)[0].split(\\u0027\\u003d\\u0027)[0]])\\n        footer: \\u003dprops.footer\\n        class:\\n          - display-block\\n    - component: f7-segmented\\n      config:\\n        round: false\\n        outline: false\\n        style:\\n          --f7-button-bg-color: rgba(255, 255, 255, 0.05)\\n      slots:\\n        default:\\n          - component: oh-repeater\\n            config:\\n              sourceType: range\\n              for: size\\n              fragment: true\\n            slots:\\n              default:\\n                - component: oh-repeater\\n                  config:\\n                    fragment: true\\n                    for: period\\n                    in: \\u003d[props.timerange.split(\\\",\\\")[loop.size].split(\\\"\\u003d\\\")[1]]\\n                  slots:\\n                    default:\\n                      - component: oh-button\\n                        config:\\n                          text: \\u003dloop.period\\n                          fill: \\\"\\u003d(([props.timerange.split(\\u0027,\\u0027)[loop.size].split(\\u0027\\u003d\\u0027)[0]] \\u003d\\u003d vars.selectedPeriod) || (props.timerange.split(\\u0027,\\u0027)[0].split(\\u0027\\u003d\\u0027)[1] \\u003d\\u003d\\u003d loop.period) \\u0026amp;\\u0026amp; !vars.selectedPeriod) ? true : false\\\"\\n                          round: false\\n                          outline: true\\n                          style:\\n                            --f7-button-font-size: 14px\\n                            --f7-button-font-weight: 300\\n                            --f7-button-text-transform: none\\n                            --f7-button-border-width: 1px\\n                            --f7-button-text-color: white\\n                            --f7-button-border-color: rgba(255,255,255,.15)\\n                            --f7-button-padding-vertical: 0px\\n                            --f7-button-padding-horizontal: 0px\\n                            --f7-button-fill-hover-bg-color: rgba(var(--f7-theme-color-rgb), 1)\\n                          action: variable\\n                          actionVariable: selectedPeriod\\n                          actionVariableValue: \\u003dprops.timerange.split(\\\",\\\")[loop.size].split(\\\"\\u003d\\\")[0]\\n\\u003c/code\\u003e\\u003c/pre\\u003e\\n\\u003cp\\u003e\\u003cstrong\\u003eNew version with more flexible implementation of time ranges:\\u003c/strong\\u003e\\u003c/p\\u003e\\n\\u003cp\\u003eChangelog:\\u003cbr\\u003e\\nv02: added default timeranges in props\\u003c/p\\u003e\\n\\u003cpre\\u003e\\u003ccode class\\u003d\\\"lang-yaml\\\"\\u003euid: Grafana chart with timeranges v02\\ntags: []\\nprops:\\n  parameters:\\n    - description: Title of the chart\\n      label: Title\\n      name: title\\n      required: false\\n      type: TEXT\\n    - description: URL to show in the frame\\n      label: Source URL\\n      name: URL\\n      required: true\\n      type: TEXT\\n    - default: from\\u003dnow-6h\\u0026amp;to\\u003dnow;6h,from\\u003dnow-12h\\u0026amp;to\\u003dnow;12h,from\\u003dnow-1d\\u0026amp;to\\u003dnow;24h,from\\u003dnow/d\\u0026amp;to\\u003dnow/d;Day,from\\u003dnow-3d\\u0026amp;to\\u003dnow;Last 3 Days,from\\u003dnow-7d\\u0026amp;to\\u003dnow;Last 7 Days,from\\u003dnow-14d\\u0026amp;to\\u003dnow;Last 14 Days\\n      description: Comma-separated List of options. Example \\\"from\\u003dnow-6h\\u0026amp;to\\u003dnow;-6h,from\\u003dnow-1d/d\\u0026amp;to\\u003dnow-1d/d;yesterday\\\" for past \\\"6h\\\" and \\\"yesterday\\\". First entry is default.\\n      label: Time range options\\n      name: timerange\\n      required: true\\n      type: TEXT\\n    - description: Height of the Frame (empty \\u003d default)\\n      label: Height\\n      name: height\\n      required: false\\n      type: TEXT\\n  parameterGroups: []\\ntimestamp: Apr 23, 2021, 4:40:01 PM\\ncomponent: f7-card\\nconfig:\\n  title: \\u003dprops.title\\n  outline: true\\n  style:\\n    --f7-card-margin-horizontal: 10px\\n    --f7-card-margin-vertical: 3px\\n    --f7-card-padding-horizontal: 10px\\n    --f7-card-padding-vertical: 100px\\n    margin-top: 10px\\n    margin-bottom: 10px\\n    noShadow: false\\n    border-radius: var(--f7-card-expandable-border-radius)\\n    box-shadow: 5px 5px 10px 1px rgba(0,0,0,0.3)\\nslots:\\n  default:\\n    - component: oh-webframe-card\\n      config:\\n        borders: false\\n        noBorder: false\\n        noShadow: true\\n        height: \\u003dprops.height\\n        src: \\u003dprops.URL.replace(\\u0027{period}\\u0027, vars.selectedPeriod || [props.timerange.split(\\u0027,\\u0027)[0].split(\\u0027;\\u0027)[0]])\\n        class:\\n          - display-block\\n    - component: f7-segmented\\n      config:\\n        round: false\\n        outline: false\\n        class:\\n          - padding-bottom-half\\n        style:\\n          margin-left: 10px\\n          margin-right: 10px\\n          --f7-button-font-size: 14px\\n          --f7-button-text-color: \\\"\\u003dthemeOptions.dark \\u003d\\u003d\\u003d \\u0027light\\u0027 ? \\u0027black\\u0027 : \\u0027white\\u0027\\\"\\n          --f7-button-text-transform: none\\n          --f7-button-border-radius: 4px\\n          --f7-button-outline-border-width: 1px\\n          --f7-button-font-weight: 300\\n          --f7-button-padding-vertical: 0px\\n          --f7-button-padding-horizontal: 0px\\n      slots:\\n        default:\\n          - component: oh-repeater\\n            config:\\n              sourceType: range\\n              for: size\\n              fragment: true\\n            slots:\\n              default:\\n                - component: oh-repeater\\n                  config:\\n                    fragment: true\\n                    for: period\\n                    in: \\u003d[props.timerange.split(\\\",\\\")[loop.size].split(\\\";\\\")[1]]\\n                  slots:\\n                    default:\\n                      - component: oh-button\\n                        config:\\n                          text: \\u003dloop.period\\n                          fill: \\\"\\u003d(([props.timerange.split(\\u0027,\\u0027)[loop.size].split(\\u0027;\\u0027)[0]] \\u003d\\u003d vars.selectedPeriod) || (props.timerange.split(\\u0027,\\u0027)[0].split(\\u0027;\\u0027)[1] \\u003d\\u003d\\u003d loop.period) \\u0026amp;\\u0026amp; !vars.selectedPeriod) ? true : false\\\"\\n                          round: false\\n                          outline: true\\n                          style:\\n                            --f7-button-border-color: var(--f7-card-outline-border-color)\\n                          action: variable\\n                          actionVariable: selectedPeriod\\n                          actionVariableValue: \\u003dprops.timerange.split(\\\",\\\")[loop.size].split(\\\";\\\")[0]\\n\\u003c/code\\u003e\\u003c/pre\\u003e\\n\\u003cp\\u003eThis one requires adjustment in the widget props as follows:\\u003c/p\\u003e\\n\\u003cpre\\u003e\\u003ccode class\\u003d\\\"lang-yaml\\\"\\u003econfig:\\n  URL: http://192.168.0.13:3000/d-solo/4OdYJNbMk/energie-pv-haus?orgId\\u003d1\\u0026amp;refresh\\u003d1m\\u0026amp;theme\\u003dlight\\u0026amp;{period}\\u0026amp;panelId\\u003d2\\n  timerange: from\\u003dnow-6h\\u0026amp;to\\u003dnow;6h,from\\u003dnow-12h\\u0026amp;to\\u003dnow;12h,from\\u003dnow-1d\\u0026amp;to\\u003dnow;24h,from\\u003dnow/d\\u0026amp;to\\u003dnow/d;Tag,from\\u003dnow-1d/d\\u0026amp;to\\u003dnow-1d/d;Tag-1,from\\u003dnow-2d/d\\u0026amp;to\\u003dnow-2d/d;Tag-2\\n\\u003c/code\\u003e\\u003c/pre\\u003e\\n\\u003cp\\u003eHope some of you find it useful \\u003cimg src\\u003d\\\"https://community.openhab.org/images/emoji/twitter/slightly_smiling_face.png?v\\u003d12\\\" title\\u003d\\\":slightly_smiling_face:\\\" class\\u003d\\\"emoji\\\" alt\\u003d\\\":slightly_smiling_face:\\\" loading\\u003d\\\"lazy\\\" width\\u003d\\\"20\\\" height\\u003d\\\"20\\\"\\u003e\\u003c/p\\u003e\",\"configDescriptionURI\":\"\",\"keywords\":\"\",\"countries\":[],\"connection\":\"\",\"imageLink\":\"//community-openhab-org.s3.dualstack.eu-central-1.amazonaws.com/original/3X/a/0/a036b6a6959c4c9cefe5f6f3ee4b0aa9ebc0e6f5.gif\",\"properties\":{\"like_count\":30,\"updated_at\":\"2023-02-26T22:07:23.105Z\",\"yaml_content\":\"http://192.168.0.13:3000/d-solo/4OdYJNbMk/energie-pv-haus?orgId\\u003d1\\u0026refresh\\u003d1m\\u0026from\\u003dnow-{period}\\u0026to\\u003dnow\\u0026panelId\\u003d2\\n\",\"created_at\":\"2021-01-23T17:25:51.640Z\",\"views\":16015,\"posts_count\":75,\"tags\":[\"published\",\"stable\"]},\"loggerPackages\":[]}"
  },
  "marketplace:127249": {
    "class": "java.lang.String",
    "value": "{\"uid\":\"marketplace:127249\",\"id\":\"127249\",\"label\":\"AirCondition Controller\",\"version\":\"\",\"maturity\":\"stable\",\"compatible\":true,\"contentType\":\"application/vnd.openhab.uicomponent;type\\u003dwidget\",\"link\":\"https://community.openhab.org/t/127249\",\"author\":\"Hans-Jörg Merk\",\"verifiedAuthor\":false,\"installed\":false,\"type\":\"ui\",\"detailedDescription\":\"\\u003cp\\u003e\\u003cdiv class\\u003d\\\"lightbox-wrapper\\\"\\u003e\\u003ca class\\u003d\\\"lightbox\\\" href\\u003d\\\"//community-openhab-org.s3.dualstack.eu-central-1.amazonaws.com/original/3X/1/1/1128b4a40b88393460cae869d8842de578c9b4c1.jpeg\\\" data-download-href\\u003d\\\"/uploads/short-url/2rNkmnNc4RP8o36ZvOMQ28DIrQJ.jpeg?dl\\u003d1\\\" title\\u003d\\\"image\\\"\\u003e\\u003cimg src\\u003d\\\"//community-openhab-org.s3.dualstack.eu-central-1.amazonaws.com/optimized/3X/1/1/1128b4a40b88393460cae869d8842de578c9b4c1_2_459x500.jpeg\\\" alt\\u003d\\\"image\\\" data-base62-sha1\\u003d\\\"2rNkmnNc4RP8o36ZvOMQ28DIrQJ\\\" width\\u003d\\\"459\\\" height\\u003d\\\"500\\\" srcset\\u003d\\\"//community-openhab-org.s3.dualstack.eu-central-1.amazonaws.com/optimized/3X/1/1/1128b4a40b88393460cae869d8842de578c9b4c1_2_459x500.jpeg, //community-openhab-org.s3.dualstack.eu-central-1.amazonaws.com/optimized/3X/1/1/1128b4a40b88393460cae869d8842de578c9b4c1_2_688x750.jpeg 1.5x, //community-openhab-org.s3.dualstack.eu-central-1.amazonaws.com/original/3X/1/1/1128b4a40b88393460cae869d8842de578c9b4c1.jpeg 2x\\\" data-small-upload\\u003d\\\"//community-openhab-org.s3.dualstack.eu-central-1.amazonaws.com/optimized/3X/1/1/1128b4a40b88393460cae869d8842de578c9b4c1_2_10x10.png\\\"\\u003e\\u003cdiv class\\u003d\\\"meta\\\"\\u003e\\n\\u003csvg class\\u003d\\\"fa d-icon d-icon-far-image svg-icon\\\" aria-hidden\\u003d\\\"true\\\"\\u003e\\u003cuse xlink:href\\u003d\\\"#far-image\\\"\\u003e\\u003c/use\\u003e\\u003c/svg\\u003e\\u003cspan class\\u003d\\\"filename\\\"\\u003eimage\\u003c/span\\u003e\\u003cspan class\\u003d\\\"informations\\\"\\u003e750×816 65.7 KB\\u003c/span\\u003e\\u003csvg class\\u003d\\\"fa d-icon d-icon-discourse-expand svg-icon\\\" aria-hidden\\u003d\\\"true\\\"\\u003e\\u003cuse xlink:href\\u003d\\\"#discourse-expand\\\"\\u003e\\u003c/use\\u003e\\u003c/svg\\u003e\\n\\u003c/div\\u003e\\u003c/a\\u003e\\u003c/div\\u003e\\u003c/p\\u003e\\n\\u003cp\\u003eInspired by the great heating Widget by \\u003ca class\\u003d\\\"mention\\\" href\\u003d\\\"/u/nico_r\\\"\\u003e@Nico_R\\u003c/a\\u003e (\\u003ca href\\u003d\\\"https://community.openhab.org/t/heating-widget/115107\\\" class\\u003d\\\"inline-onebox\\\"\\u003eHeating widget\\u003c/a\\u003e), I decided to adopt this to control my Intesis Air Condition Controllers\\u003c/p\\u003e\\n\\u003ch2\\u003e\\n\\u003ca name\\u003d\\\"changelog-1\\\" class\\u003d\\\"anchor\\\" href\\u003d\\\"#changelog-1\\\"\\u003e\\u003c/a\\u003eChangelog\\u003c/h2\\u003e\\n\\u003ch3\\u003e\\n\\u003ca name\\u003d\\\"version-01-2\\\" class\\u003d\\\"anchor\\\" href\\u003d\\\"#version-01-2\\\"\\u003e\\u003c/a\\u003eVersion 0.1\\u003c/h3\\u003e\\n\\u003cul\\u003e\\n\\u003cli\\u003einitial release\\u003c/li\\u003e\\n\\u003c/ul\\u003e\\n\\u003ch2\\u003e\\n\\u003ca name\\u003d\\\"resources-3\\\" class\\u003d\\\"anchor\\\" href\\u003d\\\"#resources-3\\\"\\u003e\\u003c/a\\u003eResources\\u003c/h2\\u003e\\n\\u003caside class\\u003d\\\"onebox githubblob\\\" data-onebox-src\\u003d\\\"https://github.com/hmerk/openHAB-3-ui-widget-AirConditionController-/blob/main/AirConditionController.yaml\\\"\\u003e\\n  \\u003cheader class\\u003d\\\"source\\\"\\u003e\\n\\n      \\u003ca href\\u003d\\\"https://github.com/hmerk/openHAB-3-ui-widget-AirConditionController-/blob/main/AirConditionController.yaml\\\" target\\u003d\\\"_blank\\\" rel\\u003d\\\"noopener\\\"\\u003egithub.com\\u003c/a\\u003e\\n  \\u003c/header\\u003e\\n\\n  \\u003carticle class\\u003d\\\"onebox-body\\\"\\u003e\\n    \\u003ch4\\u003e\\u003ca href\\u003d\\\"https://github.com/hmerk/openHAB-3-ui-widget-AirConditionController-/blob/main/AirConditionController.yaml\\\" target\\u003d\\\"_blank\\\" rel\\u003d\\\"noopener\\\"\\u003ehmerk/openHAB-3-ui-widget-AirConditionController-/blob/main/AirConditionController.yaml\\u003c/a\\u003e\\u003c/h4\\u003e\\n\\n\\n    \\u003cpre\\u003e\\u003ccode class\\u003d\\\"lang-yaml\\\"\\u003euid: AirConditionController\\ntags: []\\nprops:\\n  parameters:\\n    - description: eg. living room\\n      label: location and widget identifier\\n      name: location\\n      required: true\\n      type: TEXT\\n    - description: Visual size of the control in px (default 400px), without a size the design is responsive\\n      label: size [px]\\n      name: size\\n      required: false\\n      type: TEXT\\n    - description: Minimum value\\n      label: minTemp\\n      name: minTemp\\n      required: true\\n      type: TEXT\\n    - description: Maximum value\\n\\u003c/code\\u003e\\u003c/pre\\u003e\\n\\n\\n  This file has been truncated. \\u003ca href\\u003d\\\"https://github.com/hmerk/openHAB-3-ui-widget-AirConditionController-/blob/main/AirConditionController.yaml\\\" target\\u003d\\\"_blank\\\" rel\\u003d\\\"noopener\\\"\\u003eshow original\\u003c/a\\u003e\\n\\n  \\u003c/article\\u003e\\n\\n  \\u003cdiv class\\u003d\\\"onebox-metadata\\\"\\u003e\\n    \\n    \\n  \\u003c/div\\u003e\\n\\n  \\u003cdiv style\\u003d\\\"clear: both\\\"\\u003e\\u003c/div\\u003e\\n\\u003c/aside\\u003e\\n\",\"configDescriptionURI\":\"\",\"keywords\":\"\",\"countries\":[],\"connection\":\"\",\"imageLink\":\"//community-openhab-org.s3.dualstack.eu-central-1.amazonaws.com/original/3X/1/1/1128b4a40b88393460cae869d8842de578c9b4c1.jpeg\",\"properties\":{\"like_count\":6.0,\"updated_at\":\"2021-10-06T14:02:00.494Z\",\"yaml_content\":\"uid: AirConditionController\\ntags: []\\nprops:\\n  parameters:\\n    - description: eg. living room\\n      label: location and widget identifier\\n      name: location\\n      required: true\\n      type: TEXT\\n    - description: Visual size of the control in px (default 400px), without a size the design is responsive\\n      label: size [px]\\n      name: size\\n      required: false\\n      type: TEXT\\n    - description: Minimum value\\n      label: minTemp\\n      name: minTemp\\n      required: true\\n      type: TEXT\\n    - description: Maximum value\\n\",\"created_at\":\"2021-10-06T14:02:00.494Z\",\"yaml_download_url\":\"https://github.com/hmerk/openHAB-3-ui-widget-AirConditionController-/blob/main/AirConditionController.yaml\",\"views\":5752.0,\"posts_count\":11.0,\"tags\":[\"published\",\"stable\",\"ui\"]},\"loggerPackages\":[]}"
  },
  "marketplace:144208": {
    "class": "java.lang.String",
    "value": "{\"uid\":\"marketplace:144208\",\"id\":\"144208\",\"label\":\"Time Based State Machine [4.0.0.0;4.9.9.9]\",\"version\":\"\",\"maturity\":\"stable\",\"compatible\":true,\"contentType\":\"application/vnd.openhab.ruletemplate\",\"link\":\"https://community.openhab.org/t/144208\",\"author\":\"Rich Koshak\",\"verifiedAuthor\":false,\"installed\":false,\"type\":\"automation\",\"detailedDescription\":\"\\u003cp\\u003e\\u003cimg src\\u003d\\\"//community-openhab-org.s3.dualstack.eu-central-1.amazonaws.com/original/3X/5/2/52d07adb75104bdf8e0e78690dae935b99260187.png\\\" alt\\u003d\\\"logo\\\" data-base62-sha1\\u003d\\\"bOBOLbrk95PrtWNUgeEg0YQBMd9\\\" width\\u003d\\\"225\\\" height\\u003d\\\"225\\\"\\u003e\\u003c/p\\u003e\\n\\u003cp\\u003eHome automation often follows a set cycle or states. In the morning the house needs to wake up and come alive as the inhabitants get ready for the day. Next the house should go to sleep a bit while everyone begins the work day. Later in the afternoon the house may wake up again to prepare for everyone’s return and so on.\\u003c/p\\u003e\\n\\u003cp\\u003eThere are a number of ways to define such states but a common approach is to use times of day. This rule template establishes a rule that uses DateTime Items to drive a state machine. A different set of \\u003ccode\\u003eDateTime\\u003c/code\\u003e Items can be defined for different types of days (e.g. one set for workdays, another for weekends, and a third for holidays) with \\u003ca href\\u003d\\\"https://www.openhab.org/docs/configuration/actions.html#ephemeris\\\"\\u003eEphemeris\\u003c/a\\u003e used to choose between the sets of \\u003ccode\\u003eDateTime\\u003c/code\\u003e Items for a given day.\\u003c/p\\u003e\\n\\u003cp\\u003eThis is a complete rewrite of the rule for OH 3.x using JS Scripting and the \\u003ca href\\u003d\\\"https://community.openhab.org/t/announcing-the-initial-release-of-openhab-rules-tools/132032\\\"\\u003eopenhab_rules_tools\\u003c/a\\u003e library. The behavior is slightly different in that only the time portion of the \\u003ccode\\u003eDateTime\\u003c/code\\u003e Items is used to schedule the timers so there is no longer a need for the \\u003ca href\\u003d\\\"https://community.openhab.org/t/to-today-3-2-0-3-4-9/127921\\\"\\u003eTo Today\\u003c/a\\u003e rule template to drive static times. Also, there is a ton more validation of the config with meaningful error messages for how to correct it.\\u003c/p\\u003e\\n\\u003ch2\\u003e\\u003ca name\\u003d\\\"how-it-works-1\\\" class\\u003d\\\"anchor\\\" href\\u003d\\\"#how-it-works-1\\\"\\u003e\\u003c/a\\u003eHow it Works\\u003c/h2\\u003e\\n\\u003ch3\\u003e\\u003ca name\\u003d\\\"initial-setup-2\\\" class\\u003d\\\"anchor\\\" href\\u003d\\\"#initial-setup-2\\\"\\u003e\\u003c/a\\u003eInitial Setup\\u003c/h3\\u003e\\n\\u003cul\\u003e\\n\\u003cli\\u003e\\n\\u003cp\\u003eThe user creates a \\u003ccode\\u003eString\\u003c/code\\u003e Item to hold the current time of day state. For this documentation we’ll call it “TimeOfDay” but you can choose any name.\\u003c/p\\u003e\\n\\u003c/li\\u003e\\n\\u003cli\\u003e\\n\\u003cp\\u003eThe user creates a \\u003ccode\\u003eGroup\\u003c/code\\u003e Item to hold all the \\u003ccode\\u003eDateTime\\u003c/code\\u003e Items that drive the state machine. For this documentation we’ll call it “TimesOfDay” but you can choose any name.\\u003c/p\\u003e\\n\\u003c/li\\u003e\\n\\u003cli\\u003e\\n\\u003cp\\u003eThe user creates one or more sets of \\u003ccode\\u003eDateTime\\u003c/code\\u003e Items. Each Item is populated with the start time for the time of day state that Item represents. For example, a \\u003ccode\\u003eDateTime\\u003c/code\\u003e Item that represents \\u003ccode\\u003eMORNING\\u003c/code\\u003e might be populated from the Android App’s Alarm Clock feature or Astro’s sunrise time or hard coded to 07:00.\\u003c/p\\u003e\\n\\u003c/li\\u003e\\n\\u003cli\\u003e\\n\\u003cp\\u003eEach of those Items must have metadata defined. See below for details. This Item metadata is used to identify which type of day the Item belongs to and what time of day state it represents the start of.\\u003c/p\\u003e\\n\\u003c/li\\u003e\\n\\u003cli\\u003e\\n\\u003cp\\u003eEach of those Item are also made direct members of the “TimesOfDay” \\u003ccode\\u003eGroup\\u003c/code\\u003e.\\u003c/p\\u003e\\n\\u003c/li\\u003e\\n\\u003cli\\u003e\\n\\u003cp\\u003eAll the members of “TimesOfDay” need to be configured with Persistence for \\u003ccode\\u003erestoreOnStartup\\u003c/code\\u003e.\\u003c/p\\u003e\\n\\u003c/li\\u003e\\n\\u003c/ul\\u003e\\n\\u003ch4\\u003e\\u003ca name\\u003d\\\"metadata-3\\\" class\\u003d\\\"anchor\\\" href\\u003d\\\"#metadata-3\\\"\\u003e\\u003c/a\\u003eMetadata\\u003c/h4\\u003e\\n\\u003cp\\u003eEach \\u003ccode\\u003eDateTime\\u003c/code\\u003e Item requires Item metadata. The namespace can be defined by you. For this documentation we will use “tsm”.\\u003c/p\\u003e\\n\\u003cpre\\u003e\\u003ccode class\\u003d\\\"lang-auto\\\"\\u003e// Item metadata defined in .items files\\ntsm\\u003d\\\"\\u0026lt;STATE\\u0026gt;\\\"[type\\u003d\\\"\\u0026lt;daytype\\u0026gt;\\\", set\\u003d\\\"\\u0026lt;dayset\\u0026gt;\\\", file\\u003d\\\"\\u0026lt;uri\\u0026gt;\\\"]\\n\\n// Item metadata defined in the UI\\nvalue: \\u0026lt;STATE\\u0026gt;\\nconfig:\\n  type: \\u0026lt;daytype\\u0026gt;\\n  set: \\u0026lt;dayset\\u0026gt;\\n  file: \\u0026lt;uri\\u0026gt;\\n\\u003c/code\\u003e\\u003c/pre\\u003e\\n\\u003cp\\u003e\\u003cstrong\\u003e\\u003ccode\\u003e\\u0026lt;STATE\\u0026gt;\\u003c/code\\u003e\\u003c/strong\\u003e\\u003cbr\\u003e\\nReplace this with the string you want sent to “TimeOfDay” at the date time held by this Item. The string will be sent as a command but only if it is different from the current state of “TimeOfDay”.\\u003c/p\\u003e\\n\\u003cp\\u003e\\u003cstrong\\u003e\\u003ccode\\u003etype\\u003c/code\\u003e\\u003c/strong\\u003e\\u003cbr\\u003e\\nThe rule supports six types of days as defined by Ephemeris.\\u003c/p\\u003e\\n\\u003cdiv class\\u003d\\\"md-table\\\"\\u003e\\n\\u003ctable\\u003e\\n\\u003cthead\\u003e\\n\\u003ctr\\u003e\\n\\u003cth\\u003eType\\u003c/th\\u003e\\n\\u003cth\\u003ePurpose\\u003c/th\\u003e\\n\\u003c/tr\\u003e\\n\\u003c/thead\\u003e\\n\\u003ctbody\\u003e\\n\\u003ctr\\u003e\\n\\u003ctd\\u003e\\u003ccode\\u003ecustom\\u003c/code\\u003e\\u003c/td\\u003e\\n\\u003ctd\\u003eWhen custom holidays are defined in an XML file (see the Ephemeris docs, link above) use \\u003ccode\\u003ecustom\\u003c/code\\u003e for the type and the \\u003ccode\\u003efile\\u003c/code\\u003e parameter is required.\\u003c/td\\u003e\\n\\u003c/tr\\u003e\\n\\u003ctr\\u003e\\n\\u003ctd\\u003e\\u003ccode\\u003eholiday\\u003c/code\\u003e\\u003c/td\\u003e\\n\\u003ctd\\u003eWhen configured with country and region in MainUI (Settings → Ephemeris), Ephemeris will become preconfigured with the national holidays observed by that region.\\u003c/td\\u003e\\n\\u003c/tr\\u003e\\n\\u003ctr\\u003e\\n\\u003ctd\\u003e\\u003ccode\\u003edayset\\u003c/code\\u003e\\u003c/td\\u003e\\n\\u003ctd\\u003eEphemeris allows for the definition of a custom dayset, such as defining “trash_day” to occur every Monday. When used as the type, the \\u003ccode\\u003eset\\u003c/code\\u003e parameter is required.\\u003c/td\\u003e\\n\\u003c/tr\\u003e\\n\\u003ctr\\u003e\\n\\u003ctd\\u003e\\u003ccode\\u003eweekend\\u003c/code\\u003e\\u003c/td\\u003e\\n\\u003ctd\\u003eFor the days defined as weekend in the Ephemeris configuration.\\u003c/td\\u003e\\n\\u003c/tr\\u003e\\n\\u003ctr\\u003e\\n\\u003ctd\\u003e\\u003ccode\\u003eweekday\\u003c/code\\u003e\\u003c/td\\u003e\\n\\u003ctd\\u003eFor the days not defined as weekend in the Ephemeris configuration.\\u003c/td\\u003e\\n\\u003c/tr\\u003e\\n\\u003ctr\\u003e\\n\\u003ctd\\u003e\\u003ccode\\u003edefault\\u003c/code\\u003e\\u003c/td\\u003e\\n\\u003ctd\\u003eIf Ephemeris doesn’t match any of the above day types or if there is no set of \\u003ccode\\u003eDateTime\\u003c/code\\u003e Items defined for any of the above types this set of \\u003ccode\\u003eDateTime\\u003c/code\\u003e Items is used.\\u003c/td\\u003e\\n\\u003c/tr\\u003e\\n\\u003c/tbody\\u003e\\n\\u003c/table\\u003e\\n\\u003c/div\\u003e\\u003cp\\u003eThe day types are processed in the order presented above. For example, if Ephemeris says today is a \\u003ccode\\u003eholiday\\u003c/code\\u003e, that set of \\u003ccode\\u003eDateTimes\\u003c/code\\u003e will be used even if today is also a \\u003ccode\\u003eweekend\\u003c/code\\u003e and there is a set of \\u003ccode\\u003eDateTimes\\u003c/code\\u003e for that also.\\u003c/p\\u003e\\n\\u003cp\\u003e\\u003cstrong\\u003e\\u003ccode\\u003eset\\u003c/code\\u003e\\u003c/strong\\u003e\\u003cbr\\u003e\\nReplace \\u003ccode\\u003e\\u0026lt;dayset\\u0026gt;\\u003c/code\\u003e with the custom named dayset defined in the Ephemeris config to use. This parameter is required when the \\u003ccode\\u003etype\\u003c/code\\u003e is \\u003ccode\\u003edayset\\u003c/code\\u003e and should be absent in all other cases.\\u003c/p\\u003e\\n\\u003cp\\u003e\\u003cstrong\\u003e\\u003ccode\\u003efile\\u003c/code\\u003e\\u003c/strong\\u003e\\u003cbr\\u003e\\nReplace \\u003ccode\\u003e\\u0026lt;uri\\u0026gt;\\u003c/code\\u003e with the full path to the custom Ephemeris XML file with the custom holidays defined. This parameter is required when the \\u003ccode\\u003etype\\u003c/code\\u003e is \\u003ccode\\u003ecustom\\u003c/code\\u003e and should be absent in all other cases.\\u003c/p\\u003e\\n\\u003cp\\u003e\\u003cstrong\\u003eExamples:\\u003c/strong\\u003e\\u003cbr\\u003e\\nThe following are for illustrative purposes, \\u003cstrong\\u003ethey must be customized for your configuration\\u003c/strong\\u003e.\\u003c/p\\u003e\\n\\u003cpre\\u003e\\u003ccode class\\u003d\\\"lang-auto\\\"\\u003e// .items files examples\\nDateTime Default_Bed (TimesOfDay) { tsm\\u003d\\\"BED\\\"[type\\u003d\\\"default\\\"] }\\nDateTime Weekend_Evening (TimesOfDay { channel\\u003d\\\"astro:sun:local:set#start\\\", tsm\\u003d\\\"EVENING\\\"[type\\u003d\\\"weekend\\\"] }\\nDateTime Trash_Morning (TimesOfDay) { tsm\\u003d\\\"MORNING\\\"[type\\u003d\\\"dayset\\\", set\\u003d\\\"trash\\\"] }\\nDateTime Birthday_DAY (TimesOfDay) { tsm\\u003d\\\"DAY\\\"[type\\u003d\\\"custom\\\", file\\u003d\\\"/etc/openhab/service/birthdays.xml\\\"] }\\n\\n// UI Metadata\\nvalue: BED\\nconfig:\\n  type: default\\n\\nvalue: EVENING\\nconfig:\\n  type: weekend\\n\\nvalue: MORNING\\nconfig:\\n  type: dayset\\n  set: trash\\n\\nvalue: DAY\\nconfig:\\n  type: custom\\n  file: /etc/openhab/service/birthdays.xml\\n\\u003c/code\\u003e\\u003c/pre\\u003e\\n\\u003ch4\\u003e\\u003ca name\\u003d\\\"item-sets-4\\\" class\\u003d\\\"anchor\\\" href\\u003d\\\"#item-sets-4\\\"\\u003e\\u003c/a\\u003eItem Sets\\u003c/h4\\u003e\\n\\u003cp\\u003eAt a minimum there should be a set of \\u003ccode\\u003eDateTime\\u003c/code\\u003e Items defined for “default” type days. This will be the sets of states and times used when no other sets are found for the current day type. You might stop with \\u003cem\\u003ejust\\u003c/em\\u003e the \\u003ccode\\u003edefault\\u003c/code\\u003e sets of Items. However, if that is your plan, see \\u003ca href\\u003d\\\"https://community.openhab.org/t/creating-capabilities-with-rule-templates-time-of-day/127965\\\" class\\u003d\\\"inline-onebox\\\"\\u003eCreating Capabilities with Rule Templates: Time of Day\\u003c/a\\u003e for a simpler approach. A warning will appear in the logs if there is no “default” set but the rule will still try to run without them.\\u003c/p\\u003e\\n\\u003cp\\u003eThe states for each day type must be unique. If a state is repeated an error will be generated by the rule.\\u003c/p\\u003e\\n\\u003cp\\u003eThere must be a completely separate set of start times for each day type for which you want to have a state machine. The rule does not support reusing the same \\u003ccode\\u003eDateTime\\u003c/code\\u003e Item for more than one day type though.\\u003c/p\\u003e\\n\\u003ch4\\u003e\\u003ca name\\u003d\\\"populating-the-datetime-items-5\\\" class\\u003d\\\"anchor\\\" href\\u003d\\\"#populating-the-datetime-items-5\\\"\\u003e\\u003c/a\\u003ePopulating the DateTime Items\\u003c/h4\\u003e\\n\\u003cp\\u003eActually populating and managing the \\u003ccode\\u003eDateTime\\u003c/code\\u003e states of the Items is outside the scope of this rule. Options include:\\u003c/p\\u003e\\n\\u003cul\\u003e\\n\\u003cli\\u003eAstro binding based on solar or lunar events.\\u003c/li\\u003e\\n\\u003cli\\u003eiCal and similar bindings that can define start times.\\u003c/li\\u003e\\n\\u003cli\\u003eAndroid app’s Alarm Clock option that publishes the next scheduled Alarm to an Item.\\u003c/li\\u003e\\n\\u003cli\\u003ePopulated by hand via the REST API, the karaf console, or a widget (see \\u003ca href\\u003d\\\"https://community.openhab.org/t/datetime-standalone-widget/127966\\\" class\\u003d\\\"inline-onebox\\\"\\u003eDateTime Standalone Widget\\u003c/a\\u003e and \\u003ca href\\u003d\\\"https://community.openhab.org/t/datetime-list-item/127967\\\" class\\u003d\\\"inline-onebox\\\"\\u003eDateTime List Item\\u003c/a\\u003e which can be installed from the marketplace)\\u003c/li\\u003e\\n\\u003cli\\u003eA more advanced timeline picker widget such as \\u003ca href\\u003d\\\"https://community.openhab.org/t/timeline/115755\\\" class\\u003d\\\"inline-onebox\\\"\\u003eTimeline\\u003c/a\\u003e which can be installed from the marketplace.\\u003c/li\\u003e\\n\\u003cli\\u003ePopulated from a Rule.\\u003c/li\\u003e\\n\\u003c/ul\\u003e\\n\\u003ch3\\u003e\\u003ca name\\u003d\\\"what-the-rule-does-6\\\" class\\u003d\\\"anchor\\\" href\\u003d\\\"#what-the-rule-does-6\\\"\\u003e\\u003c/a\\u003eWhat the Rule Does\\u003c/h3\\u003e\\n\\u003cp\\u003eWhenever one of the members of \\u003ccode\\u003eTimesOfDay\\u003c/code\\u003e changes its state, openHAB restarts, and a few minutes after midnight, the rule triggers.\\u003c/p\\u003e\\n\\u003cp\\u003eFirst the rule waits for ten seconds before doing anything. The Astro binding calculates the new times for the celestial events a minute after midnight, updating all the linked Items. This can result in the rule triggering a bunch of times. This delay causes the rule to wait for the updates to stop before calculating the new state machine timers.\\u003c/p\\u003e\\n\\u003cp\\u003eAfter the initial delay, the rule first validates the Item configs. After changing the Item configs for this rule, run it manually to validate and apply them immediately.\\u003c/p\\u003e\\n\\u003cp\\u003eNext it determines what type of day it is and selects those \\u003ccode\\u003eDateTime\\u003c/code\\u003e Items that are for that day type (if no Items exists the “default” set is chosen, if no Items are found an error is logged).\\u003c/p\\u003e\\n\\u003cp\\u003eThen it sorts the date times based on their time, skips those that have already passed, and creates a timer to command the “TimeOfDay” Item to the state in the metadata at that time.\\u003c/p\\u003e\\n\\u003cp\\u003eLanguage: JS Scripting\\u003c/p\\u003e\\n\\u003cp\\u003eDependencies:\\u003c/p\\u003e\\n\\u003cul\\u003e\\n\\u003cli\\u003eA “TimeOfDay” \\u003ccode\\u003eString\\u003c/code\\u003e Item\\u003c/li\\u003e\\n\\u003cli\\u003eA “TimesOfDay” \\u003ccode\\u003eGroup\\u003c/code\\u003e\\u003c/li\\u003e\\n\\u003cli\\u003eSets of \\u003ccode\\u003eDateTime\\u003c/code\\u003e Items who are members of the “TimesOfDay” \\u003ccode\\u003eGroup\\u003c/code\\u003e and have valid Item metadata and states\\u003c/li\\u003e\\n\\u003cli\\u003eopenhab-js 4.5+\\u003c/li\\u003e\\n\\u003cli\\u003eopenhab_rules_tools 2.0.3+\\u003c/li\\u003e\\n\\u003c/ul\\u003e\\n\\u003ch2\\u003e\\u003ca name\\u003d\\\"changelog-7\\\" class\\u003d\\\"anchor\\\" href\\u003d\\\"#changelog-7\\\"\\u003e\\u003c/a\\u003eChangelog\\u003c/h2\\u003e\\n\\u003ch3\\u003e\\u003ca name\\u003d\\\"version-05-8\\\" class\\u003d\\\"anchor\\\" href\\u003d\\\"#version-05-8\\\"\\u003e\\u003c/a\\u003eVersion 0.5\\u003c/h3\\u003e\\n\\u003cul\\u003e\\n\\u003cli\\u003eimproved error checking for cases where one or more member of the DT Group doesn’t have metadata at all.\\u003c/li\\u003e\\n\\u003c/ul\\u003e\\n\\u003ch3\\u003e\\u003ca name\\u003d\\\"version-04-9\\\" class\\u003d\\\"anchor\\\" href\\u003d\\\"#version-04-9\\\"\\u003e\\u003c/a\\u003eVersion 0.4\\u003c/h3\\u003e\\n\\u003cul\\u003e\\n\\u003cli\\u003edo not pass raw ZonedDateTime Objects to create timers\\u003c/li\\u003e\\n\\u003c/ul\\u003e\\n\\u003ch3\\u003e\\u003ca name\\u003d\\\"version-03-10\\\" class\\u003d\\\"anchor\\\" href\\u003d\\\"#version-03-10\\\"\\u003e\\u003c/a\\u003eVersion 0.3\\u003c/h3\\u003e\\n\\u003cul\\u003e\\n\\u003cli\\u003eadjustments for changed made to OHRT\\u003c/li\\u003e\\n\\u003c/ul\\u003e\\n\\u003ch3\\u003e\\u003ca name\\u003d\\\"version-02-11\\\" class\\u003d\\\"anchor\\\" href\\u003d\\\"#version-02-11\\\"\\u003e\\u003c/a\\u003eVersion 0.2\\u003c/h3\\u003e\\n\\u003cul\\u003e\\n\\u003cli\\u003enow throws an exception if the openhab-js or openhab_rules_tools are not new enough\\u003c/li\\u003e\\n\\u003c/ul\\u003e\\n\\u003ch3\\u003e\\u003ca name\\u003d\\\"version-01-12\\\" class\\u003d\\\"anchor\\\" href\\u003d\\\"#version-01-12\\\"\\u003e\\u003c/a\\u003eVersion 0.1\\u003c/h3\\u003e\\n\\u003cul\\u003e\\n\\u003cli\\u003einitial release\\u003c/li\\u003e\\n\\u003c/ul\\u003e\\n\\u003ch2\\u003e\\u003ca name\\u003d\\\"resources-13\\\" class\\u003d\\\"anchor\\\" href\\u003d\\\"#resources-13\\\"\\u003e\\u003c/a\\u003eResources\\u003c/h2\\u003e\\n\\u003cp\\u003e\\u003ca href\\u003d\\\"https://raw.githubusercontent.com/rkoshak/openhab-rules-tools/main/rule-templates/ephemToD/time_state_machine.yaml\\\" class\\u003d\\\"onebox\\\" target\\u003d\\\"_blank\\\" rel\\u003d\\\"noopener\\\"\\u003ehttps://raw.githubusercontent.com/rkoshak/openhab-rules-tools/main/rule-templates/ephemToD/time_state_machine.yaml\\u003c/a\\u003e\\u003c/p\\u003e\",\"configDescriptionURI\":\"\",\"keywords\":\"\",\"countries\":[],\"connection\":\"\",\"imageLink\":\"//community-openhab-org.s3.dualstack.eu-central-1.amazonaws.com/original/3X/5/2/52d07adb75104bdf8e0e78690dae935b99260187.png\",\"properties\":{\"like_count\":19,\"updated_at\":\"2023-10-16T20:23:00.711Z\",\"created_at\":\"2023-02-07T21:51:01.318Z\",\"yaml_download_url\":\"https://raw.githubusercontent.com/rkoshak/openhab-rules-tools/main/rule-templates/ephemToD/time_state_machine.yaml\",\"views\":4553,\"posts_count\":82,\"tags\":[\"published\",\"stable\"]},\"loggerPackages\":[]}"
  }
}