{
  "http:url:03a1774e6e": {
    "class": "org.openhab.core.thing.internal.ThingStorageEntity",
    "value": {
      "isBridge": false,
      "channels": [
        {
          "uid": "http:url:03a1774e6e:test",
          "id": "test",
          "channelTypeUID": "http:string",
          "itemType": "String",
          "kind": "STATE",
          "label": "test",
          "description": "test",
          "defaultTags": [],
          "properties": {},
          "configuration": {}
        }
      ],
      "label": "HTTP URL Thing",
      "configuration": {
        "WWW-Authenticate": "OpenID realm\u003d\"My Realm\" location\u003d\"http://my/login/location\"",
        "X-OPENHAB-AUTH-HEADER": "MWY2MGVhdWlkD679DF28D89AC19E01DD8DFB61EFCF89D9805DACB05E0797E646B49CF6D97847522E49A0DFE2BA9F",
        "authMode": "BASIC_PREEMPTIVE",
        "baseURL": "https://shelly-88-eu.shelly.cloud/device/",
        "bufferSize": 2048,
        "commandMethod": "POST",
        "commandTransformation": "JINJA:{\"enabled\": {{\"auth_key\u003dMWY2MGVhdWlkD679DF28D89AC19E01DD8DFB61EFCF89D9805DACB05E0797E646B49CF6D97847522E49A0DFE2BA9F\"}} }",
        "contentType": "application/json",
        "delay": 0,
        "encoding": "Test",
        "headers": [
          "headers\u003d\"id\u003d68DF03\",\"auth_key\u003dMWY2MGVhdWlkD679DF28D89AC19E01DD8DFB61EFCF89D9805DACB05E0797E646B49CF6D97847522E49A0DFE2BA9F\",\"OpenID realm\u003dMy Realm\", \"location\u003dhttp://my/login/location\""
        ],
        "id": "68DF03",
        "ignoreSSLErrors": true,
        "password": "raspberryg1",
        "refresh": 10,
        "stateMethod": "POST",
        "timeout": 3000,
        "username": "openhabian"
      },
      "properties": {},
      "UID": "http:url:03a1774e6e",
      "thingTypeUID": "http:url"
    }
  }
}