{
  "overview": {
    "class": "org.openhab.core.ui.components.RootUIComponent",
    "value": {
      "uid": "overview",
      "tags": [],
      "props": {
        "parameters": [],
        "parameterGroups": []
      },
      "timestamp": "Jan 24, 2024, 8:51:42 PM",
      "component": "oh-layout-page",
      "config": {
        "label": "Übersicht",
        "style": {
          "background": "url(\u0027/static/BG2.jpg\u0027)",
          "background-position": "center",
          "background-size": "cover"
        }
      },
      "slots": {
        "default": [
          {
            "component": "oh-block",
            "config": {},
            "slots": {
              "default": [
                {
                  "component": "oh-grid-row",
                  "config": {},
                  "slots": {
                    "default": [
                      {
                        "component": "oh-grid-col",
                        "config": {},
                        "slots": {
                          "default": [
                            {
                              "component": "widget:Intervall",
                              "config": {}
                            }
                          ]
                        }
                      },
                      {
                        "component": "oh-grid-col",
                        "config": {},
                        "slots": {
                          "default": [
                            {
                              "component": "widget:Image",
                              "config": {
                                "ueberschrift": "/static/Logo2.png"
                              }
                            }
                          ]
                        }
                      }
                    ]
                  }
                },
                {
                  "component": "oh-grid-row",
                  "config": {},
                  "slots": {
                    "default": [
                      {
                        "component": "oh-grid-col",
                        "config": {},
                        "slots": {
                          "default": [
                            {
                              "component": "widget:Komponenten",
                              "config": {
                                "Wechselkomponente": "widget:Infrarotheizung",
                                "action": "popup",
                                "item": "InfrarotheizungItem",
                                "komponente": "Infrarotheizung"
                              }
                            }
                          ]
                        }
                      }
                    ]
                  }
                }
              ]
            }
          }
        ],
        "masonry": []
      }
    }
  }
}