{
  "Infrarotheizung": {
    "class": "org.openhab.core.ui.components.RootUIComponent",
    "value": {
      "uid": "Infrarotheizung",
      "tags": [],
      "props": {
        "parameters": [],
        "parameterGroups": []
      },
      "timestamp": "Jan 24, 2024, 8:54:30 PM",
      "component": "f7-card",
      "config": {
        "style": {
          "background-color": "rgba(165, 165, 165, 0.7)",
          "border-radius": "20px",
          "color": "#C31D30",
          "text-align": "center"
        },
        "stylesheet": ".card-header {\n  justify-content: center;\n  font-size: 27px;\n}\n",
        "title": "Infrarotheizung"
      },
      "slots": {
        "default": [
          {
            "component": "f7-row",
            "config": {
              "style": {
                "text-align": "right"
              }
            },
            "slots": {
              "default": [
                {
                  "component": "f7-col",
                  "config": {},
                  "slots": {
                    "default": [
                      {
                        "component": "f7-list",
                        "slots": {
                          "default": [
                            {
                              "component": "f7-list-item",
                              "config": {
                                "style": {
                                  "color": "black",
                                  "font-size": "20px",
                                  "padding-bottom": "20px",
                                  "padding-top": "30px"
                                },
                                "title": "Wattgrenze für die Aktivierung (in Watt)"
                              },
                              "slots": {
                                "after": [
                                  {
                                    "component": "oh-stepper",
                                    "config": {
                                      "autorepeat": true,
                                      "autorepeatDynamic": true,
                                      "color": "#EF744E",
                                      "disabled": false,
                                      "enableInput": true,
                                      "fill": true,
                                      "input": true,
                                      "item": "WattGrenzeFuerAktivierung",
                                      "max": 10000.0,
                                      "min": 0.0,
                                      "round": true,
                                      "step": 1.0,
                                      "style": {
                                        "--f7-stepper-border-radius": "10px",
                                        "--f7-stepper-border-width": "0px",
                                        "--f7-stepper-button-text-color": "black",
                                        "--f7-stepper-fill-button-bg-color": "#EF744E",
                                        "--f7-stepper-value-font-size": "23px",
                                        "--f7-stepper-value-text-color": "black",
                                        "--f7-stepper-value-width": "400px"
                                      }
                                    }
                                  }
                                ]
                              }
                            },
                            {
                              "component": "f7-list-item",
                              "config": {
                                "style": {
                                  "color": "black",
                                  "font-size": "20px",
                                  "padding-bottom": "20px"
                                },
                                "title": "Betriebsdauer der Heizung (in min)"
                              },
                              "slots": {
                                "after": [
                                  {
                                    "component": "oh-stepper",
                                    "config": {
                                      "autorepeat": true,
                                      "autorepeatDynamic": true,
                                      "color": "#EF744E",
                                      "disabled": false,
                                      "enableInput": true,
                                      "fill": true,
                                      "input": true,
                                      "item": "LZaktivierung",
                                      "max": 1500.0,
                                      "min": 0.0,
                                      "round": true,
                                      "step": 1.0,
                                      "style": {
                                        "--f7-stepper-border-radius": "10px",
                                        "--f7-stepper-border-width": "0px",
                                        "--f7-stepper-button-text-color": "black",
                                        "--f7-stepper-fill-button-bg-color": "#EF744E",
                                        "--f7-stepper-value-font-size": "23px",
                                        "--f7-stepper-value-text-color": "black",
                                        "--f7-stepper-value-width": "400px"
                                      }
                                    }
                                  }
                                ]
                              }
                            },
                            {
                              "component": "f7-list-item",
                              "config": {
                                "style": {
                                  "color": "black",
                                  "font-size": "20px"
                                },
                                "title": "Dauer Überhitzungsschutz (in min)"
                              },
                              "slots": {
                                "after": [
                                  {
                                    "component": "Label",
                                    "config": {
                                      "style": {
                                        "color": "black",
                                        "font-size": "22px",
                                        "padding-right": "20px"
                                      },
                                      "text": "\u003ditems[\u0027UberhitzungsBoolean\u0027].state"
                                    }
                                  },
                                  {
                                    "component": "oh-stepper",
                                    "config": {
                                      "autorepeat": true,
                                      "autorepeatDynamic": true,
                                      "color": "#EF744E",
                                      "disabled": false,
                                      "enableInput": true,
                                      "fill": true,
                                      "input": true,
                                      "item": "PauseDeaktivierung",
                                      "max": 1500.0,
                                      "min": 0.0,
                                      "round": true,
                                      "step": 1.0,
                                      "style": {
                                        "--f7-stepper-border-radius": "10px",
                                        "--f7-stepper-border-width": "0px",
                                        "--f7-stepper-button-text-color": "black",
                                        "--f7-stepper-fill-button-bg-color": "#EF744E",
                                        "--f7-stepper-value-font-size": "23px",
                                        "--f7-stepper-value-text-color": "black",
                                        "--f7-stepper-value-width": "400px"
                                      }
                                    }
                                  }
                                ]
                              }
                            }
                          ]
                        }
                      }
                    ]
                  }
                }
              ]
            }
          }
        ]
      }
    }
  },
  "Intervall": {
    "class": "org.openhab.core.ui.components.RootUIComponent",
    "value": {
      "uid": "Intervall",
      "tags": [],
      "props": {
        "parameters": [],
        "parameterGroups": []
      },
      "timestamp": "Jan 23, 2024, 7:24:04 PM",
      "component": "f7-card",
      "config": {
        "style": {
          "align-items": "center",
          "background": "\u003d(props.background) ? props.background : \"#A5A5A5\"",
          "background-color": "rgba(165, 165, 165, 0.7)",
          "border-radius": "20px",
          "text-align": "center"
        },
        "stylesheet": ".card-header {\n  justify-content: center;\n  font-size: 27px; \n}\n",
        "title": "Aktuell produzierter Strom (in Watt)"
      },
      "slots": {
        "default": [
          {
            "component": "f7-row",
            "config": {
              "style": {
                "justify-content": "center",
                "padding-top": "20px"
              }
            },
            "slots": {
              "default": [
                {
                  "component": "f7-card",
                  "config": {
                    "style": {
                      "background-color": "#383838",
                      "border-radius": "20px",
                      "height": "200px",
                      "width": "200px"
                    }
                  },
                  "slots": {
                    "default": [
                      {
                        "component": "Label",
                        "config": {
                          "style": {
                            "color": "#FBE4A0",
                            "font-size": "60px",
                            "padding-top": "44px"
                          },
                          "text": "\u003ditems.produzierterStrom.state"
                        }
                      }
                    ]
                  }
                }
              ]
            }
          },
          {
            "component": "f7-list",
            "slots": {
              "default": [
                {
                  "component": "f7-list-item"
                },
                {
                  "component": "f7-list-item",
                  "config": {
                    "style": {
                      "font-size": "20px",
                      "padding-bottom": "10px",
                      "padding-top": "10px"
                    },
                    "title": "Intervall (in min)"
                  },
                  "slots": {
                    "after": [
                      {
                        "component": "oh-stepper",
                        "config": {
                          "autorepeat": true,
                          "autorepeatDynamic": true,
                          "color": "#EF744E",
                          "disabled": false,
                          "enableInput": true,
                          "fill": true,
                          "input": true,
                          "item": "IntervallUeberpruefung",
                          "step": 1.0,
                          "style": {
                            "--f7-stepper-border-radius": "10px",
                            "--f7-stepper-border-width": "0px",
                            "--f7-stepper-button-text-color": "black",
                            "--f7-stepper-fill-button-bg-color": "#EF744E",
                            "--f7-stepper-value-font-size": "23px",
                            "--f7-stepper-value-text-color": "black",
                            "--f7-stepper-value-width": "400px"
                          },
                          "text": "12"
                        }
                      }
                    ]
                  }
                }
              ]
            }
          }
        ]
      }
    }
  },
  "Komponenten": {
    "class": "org.openhab.core.ui.components.RootUIComponent",
    "value": {
      "uid": "Komponenten",
      "tags": [],
      "props": {
        "parameters": [],
        "parameterGroups": []
      },
      "timestamp": "Jan 24, 2024, 8:52:25 PM",
      "component": "f7-card",
      "config": {
        "style": {
          "background-color": "rgba(143, 21, 36, 0.9)",
          "border-radius": "20px"
        }
      },
      "slots": {
        "default": [
          {
            "component": "f7-card",
            "config": {
              "style": {
                "background": "url(\u0027/static/Infrarotheizung.png\u0027)",
                "background-color": "transparent",
                "background-position": "1300px",
                "background-repeat": "no-repeat",
                "background-size": "110px",
                "border-radius": "20px",
                "width": "99%"
              }
            },
            "slots": {
              "default": [
                {
                  "component": "f7-row",
                  "slots": {
                    "default": [
                      {
                        "component": "f7-col",
                        "config": {
                          "style": {
                            "border-radius": "20px",
                            "width": "75%"
                          }
                        },
                        "slots": {
                          "default": [
                            {
                              "component": "oh-link",
                              "config": {
                                "action": "popup",
                                "actionModal": "widget:Infrarotheizung",
                                "actionPage": "widget:Infrarotheizung",
                                "color": "white",
                                "style": {
                                  "border-radius": "20px",
                                  "width": "100%"
                                }
                              },
                              "slots": {
                                "default": [
                                  {
                                    "component": "oh-image",
                                    "config": {}
                                  },
                                  {
                                    "component": "Label",
                                    "config": {
                                      "style": {
                                        "color": "#F8D05E",
                                        "font-weight": "bold",
                                        "fontSize": "40px",
                                        "padding-top": "35px"
                                      },
                                      "text": "Infrarotheizung"
                                    }
                                  }
                                ]
                              }
                            }
                          ]
                        }
                      },
                      {
                        "component": "f7-col",
                        "config": {
                          "style": {
                            "background-color": "rgba(0, 0, 0, 0.7)",
                            "border-radius": "20px",
                            "height": "120px",
                            "padding-right": "50px",
                            "width": "150px"
                          }
                        },
                        "slots": {
                          "default": [
                            {
                              "component": "oh-toggle",
                              "config": {
                                "action": "toggle",
                                "color": "yellow",
                                "item": "\u003dprops.item",
                                "style": {
                                  "--f7-toggle-active-bg-color": "purple",
                                  "--f7-toggle-active-knob-bg-color": "red",
                                  "--f7-toggle-height": "30px",
                                  "--f7-toggle-inactive-bg-color": "yellow",
                                  "--f7-toggle-inactive-knob-bg-color": "blue",
                                  "--f7-toggle-width": "65px",
                                  "padding-left": "42%",
                                  "padding-top": "45px"
                                }
                              }
                            }
                          ]
                        }
                      }
                    ]
                  }
                }
              ]
            }
          }
        ]
      }
    }
  }
}