{
  "Test": {
    "class": "org.openhab.core.ui.components.RootUIComponent",
    "value": {
      "uid": "Test",
      "tags": [],
      "props": {
        "parameters": [],
        "parameterGroups": []
      },
      "timestamp": "Dec 1, 2023, 7:19:56 PM",
      "component": "panelconfiguration",
      "config": {
        "default": false,
        "menucolumns": 3.0,
        "settings": {
          "background_image": "/static/BG2.jpg",
          "theme": "default"
        }
      },
      "slots": {
        "customwidgets": [
          {
            "component": "customwidget",
            "config": {
              "author": "David Whitchurch-Bennett",
              "description": "Drayton Wiser Room display and control",
              "id": "Drayton Wiser Room",
              "name": "Drayton Wiser Room",
              "readme_url": "https://community.openhab.org/t/50856",
              "template": "\u003cstyle\u003e\n  .drayton-wiser-wrapper {\n  \tposition:relative;\n  \tz-index:99;\n  }\n  .heat-demand, \n\t.temperature {\n  \tdisplay:inline-block;\n  \tfont-size:55px;\n  }\n  .temperature .unit {\n  \tfont-size:30px;\n  }\n\t.boost-selection {\n  \tfont-size:2em;\n  }\n\u003c/style\u003e\n\n\n\u003cwidget-icon ng-if\u003d\"config.backdrop\" iconset\u003d\"config.backdrop_iconset\" icon\u003d\"config.backdrop\"\n             backdrop\u003d\"true\" center\u003d\"true\"\u003e\u003c/widget-icon\u003e\n\n\u003cdiv class\u003d\"drayton-wiser-wrapper\"\u003e\n  \u003cdiv class\u003d\"room-title\" ng-if\u003d\"config.showtitle\"\u003e\n  \t\u003ch2\u003e{{getItem(config.item).label}}\u003c/h2\u003e\n  \u003c/div\u003e\n\n  \u003c!-- Heat Demand Icon --\u003e\n  \u003cdiv class\u003d\"heat-demand\" ng-if\u003d\"itemValue(config.item + \u0027_CurrentlyRequestingHeat\u0027) \u003d\u003d \u0027ON\u0027\"\u003e\n    \u003cimg width\u003d\"48px\" height\u003d\"48px\" ng-src\u003d\"/icon/fire?format\u003dsvg\" title\u003d\"fire\" src\u003d\"/icon/fire?format\u003dsvg\" /\u003e\n  \u003c/div\u003e\n  \u003c!-- Temperature --\u003e\n  \u003cdiv class\u003d\"temperature\"\u003e{{\u0027%.1f\u0027 | sprintf:itemValue(config.item + \u0027_Temperature\u0027).split(\u0027 \u0027)[0]}}\u003cspan class\u003d\"unit\"\u003e°C\u003c/span\u003e\u003c/div\u003e \n\n\n  \u003c!-- Set Point --\u003e\n  \u003cdiv ng-init\u003d\"setpointmodel\u003d{ \n                name: \u0027Setpoint\u0027, \n                item: config.item + \u0027_SetPoint\u0027, \n                floor: 0, \n                ceil: 30, \n                step: 0.5,\n                hidelabel: true,\n                unit: \u0027°C\u0027\n                }\"\u003e\n    \u003cwidget-slider ng-model\u003d\"setpointmodel\"\u003e\u003c/widget-switch\u003e\n  \u003c/div\u003e\n\n  \u003c!-- Boost --\u003e\n  \u003cdiv class\u003d\"boost-selection\" ng-init\u003d\"model \u003d {\n                name: \u0027Boost\u0027,\n                item: config.item + \u0027_BoostDuration\u0027,\n                square: true,\n                choices_columns: 3,\n                choices_source: \u0027csv\u0027,\n                no_highlight: true,\n                hidestate: true,\n                choices: \u00270\u003dOff,0.5\u003d30 minutes,1\u003d1 hour,2\u003d2 hours,3\u003d3 hours\u0027\n                };\"\u003e\n    \u003cwidget-selection ng-model\u003d\"model\"\u003e\u003c/widget-selection\u003e\n\t\u003c/div\u003e\n  \u003cdiv class\u003d\"boost-remaining\" ng-if\u003d\"itemValue(config.item + \u0027_IsBoosted\u0027) \u003d\u003d \u0027ON\u0027\"\u003e\n    \u003cimg width\u003d\"16px\" height\u003d\"16px\" ng-src\u003d\"/icon/fire?format\u003dsvg\" title\u003d\"fire\" src\u003d\"/icon/fire?format\u003dsvg\" /\u003e\n    \u003cspan class\u003d\"boost-remaining\"\u003eBoost Remaining {{itemValue(config.item + \u0027_BoostRemaining\u0027)}} minutes\u003c/span\u003e\n  \u003c/div\u003e\n  \u003cdiv class\u003d\"boost-remaining\" ng-if\u003d\"itemValue(config.item + \u0027_IsBoosted\u0027) \u003d\u003d \u0027OFF\u0027\"\u003e\n    \u003cspan class\u003d\"boost-remaining\"\u003eOff\u003c/span\u003e\n  \u003c/div\u003e\n\u003c/div\u003e"
            },
            "slots": {
              "settings": [
                {
                  "component": "checkbox",
                  "config": {
                    "default": true,
                    "id": "showtitle",
                    "label": "Show Room title"
                  }
                },
                {
                  "component": "icon",
                  "config": {
                    "id": "backdrop",
                    "label": "Icon"
                  }
                },
                {
                  "component": "item",
                  "config": {
                    "description": "Please select a Drayton Wiser Room",
                    "id": "item",
                    "label": "Room Item"
                  }
                }
              ]
            }
          },
          {
            "component": "customwidget",
            "config": {
              "id": "Test",
              "template": "uid: verticalSliderWidget\ntags: []\nprops:\n  parameters:\n    - description: Haupt-Slider\n      label: Haupt-Slider\n      name: mainSlider\n      type: integer\n      min: 0\n      max: 100\n      step: 1\n    - description: Bereichs-Slider\n      label: Bereichs-Slider\n      name: rangeSlider\n      type: integer\n      min: 0\n      max: 100\n      step: 1\n    - context: item\n      description: Hintergrundfarbe des Bereichs\n      label: Bereichsfarbe\n      name: rangeColor\n      required: false\n      type: color\n  parameterGroups: []\ntimestamp: Nov 25, 2023, 9:16:15 PM\ncomponent: f7-card\nconfig:\n  title: Vertikaler Slider\n  style:\n    height: 300px\n    width: 100px\n    display: flex\n    flex-direction: column\nslots:\n  default:\n    - component: f7-range\n      config:\n        label: Haupt-Slider\n        vertical: true\n        on:\n          change: items.mainSlider.postUpdate($event.target.value)\n      slots:\n        default:\n          - component: f7-range-fill\n            config:\n              style:\n                background: \"\u003dprops.rangeColor || \u0027blue\u0027\"\n                height: \"\u003dprops.mainSlider + \u0027%\u0027\"\n    - component: f7-range\n      config:\n        label: Bereichs-Slider\n        vertical: true\n        on:\n          change: items.rangeSlider.postUpdate($event.target.value)\n      slots:\n        default:\n          - component: f7-range-fill\n            config:\n              style:\n                background: \"\u003dprops.rangeColor || \u0027blue\u0027\"\n                height: \"\u003dprops.rangeSlider + \u0027%\u0027\"\n"
            },
            "slots": {
              "settings": []
            }
          },
          {
            "component": "customwidget",
            "config": {
              "id": "Slider",
              "template": "\u003c!DOCTYPE html\u003e\n\u003chtml\u003e\n\u003chead\u003e\n\u003cstyle\u003e\n  .slider-container {\n    height: 200px;\n    display: flex;\n    flex-direction: column;\n    justify-content: flex-end;\n    transform: rotate(270deg);\n    transform-origin: 50% 50%;\n \n  }\n\n  .slider-container .slider {\n    transform: rotate(90deg);\n    transform-origin: 50% 50%;\n \n}\n  \n  .slider-container .slider .slider-input input {\n  \ttransform: scaleX(-1);\n}\n\n  \n  .vertical-slider {\n    display: flex;\n    flex-direction: column-reverse;\n  }\n  \n\u003c/style\u003e\n\u003c/head\u003e\n\u003cbody\u003e\n\n \u003cdiv class\u003d\"slider-container\"\u003e\n  \u003cwidget-slider ng-model\u003d\u0027itemValue(\"Lampe\")\u0027 ng-change\u003d\u0027sendCmd(\"Lampe\", input)\u0027 min\u003d\"0\" max\u003d\"100\" step\u003d\"1\" /\u003e\n\u003c/div\u003e\n\n\u003c/body\u003e\n\u003c/html\u003e\n  \n  \n\n\n\n"
            },
            "slots": {
              "settings": []
            }
          },
          {
            "component": "customwidget",
            "config": {
              "id": "Slider2",
              "template": "\u003c!DOCTYPE html\u003e\n\u003chtml lang\u003d\"en\"\u003e\n\u003chead\u003e\n  \u003cmeta charset\u003d\"UTF-8\"\u003e\n  \u003cmeta name\u003d\"viewport\" content\u003d\"width\u003ddevice-width, initial-scale\u003d1.0\"\u003e\n  \u003clink rel\u003d\"stylesheet\" href\u003d\"https://cdnjs.cloudflare.com/ajax/libs/noUiSlider/14.6.4/nouislider.min.css\"\u003e\n  \u003cscript src\u003d\"https://code.jquery.com/jquery-3.6.4.min.js\"\u003e\u003c/script\u003e\n  \u003cscript src\u003d\"https://cdnjs.cloudflare.com/ajax/libs/noUiSlider/14.6.4/nouislider.min.js\"\u003e\u003c/script\u003e\n  \u003cstyle\u003e\n    #slider-container {\n      height: 300px;\n      margin: 50px auto;\n    }\n\n    #slider {\n      height: 100%;\n    }\n\n    .noUi-handle {\n      background-color: #EF744E;\n      border: none;\n      border-radius: 50%;\n      box-shadow: none;\n      width: 20px;\n      height: 20px;\n    }\n\n    .noUi-handle:before,\n    .noUi-handle:after {\n      display: none;\n    }\n\n    .noUi-connect {\n      background-color: #EF744E;\n    }\n\n    .noUi-horizontal .noUi-connect {\n      height: 2px;\n    }\n  \u003c/style\u003e\n\u003c/head\u003e\n\u003cbody\u003e\n\n\u003cdiv id\u003d\"slider-container\"\u003e\n  \u003cdiv id\u003d\"slider\"\u003e\u003c/div\u003e\n\u003c/div\u003e\n\n\u003cscript\u003e\n  // Initialisiere den vertikalen Slider\n  const slider \u003d document.getElementById(\u0027slider\u0027);\n\n  noUiSlider.create(slider, {\n    start: [20, 80],\n    connect: true,\n    orientation: \u0027vertical\u0027,\n    range: {\n      \u0027min\u0027: 0,\n      \u0027max\u0027: 100\n    }\n  });\n\n  // Füge Event Listener hinzu, um Änderungen zu verfolgen\n  slider.noUiSlider.on(\u0027update\u0027, (values, handle) \u003d\u003e {\n    // Aktualisiere die Ausgabe oder führe andere Aktionen durch\n    console.log(\u0027Wert \u0027 + (handle + 1) + \u0027:\u0027, values[handle]);\n  });\n\u003c/script\u003e\n\n\u003c/body\u003e\n\u003c/html\u003e\n"
            },
            "slots": {
              "settings": []
            }
          },
          {
            "component": "customwidget",
            "config": {
              "id": "Slider3",
              "template": "\u003cstyle\u003e\n\n  .myFill { \n    position:absolute; \n    left:0px; \n    top:0px; \n    height:100%;\n    width:100%;\n    transform: rotate(0deg);\n  }\n  \n  \n\n\u003c/style\u003e\n\n\u003cdiv class\u003d\"myFill\"\u003e\n     \u003cwidget-slider ng-model\u003d\"my_shutter_slider\"/\u003e\t\n\u003c/div\u003e        \n   \n\n   "
            },
            "slots": {
              "settings": [
                {
                  "component": "string",
                  "config": {}
                }
              ]
            }
          },
          {
            "component": "customwidget",
            "config": {
              "id": "Slider4"
            },
            "slots": {
              "settings": []
            }
          },
          {
            "component": "customwidget",
            "config": {
              "id": "window-shutter",
              "template": "\u003chtml\u003e\n\u003chead\u003e\n \u003ctitle\u003eTestseite\u003c/title\u003e\n \u003cscript src\u003d\"https://ajax.googleapis.com/ajax/libs/jquery/3.5.1/jquery.min.js\"\u003e\u003c/script\u003e\n\n\u003cbody\u003e\n\n\n\n\u003ch2\u003eBetriebsmodus für bestimmte Zeit einschalten\u003c/h2\u003e\n\u003clabel for\u003d\"startDatum\"\u003eStartdatum:\u003c/label\u003e\n\u003cinput type\u003d\"date\" id\u003d\"startDatum\"\u003e\n\u003clabel for\u003d\"endDatum\"\u003eEnddatum:\u003c/label\u003e\n\u003cinput type\u003d\"date\" id\u003d\"endDatum\"\u003e\n\u003cbutton id\u003d\"saveBtn\"\u003eSpeichern\u003c/button\u003e\n  \n\u003cscript\u003e\n $(\"#startDatum, #endDatum\").change(function(){\n    var startDate \u003d new Date($(\"#startDatum\").val());\n    var endDate \u003d new Date($(\"#endDatum\").val());\n    var today \u003d new Date();\n    if(startDate \u003c\u003d today \u0026\u0026 today \u003c\u003d endDate){\n       \n    } else {\n        alert(\"Das ausgewählte Datum liegt nicht im gewählten Zeitraum.\");\n        $(\"#ausgewähltesBetreibt\").text(\"\");\n        $(\"#statusBetreibt\").text(\"\");\n    }\n });\n\n $(\"#saveBtn\").click(function(){\n   alert(\"Betriebsmodus und Warmwasserboiler wurden gespeichert.\");\n });\n});\n\u003c/script\u003e\n\n\u003c/body\u003e\n\u003c/html\u003e\n \u003c/head\u003e"
            },
            "slots": {
              "settings": [
                {
                  "component": "checkbox",
                  "config": {
                    "description": "LOL",
                    "label": "Test"
                  }
                }
              ]
            }
          },
          {
            "component": "customwidget",
            "config": {
              "id": "Test 2",
              "template": "\u003chtml lang\u003d\"de\"\u003e\n\u003chead\u003e\n  \u003cmeta charset\u003d\"UTF-8\"\u003e\n  \u003cmeta name\u003d\"viewport\" content\u003d\"width\u003ddevice-width, initial-scale\u003d1.0\"\u003e\n  \u003ctitle\u003eBetriebsmodus Dropdown\u003c/title\u003e\n  \u003cstyle\u003e\n    h2 {\n      color: #C31D30;\n      font-size: 2;\n    }\n    h4 {\n      font-size: 14px;\n      background-color: #F75952;\n    }\n    option, select {\n      background-color: #F75952;\n    }\n  \u003c/style\u003e\n\u003c/head\u003e\n\u003cbody\u003e\n\n\u003ch2\u003eBetriebsmodus\u003c/h2\u003e\n\n\u003cselect id\u003d\"betriebsmodusDropdown\" onchange\u003d\"anzeigenAusgewaehlterModus()\"\u003e\n  \u003coption value\u003d\"modus1\"\u003eModus 1\u003c/option\u003e\n  \u003coption value\u003d\"modus2\"\u003eModus 2\u003c/option\u003e\n  \u003coption value\u003d\"modus3\"\u003eModus 3\u003c/option\u003e\n  \u003coption value\u003d\"modus4\"\u003eModus 4\u003c/option\u003e\n\u003c/select\u003e\n\n\u003ch4 id\u003d\"ausgewaehlterModus\"\u003e\u003c/h4\u003e\n\n\n\n\u003c/body\u003e\n\u003c/html\u003e\n"
            },
            "slots": {
              "settings": []
            }
          },
          {
            "component": "customwidget",
            "config": {
              "id": "Warmwasserboiler",
              "template": "\u003clabel class\u003d\"toggle\"\u003e\n    \u003cspan class\u003d\"onoff\"\u003eWarmwasserboiler\u003c/span\u003e\n    \u003cinput type\u003d\"checkbox\" /\u003e\n    \u003cspan class\u003d\"slider round\"\u003e\u003c/span\u003e\n    \u003cstyle\u003e\n\n    body {\n        height: 100vh;\n        width: 100%;\n        display: flex;\n        justify-content: center;\n        align-items: center;\n        background: #4b79a1; /* fallback for old browsers */\n        background: -webkit-linear-gradient(\n          to right,\n          #283e51,\n          #4b79a1\n        ); /* Chrome 10-25, Safari 5.1-6 */\n        background: linear-gradient(to right, #283e51, #4b79a1);\n      }\n      \n      .toggle {\n        position: relative;\n      }\n      \n      .toggle input {\n        position: absolute;\n        opacity: 0;\n        width: 0;\n        height: 0;\n      }\n      \n      .toggle .onoff {\n        color: #c31d30;\n        font-size: 2em;\n        text-align: center;\n        display: block;\n        font-family: Arial, Helvetica, sans-serif;\n      }\n      \n      .slider {\n        \n        position: relative;\n        display: block;\n        cursor: pointer;\n        background-color: #f75952;\n        transition: 0.4s;\n        width: 400px;\n        height: 75px;\n      }\n      \n      .slider:before {\n        content: \"\";\n        color: #f75952;\n        position: absolute;\n        height: 50px;\n        width: 50px;\n        background-color: #fff;\n        transition: 0.4s;\n        top: 10px;\n        left: 10px;\n      }\n      \n      input:checked + .slider {\n        background-color: #ef744e;\n        box-shadow: 0 0 12px #c31d30;\n      }\n      \n      input:checked + .slider:before {\n        transform: translateX(330px);\n      }\n      \n      .slider.round {\n        border-radius: 50px;\n      }\n      .slider.round::before {\n        border-radius:50px;\n      }\n    \u003c/style\u003e\n    \u003cscript\u003e\n\n   \n    const toggle \u003d document.querySelector(\u0027.toggle input\u0027)\n\ntoggle.addEventListener(\u0027click\u0027, () \u003d\u003e {\n    const onOff \u003d toggle.parentNode.querySelector(\u0027.onoff\u0027)\n    onOff.textContent \u003d toggle.checked ? \u0027ON\u0027 : \u0027OFF\u0027\n})\n\u003c/script\u003e\n\n  \u003c/label\u003e"
            },
            "slots": {
              "settings": []
            }
          },
          {
            "component": "customwidget",
            "config": {
              "id": "Kategorien",
              "template": "    \n\u003chtml lang\u003d\"en\"\u003e\n\u003chead\u003e\n    \u003cstyle\u003e\n        .button, button1 {\n            padding: 10px;\n            margin: 10px;\n            border: 1px solid #ccc;\n            color: #c31d30;\n            background-color:#F75952 ;\n            cursor: pointer;\n        }\n\n        .selected {\n            background-color: #ccc;\n        }\n\n        select {\n            margin: 10px;\n    \n        }\n    \u003c/style\u003e\n\n    \u003cscript\u003e\n        var selectedMode \u003d 1;\n\n        var timeOptions \u003d {\n            1: [\"00:00 - 08:00\", \"08:00 - 10:00\", \"14:00 - 18:00\", \"22:00 - 24:00\"],\n            2: [\"08:00 - 10:00\", \"14:00 - 18:00\", \"22:00 - 24:00\"],\n            3: [\"10:00 - 14:00\", \"18:00 - 22:00\"],\n        };\n\n        function updateSelected(mode) {\n            // Deaktiviere die vorherige Auswahl\n            var oldSelected \u003d document.querySelector(\u0027.selected\u0027);\n            if (oldSelected) {\n                oldSelected.classList.remove(\u0027selected\u0027);\n            }\n\n            // Aktualisiere die Auswahl\n            var newSelected \u003d document.getElementById(\u0027mode\u0027 + mode);\n            newSelected.classList.add(\u0027selected\u0027);\n\n            // Aktualisiere die Anzeige des Strompreises\n            var priceDisplay \u003d document.getElementById(\u0027priceDisplay\u0027);\n            if (mode \u003d\u003d 1) {\n                priceDisplay.innerHTML \u003d \"Günstiger Strompreis\";\n            } else if (mode \u003d\u003d 2) {\n                priceDisplay.innerHTML \u003d \"Mittlerer Strompreis\";\n            } else if (mode \u003d\u003d 3) {\n                priceDisplay.innerHTML \u003d \"Teurerer Strompreis\";\n            }\n\n            selectedMode \u003d mode;\n            showTimeOptions();\n        }\n\n        function showTimeOptions() {\n            var timeOptionsSelect \u003d document.getElementById(\u0027timeOptions\u0027);\n            timeOptionsSelect.innerHTML \u003d \"\";\n\n            var options \u003d timeOptions[selectedMode];\n            for (var i \u003d 0; i \u003c options.length; i++) {\n                var option \u003d document.createElement(\"option\");\n                option.value \u003d options[i];\n                option.text \u003d options[i];\n                timeOptionsSelect.add(option);\n            }\n        }\n\n        function showCalendar() {\n            var calendar \u003d document.getElementById(\u0027calendar\u0027);\n            calendar.innerHTML \u003d \"\";\n\n            var currentDate \u003d new Date();\n            var currentDay \u003d currentDate.toLocaleDateString(\u0027en-US\u0027, { weekday: \u0027long\u0027 });\n            var selectedTimeOption \u003d document.getElementById(\u0027timeOptions\u0027).value;\n\n            var prices \u003d [];\n\n            if (selectedMode \u003d\u003d 4) {\n                prices.push({ day: \"Wochenende\", time: \"00:00 - 24:00\", price: \"Günstigster Preis pro KWh\" });\n            } else {\n                prices.push({ day: currentDay, time: selectedTimeOption, price: getPriceCategory(selectedMode) });\n            }\n\n            for (var i \u003d 0; i \u003c prices.length; i++) {\n                calendar.innerHTML +\u003d \"\u003cp\u003e\" + prices[i].day + \": \" + prices[i].time + \" \" + prices[i].price + \"\u003c/p\u003e\";\n            }\n\n            if (calendar.style.display \u003d\u003d\u003d \u0027none\u0027) {\n                calendar.style.display \u003d \u0027block\u0027;\n            } else {\n                calendar.style.display \u003d \u0027none\u0027;\n            }\n        }\n\n        function getPriceCategory(mode) {\n            if (mode \u003d\u003d 1) {\n                return \"Günstiger Preis pro KWh\";\n            } else if (mode \u003d\u003d 2) {\n                return \"Mittlerer Preis pro KWh\";\n            } else if (mode \u003d\u003d 3) {\n                return \"Teurerer Preis pro KWh\";\n            }\n        }\n    \u003c/script\u003e\n\u003c/head\u003e\n\u003cbody\u003e\n    \u003cdiv\u003e\n        \u003cbutton id\u003d\"mode1\" class\u003d\"button\" onclick\u003d\"updateSelected(1)\"\u003eKategorie 1\u003c/button\u003e\n        \u003cbutton id\u003d\"mode2\" class\u003d\"button\" onclick\u003d\"updateSelected(2)\"\u003eKategorie 2\u003c/button\u003e\n        \u003cbutton id\u003d\"mode3\" class\u003d\"button\" onclick\u003d\"updateSelected(3)\"\u003eKategorie 3\u003c/button\u003e\n    \u003c/div\u003e\n    \u003cdiv\u003e\n        \u003clabel for\u003d\"timeOptions\"\u003eZeitoptionen:\u003c/label\u003e\n        \u003cselect id\u003d\"timeOptions\" onchange\u003d\"showCalendar()\"\u003e\n        \u003c/select\u003e\n    \u003c/div\u003e\n    \u003cdiv id\u003d\"priceDisplay\"\u003e\u003c/div\u003e\n\n    \u003c!-- Kalender Button und Liste --\u003e\n    \u003cbutton1 onclick\u003d\"showCalendar()\"\u003eAktueller Status\u003c/button1\u003e\n    \u003cdiv id\u003d\"calendar\" style\u003d\"display: none;\"\u003e\n    \u003c/div\u003e\n\u003c/body\u003e\n\u003c/html\u003e\n\n"
            },
            "slots": {
              "settings": []
            }
          },
          {
            "component": "customwidget",
            "config": {
              "id": "Hausautomation",
              "template": "\u003chead\u003e\n    \u003cmeta charset\u003d\"UTF-8\"\u003e\n    \u003cmeta name\u003d\"viewport\" content\u003d\"width\u003ddevice-width, initial-scale\u003d1.0\"\u003e\n    \u003ctitle\u003eAnzeige zur Hautomations-Oberfläche\u003c/title\u003e\n    \u003cstyle\u003e\n        .h1, h2, h3 {\n                  padding: 10px;\n                  color: #f75952;\n\n       }\n        .stats-table {\n            height: 200vh;\n            width: 100%;\n            border-collapse: collapse;\n        }\n\n        .stats-table th,\n        .stats-table td {\n            height: 5vh;\n            border: 1px solid black;\n            padding: 2px;\n            color: #c31d30;\n            text-align: center;\n                  background-color: #ef744e;\n\n        }\n\n        .stats-table th {\n            background-color: #ef744e;\n            color: #c31d30;\n        }\n    \u003c/style\u003e\n\u003c/head\u003e\n\u003cbody\u003e\n    \u003ch1\u003eAnzeige zur Hautomations-Oberfläche\u003c/h1\u003e\n    \u003ch2\u003eAuswahl der Zeiträume\u003c/h2\u003e\n    \u003cselect id\u003d\"timePeriodSelect\"\u003e\n        \u003coption value\u003d\"Aktueller Tag\"\u003eAktueller Tag\u003c/option\u003e\n        \u003coption value\u003d\"Vorhergehender Tag\"\u003eVorhergehender Tag\u003c/option\u003e\n        \u003coption value\u003d\"Aktuelle Woche\"\u003eAktuelle Woche\u003c/option\u003e\n        \u003coption value\u003d\"Vorhergehende Woche\"\u003eVorhergehende Woche\u003c/option\u003e\n        \u003coption value\u003d\"Aktueller Monat\"\u003eAktueller Monat\u003c/option\u003e\n        \u003coption value\u003d\"Vorhergehender Monat\"\u003eVorhergehender Monat\u003c/option\u003e\n        \u003coption value\u003d\"Aktuelles Jahr\"\u003eAktuelles Jahr\u003c/option\u003e\n        \u003coption value\u003d\"Vorhergehendes Jahr\"\u003eVorhergehendes Jahr\u003c/option\u003e\n    \u003c/select\u003e\n\n    \u003ch3\u003eProduktion des erzeugten Stroms\u003c/h3\u003e\n    \u003ctable class\u003d\"stats-table\"\u003e\n        \u003cthead\u003e\n            \u003ctr\u003e\n                \u003cth\u003eZeitraum\u003c/th\u003e\n                \u003cth\u003eProduzierter Strom (kWh)\u003c/th\u003e\n            \u003c/tr\u003e\n        \u003c/thead\u003e\n        \u003ctbody id\u003d\"powerStats\"\u003e\n            \u003c!-- Zeilen mit den Statistiken werden hier dynamisch hinzugefügt --\u003e\n        \u003c/tbody\u003e\n    \u003c/table\u003e\n\n    \u003cscript\u003e\n        const timePeriodSelect \u003d document.getElementById(\"timePeriodSelect\");\n        const powerStats \u003d document.getElementById(\"powerStats\");\n\n        // Beispielstatistiken\n        const powerData \u003d {\n            current: {\n                day: 500,\n                week: 2000,\n                month: 7000,\n                year: 70000\n            },\n            previous: {\n                day: 600,\n                week: 2200,\n                month: 7500,\n                year: 75000\n            }\n        };\n\n        function updatePowerStats() {\n            const selectedTimePeriod \u003d timePeriodSelect.value;\n            const power \u003d powerData[selectedTimePeriod];\n\n            // Tabelle mit den aktualisierten Statistiken aktualisieren\n            powerStats.innerHTML \u003d `\n                \u003ctr\u003e\n                    \u003ctd\u003e${selectedTimePeriod.charAt(0).toUpperCase() + selectedTimePeriod.slice(1)}\u003c/td\u003e\n                    \u003ctd\u003e${power}\u003c/td\u003e\n                \u003c/tr\u003e\n            `;\n        }\n\n        timePeriodSelect.addEventListener(\"change\", updatePowerStats);\n\n        // Zuerst die Statistiken für den aktuellen Tag anzeigen\n        timePeriodSelect.value \u003d \"current\";\n        updatePowerStats();\n    \u003c/script\u003e\n\u003c/body\u003e\n\u003c/html\u003e\n"
            },
            "slots": {
              "settings": []
            }
          }
        ],
        "dashboards": [
          {
            "component": "dashboard",
            "config": {
              "col": 0.0,
              "id": "Test",
              "name": "Test",
              "row": 0.0
            },
            "slots": {
              "widgets": [
                {
                  "component": "switch",
                  "config": {
                    "backdrop_center": true,
                    "backdrop_icon": "power-button",
                    "backdrop_iconset": "smarthome-set",
                    "col": 2.0,
                    "hidelabel": true,
                    "hideonoff": true,
                    "item": "TestLampe",
                    "name": "Ein/-aus",
                    "row": 0.0,
                    "sizeX": 1.0,
                    "sizeY": 1.0
                  }
                },
                {
                  "component": "dummy",
                  "config": {
                    "backdrop_center": true,
                    "backdrop_icon": "ceiling-lamp",
                    "backdrop_iconset": "freepik-gadgets",
                    "col": 6.0,
                    "font_size": "60",
                    "item": "TestLampe",
                    "name": "Lampe",
                    "row": 0.0,
                    "sizeX": 4.0,
                    "sizeY": 4.0,
                    "value_color": "#FF3300"
                  }
                },
                {
                  "component": "selection",
                  "config": {
                    "choices": "18\u003dKalt,20,22,24,26,28\u003dWarm",
                    "choices_columns": 3.0,
                    "choices_source": "csv",
                    "col": 0.0,
                    "item": "TestLampe",
                    "name": "Neues Widget",
                    "row": 1.0,
                    "sizeX": 2.0,
                    "sizeY": 2.0
                  }
                },
                {
                  "component": "template",
                  "config": {
                    "col": 2.0,
                    "customwidget": "Drayton Wiser Room",
                    "name": "Neues Widget",
                    "row": 1.0,
                    "sizeX": 4.0,
                    "sizeY": 4.0
                  }
                },
                {
                  "component": "slider",
                  "config": {
                    "bigslider": false,
                    "ceil": 100.0,
                    "col": 10.0,
                    "floor": 0.0,
                    "name": "Neues Widget",
                    "row": 0.0,
                    "sizeX": 2.0,
                    "sizeY": 3.0,
                    "step": 1.0,
                    "vertical": true
                  }
                },
                {
                  "component": "slider",
                  "config": {
                    "bigslider": false,
                    "ceil": 100.0,
                    "col": 0.0,
                    "floor": 0.0,
                    "name": "Neues Widget",
                    "row": 3.0,
                    "sizeX": 2.0,
                    "sizeY": 3.0,
                    "step": 1.0,
                    "vertical": true
                  }
                },
                {
                  "component": "chart",
                  "config": {
                    "col": 6.0,
                    "isgroup": false,
                    "item": "TestLampe",
                    "liveUpdates": {},
                    "name": "Neues Widget",
                    "period": "12h",
                    "row": 4.0,
                    "sizeX": 4.0,
                    "sizeY": 4.0
                  }
                },
                {
                  "component": "timeline",
                  "config": {
                    "col": 2.0,
                    "colorMaps": [
                      {
                        "color": "#6699FF",
                        "state": "ON"
                      },
                      {
                        "color": "#89a",
                        "state": "OFF"
                      },
                      {
                        "color": "#CCCC00",
                        "state": "OPEN"
                      },
                      {
                        "color": "#CC99FF",
                        "state": "CLOSED"
                      },
                      {
                        "color": "#FFCC66",
                        "state": "UP"
                      },
                      {
                        "color": "#9999FF",
                        "state": "DOWN"
                      },
                      {
                        "color": "#FFF",
                        "state": "0"
                      },
                      {
                        "color": "#FFCCCC",
                        "state": "1"
                      },
                      {
                        "color": "#FF9999",
                        "state": "2"
                      },
                      {
                        "color": "#FF6666",
                        "state": "3"
                      },
                      {
                        "color": "#CC0000",
                        "state": "4"
                      },
                      {
                        "color": "#993333",
                        "state": "5"
                      }
                    ],
                    "name": "Neues Widget",
                    "period": "8h",
                    "row": 5.0,
                    "series": [],
                    "service": "Slider",
                    "sizeX": 4.0,
                    "sizeY": 4.0
                  }
                }
              ]
            }
          },
          {
            "component": "dashboard",
            "config": {
              "col": 1.0,
              "id": "Test 2",
              "name": "Test 2",
              "row": 0.0
            },
            "slots": {
              "widgets": [
                {
                  "component": "template",
                  "config": {
                    "col": 0.0,
                    "config": {},
                    "customwidget": "Test 2",
                    "name": "Neues Widget",
                    "nobackground": false,
                    "row": 0.0,
                    "sizeX": 5.0,
                    "sizeY": 2.0
                  }
                },
                {
                  "component": "template",
                  "config": {
                    "col": 0.0,
                    "customwidget": "Warmwasserboiler",
                    "name": "Neues Widget",
                    "row": 2.0,
                    "sizeX": 5.0,
                    "sizeY": 2.0
                  }
                },
                {
                  "component": "template",
                  "config": {
                    "col": 7.0,
                    "customwidget": "window-shutter",
                    "name": "Neues Widget",
                    "row": 0.0,
                    "sizeX": 5.0,
                    "sizeY": 2.0
                  }
                },
                {
                  "component": "template",
                  "config": {
                    "col": 4.0,
                    "customwidget": "Kategorien",
                    "name": "Neues Widget",
                    "row": 4.0,
                    "sizeX": 4.0,
                    "sizeY": 4.0
                  }
                }
              ]
            }
          }
        ]
      }
    }
  }
}