{
  "Script:UeberhitzungsschutzInfrarotHeizung": {
    "class": "org.openhab.core.items.Metadata",
    "value": {
      "key": {
        "segments": [
          "Script",
          "UeberhitzungsschutzInfrarotHeizung"
        ],
        "uid": "Script:UeberhitzungsschutzInfrarotHeizung"
      },
      "value": " ",
      "configuration": {}
    }
  },
  "synonyms:UeberhitzungsschutzInfrarotHeizung": {
    "class": "org.openhab.core.items.Metadata",
    "value": {
      "key": {
        "segments": [
          "synonyms",
          "UeberhitzungsschutzInfrarotHeizung"
        ],
        "uid": "synonyms:UeberhitzungsschutzInfrarotHeizung"
      },
      "value": "awd",
      "configuration": {}
    }
  }
}