{
  "Chart1": {
    "class": "org.openhab.core.ui.components.RootUIComponent",
    "value": {
      "uid": "Chart1",
      "tags": [],
      "props": {
        "parameters": [],
        "parameterGroups": []
      },
      "timestamp": "Jan 16, 2024, 2:57:46 PM",
      "component": "oh-chart-page",
      "config": {
        "label": "Klima Wohnzimmer",
        "period": "W",
        "sidebar": false
      },
      "slots": {
        "dataZoom": [
          {
            "component": "oh-chart-datazoom",
            "config": {
              "end": 70.0,
              "orient": "horizontal",
              "show": true,
              "start": 30.0,
              "type": "slider",
              "xAxisIndex": [
                0.0,
                1.0
              ]
            }
          }
        ],
        "grid": [
          {
            "component": "oh-chart-grid",
            "config": {
              "height": "35%",
              "left": 50.0,
              "right": 50.0,
              "show": true
            }
          },
          {
            "component": "oh-chart-grid",
            "config": {
              "height": "35%",
              "left": 50.0,
              "right": 50.0,
              "show": true,
              "top": "50%"
            }
          }
        ],
        "legend": [
          {
            "component": "oh-chart-legend",
            "config": {
              "orient": "horizontal",
              "show": true
            }
          }
        ],
        "series": [
          {
            "component": "oh-time-series",
            "config": {
              "gridIndex": 0.0,
              "item": "act_temp_WZ",
              "lineStyle": {
                "color": "rgb(226, 170, 14)"
              },
              "markLine": {
                "data": [
                  {
                    "name": "Average",
                    "type": "average"
                  }
                ]
              },
              "markPoint": {
                "data": [
                  {
                    "name": "Höchsttemperatur",
                    "type": "max"
                  },
                  {
                    "name": "Tiefsttemperatur",
                    "type": "min"
                  }
                ],
                "itemStyle": {
                  "color": "rgb(226, 170, 14)"
                }
              },
              "name": "Ist Temp. Indoor",
              "smooth": true,
              "type": "line",
              "xAxisIndex": 0.0,
              "yAxisIndex": 0.0
            }
          },
          {
            "component": "oh-time-series",
            "config": {
              "gridIndex": 0.0,
              "item": "set_temp_WZ",
              "lineStyle": {
                "color": "rgb(70, 123, 168)"
              },
              "name": "Soll Temp. Indoor",
              "type": "line",
              "xAxisIndex": 0.0,
              "yAxisIndex": 0.0
            }
          },
          {
            "component": "oh-time-series",
            "config": {
              "areaStyle": {},
              "gridIndex": 0.0,
              "item": "state_ventil_WZ",
              "lineStyle": {
                "color": "rgb(98, 217, 81)"
              },
              "name": "Ventilstellung",
              "step": "end",
              "type": "line",
              "xAxisIndex": 0.0,
              "yAxisIndex": 1.0
            }
          },
          {
            "component": "oh-time-series",
            "config": {
              "areaStyle": {
                "color": {
                  "colorStops": [
                    {
                      "color": "rgb(70, 123, 168, 0.0)",
                      "offset": 0.0
                    },
                    {
                      "color": "rgb(70, 123, 168, 0.5)",
                      "offset": 0.5
                    },
                    {
                      "color": "rgb(70, 123, 168, 1.0)",
                      "offset": 1.0
                    }
                  ],
                  "type": "linear",
                  "x": 0.0,
                  "x2": 0.0,
                  "y": 0.0,
                  "y2": 1.0
                }
              },
              "gridIndex": 1.0,
              "item": "hum_WZ",
              "lineStyle": {
                "color": "rgb(70, 123, 168)"
              },
              "name": "Luftfeuchtigkeit",
              "smooth": true,
              "type": "line",
              "xAxisIndex": 1.0,
              "yAxisIndex": 2.0
            }
          }
        ],
        "title": [
          {
            "component": "oh-chart-title",
            "config": {
              "show": true,
              "text": "Klima Test"
            }
          }
        ],
        "tooltip": [
          {
            "component": "oh-chart-tooltip",
            "config": {
              "axisPointer": {
                "type": "cross"
              },
              "orient": "vertical",
              "show": true,
              "trigger": "axis"
            }
          }
        ],
        "xAxis": [
          {
            "component": "oh-time-axis",
            "config": {
              "axisLine": {
                "onZero": true
              },
              "boundaryGap": false,
              "gridIndex": 0.0,
              "name": "Uhrzeit"
            }
          },
          {
            "component": "oh-time-axis",
            "config": {
              "axisLine": {
                "onZero": true
              },
              "boundaryGap": false,
              "gridIndex": 1.0,
              "name": "Uhrzeit",
              "position": "top",
              "show": false
            }
          }
        ],
        "yAxis": [
          {
            "component": "oh-value-axis",
            "config": {
              "axisLabel": {
                "formatter": "{value} °C"
              },
              "gridIndex": 0.0,
              "max": "25",
              "min": "17",
              "name": "Temperatur"
            }
          },
          {
            "component": "oh-value-axis",
            "config": {
              "gridIndex": 0.0,
              "max": "5",
              "min": "0",
              "name": "Ventilstellung",
              "nameLocation": "center",
              "show": false,
              "splitLine": {
                "show": false
              }
            }
          },
          {
            "component": "oh-value-axis",
            "config": {
              "gridIndex": 1.0,
              "inverse": true,
              "max": "100",
              "min": "0",
              "name": "Luftfeuchtigkeit",
              "nameLocation": "center",
              "splitLine": {
                "show": false
              }
            }
          }
        ]
      }
    }
  },
  "Warmwasserboiler": {
    "class": "org.openhab.core.ui.components.RootUIComponent",
    "value": {
      "uid": "Warmwasserboiler",
      "tags": [],
      "props": {
        "parameters": [],
        "parameterGroups": []
      },
      "timestamp": "Jan 14, 2024, 2:48:55 PM",
      "component": "oh-layout-page",
      "config": {
        "label": "Warmwasserboiler",
        "style": {
          "background": "url(\u0027/static/WWB.jpg\u0027)",
          "background-position": "center",
          "background-size": "cover"
        }
      },
      "slots": {
        "canvas": [],
        "default": [
          {
            "component": "oh-block",
            "config": {},
            "slots": {
              "default": [
                {
                  "component": "oh-grid-row",
                  "config": {},
                  "slots": {
                    "default": [
                      {
                        "component": "oh-grid-col",
                        "config": {},
                        "slots": {
                          "default": [
                            {
                              "component": "widget:Modus1",
                              "config": {
                                "ueberschrift": "Modus 1"
                              }
                            }
                          ]
                        }
                      },
                      {
                        "component": "oh-grid-col",
                        "config": {},
                        "slots": {
                          "default": [
                            {
                              "component": "widget:Modus2",
                              "config": {}
                            }
                          ]
                        }
                      }
                    ]
                  }
                },
                {
                  "component": "oh-grid-row",
                  "config": {},
                  "slots": {
                    "default": [
                      {
                        "component": "oh-grid-col",
                        "config": {},
                        "slots": {
                          "default": [
                            {
                              "component": "widget:Modus3",
                              "config": {}
                            }
                          ]
                        }
                      }
                    ]
                  }
                },
                {
                  "component": "oh-grid-row",
                  "config": {},
                  "slots": {
                    "default": [
                      {
                        "component": "oh-grid-col",
                        "config": {},
                        "slots": {
                          "default": [
                            {
                              "component": "widget:Modus4",
                              "config": {}
                            }
                          ]
                        }
                      }
                    ]
                  }
                }
              ]
            }
          }
        ],
        "grid": []
      }
    }
  },
  "home": {
    "class": "org.openhab.core.ui.components.RootUIComponent",
    "value": {
      "uid": "home",
      "tags": [],
      "props": {
        "parameters": [],
        "parameterGroups": []
      },
      "timestamp": "Dec 8, 2023, 11:21:17 AM",
      "component": "oh-home-page",
      "config": {
        "label": "Home Page"
      },
      "slots": {
        "equipment": [
          {
            "component": "oh-equipment-tab",
            "config": {},
            "slots": {}
          }
        ],
        "locations": [
          {
            "component": "oh-locations-tab",
            "config": {},
            "slots": {}
          }
        ],
        "properties": [
          {
            "component": "oh-properties-tab",
            "config": {},
            "slots": {}
          }
        ]
      }
    }
  },
  "overview": {
    "class": "org.openhab.core.ui.components.RootUIComponent",
    "value": {
      "uid": "overview",
      "tags": [],
      "props": {
        "parameters": [],
        "parameterGroups": []
      },
      "timestamp": "Jan 23, 2024, 7:26:31 PM",
      "component": "oh-layout-page",
      "config": {
        "label": "Übersicht",
        "style": {
          "background": "url(\u0027/static/BG2.jpg\u0027)",
          "background-position": "center",
          "background-size": "cover"
        }
      },
      "slots": {
        "default": [
          {
            "component": "oh-block",
            "config": {},
            "slots": {
              "default": [
                {
                  "component": "oh-grid-row",
                  "config": {},
                  "slots": {
                    "default": [
                      {
                        "component": "oh-grid-col",
                        "config": {},
                        "slots": {
                          "default": [
                            {
                              "component": "widget:Intervall",
                              "config": {}
                            }
                          ]
                        }
                      },
                      {
                        "component": "oh-grid-col",
                        "config": {},
                        "slots": {
                          "default": [
                            {
                              "component": "widget:Image",
                              "config": {
                                "ueberschrift": "/static/Logo2.png"
                              }
                            }
                          ]
                        }
                      }
                    ]
                  }
                },
                {
                  "component": "oh-grid-row",
                  "config": {},
                  "slots": {
                    "default": [
                      {
                        "component": "oh-grid-col",
                        "config": {},
                        "slots": {
                          "default": [
                            {
                              "component": "widget:Uebersicht",
                              "config": {
                                "aktuell": "Heute",
                                "itemaktuell": "TagHeute",
                                "itemvorhergehend": "TagGestern",
                                "ueberschrift": "Tag (in kWh)",
                                "vorhergehend": "Gestern"
                              }
                            }
                          ]
                        }
                      },
                      {
                        "component": "oh-grid-col",
                        "config": {},
                        "slots": {
                          "default": [
                            {
                              "component": "widget:Uebersicht",
                              "config": {
                                "aktuell": "Diese Woche",
                                "itemaktuell": "WocheAktuell",
                                "itemvorhergehend": "WocheLetztes",
                                "ueberschrift": "Woche (in kWh)",
                                "vorhergehend": "Letzte Woche"
                              }
                            }
                          ]
                        }
                      },
                      {
                        "component": "oh-grid-col",
                        "config": {},
                        "slots": {
                          "default": [
                            {
                              "component": "widget:Uebersicht",
                              "config": {
                                "aktuell": "Dieser Monat",
                                "itemaktuell": "MonatAktuell",
                                "itemvorhergehend": "MonatLetzter",
                                "ueberschrift": "Monat (in kWh)",
                                "vorhergehend": "Letzter Monat"
                              }
                            }
                          ]
                        }
                      },
                      {
                        "component": "oh-grid-col",
                        "config": {},
                        "slots": {
                          "default": [
                            {
                              "component": "widget:Uebersicht",
                              "config": {
                                "aktuell": "Dieses Jahr",
                                "itemaktuell": "JahrAkutell",
                                "itemvorhergehend": "JahrLetztes",
                                "ueberschrift": "Jahr (in kWh)",
                                "vorhergehend": "Letztes Jahr"
                              }
                            }
                          ]
                        }
                      }
                    ]
                  }
                },
                {
                  "component": "oh-grid-row",
                  "config": {},
                  "slots": {
                    "default": [
                      {
                        "component": "oh-grid-col",
                        "config": {},
                        "slots": {
                          "default": [
                            {
                              "component": "widget:Komponenten",
                              "config": {
                                "Wechselkomponente": "widget:Infrarotheizung",
                                "action": "popup",
                                "item": "InfrarotheizungItem",
                                "komponente": "Infrarotheizung"
                              }
                            }
                          ]
                        }
                      },
                      {
                        "component": "oh-grid-col",
                        "config": {},
                        "slots": {
                          "default": [
                            {
                              "component": "widget:KomponenteWWB",
                              "config": {
                                "Wechselkomponente": "page:Warmwasserboiler",
                                "action": "navigate",
                                "komponente": "Warmwasserboiler"
                              }
                            }
                          ]
                        }
                      }
                    ]
                  }
                }
              ]
            }
          },
          {
            "component": "oh-block",
            "config": {},
            "slots": {
              "default": [
                {
                  "component": "oh-grid-row",
                  "config": {},
                  "slots": {
                    "default": [
                      {
                        "component": "oh-grid-col",
                        "config": {},
                        "slots": {
                          "default": [
                            {
                              "component": "widget:test_chart",
                              "config": {}
                            }
                          ]
                        }
                      }
                    ]
                  }
                }
              ]
            }
          }
        ],
        "masonry": [
          {
            "component": "oh-masonry",
            "config": {},
            "slots": {
              "default": []
            }
          }
        ]
      }
    }
  }
}