{
  "2f1c3259fb": {
    "class": "org.openhab.core.automation.dto.RuleDTO",
    "value": {
      "triggers": [],
      "conditions": [],
      "actions": [
        {
          "inputs": {},
          "id": "script",
          "configuration": {
            "script": "rule \"systeminfo_cpu_frequency\"\n    when\n        Time cron \"0/15 * * ? * * *\"\n//        Item   nCpuTemperature changed\n    then\n        logInfo(\"System Rules\",\"CPU FREQ begin\")\n        //var cpuFreq \u003d executeCommandLine(\"/opt/openhab2/conf/scripts/cpuFreq.sh\", 1000)\n        //logInfo(\"System Rules\",\"CPU freq is: {}\", cpuFreq)\n        //nCpuFrequency.postUpdate(Float::parseFloat(String::format(\"%s\",cpuFreq)))\n        logInfo(\"System Rules\",\"CPU FREQ end\")\nend",
            "type": "application/vnd.openhab.dsl.rule"
          },
          "type": "script.ScriptAction"
        }
      ],
      "configuration": {},
      "configDescriptions": [],
      "uid": "2f1c3259fb",
      "name": "JsonPath",
      "tags": [
        "Script"
      ],
      "visibility": "VISIBLE",
      "description": ""
    }
  },
  "3606ea35cc": {
    "class": "org.openhab.core.automation.dto.RuleDTO",
    "value": {
      "triggers": [
        {
          "id": "3",
          "configuration": {
            "itemName": "produzierterStrom"
          },
          "type": "core.ItemStateUpdateTrigger"
        },
        {
          "id": "5",
          "configuration": {
            "itemName": "WattGrenzeFuerAktivierung"
          },
          "type": "core.ItemStateChangeTrigger"
        },
        {
          "id": "2",
          "configuration": {
            "itemName": "InfrarotheizungItem"
          },
          "type": "core.ItemStateUpdateTrigger"
        },
        {
          "id": "4",
          "configuration": {
            "itemName": "SwitchEinfachErweitert"
          },
          "type": "core.ItemStateUpdateTrigger"
        }
      ],
      "conditions": [],
      "actions": [
        {
          "inputs": {},
          "id": "1",
          "configuration": {
            "script": "//Schleife kann nicht mit variablen befuellt werden, da immer der aktuelle Stand bei jeder Iteration abgfragt werden muss.\nwhile((produzierterStrom.state as Number).floatValue \u003e\u003d (WattGrenzeFuerAktivierung.state as Number).floatValue  \u0026\u0026 SwitchEinfachErweitert.state \u003d\u003d OFF \u0026\u0026 InfrarotheizungItem.state \u003d\u003d ON){\n  \n  //Heizung wird angeschalten\n  if( UberhitzungsBoolean.state \u003d\u003d OFF){\n\n    TimerBefehl.postUpdate(\"BETRIEB\")\n  }\n    //Heizung wird abgeschalten wegen ueberhitzungsschutz\n  if( UberhitzungsBoolean.state \u003d\u003d ON){\n      TimerBefehl.postUpdate(\"SCHUTZ\")\n  \n  }\n}\n  if(SwitchEinfachErweitert.state \u003d\u003d OFF \u0026\u0026((produzierterStrom.state as Number).floatValue \u003c (WattGrenzeFuerAktivierung.state as Number).floatValue || InfrarotheizungItem.state \u003d\u003d OFF) ){\n      Shelly1PMb.postUpdate(\"SIGNAL-DEAKTIVIERT\")\n\n  }\n\n",
            "type": "application/vnd.openhab.dsl.rule"
          },
          "type": "script.ScriptAction"
        }
      ],
      "configuration": {},
      "configDescriptions": [],
      "uid": "3606ea35cc",
      "name": "InfrarotheizungsEinfachesHeizenP2",
      "tags": [],
      "visibility": "VISIBLE"
    }
  },
  "4682dd1868": {
    "class": "org.openhab.core.automation.dto.RuleDTO",
    "value": {
      "triggers": [],
      "conditions": [],
      "actions": [
        {
          "inputs": {},
          "id": "script",
          "configuration": {
            "script": "  val String type \u003d\"application/x-www-form-urlencoded\"\n    val String url \u003d\"https://shelly-88-eu.shelly.cloud/device/status\"\n    val String content\u003d\"id\u003d68DF03\u0026auth_key\u003dMWY2MGVhdWlkD679DF28D89AC19E01DD8DFB61EFCF89D9805DACB05E0797E646B49CF6D97847522E49A0DFE2BA9F\"\n  var rawjson \u003d sendHttpPostRequest(url,type,content, 3000)\n\n// first we\u0027ll make sure we can extract array elements by position\nvar results \u003d transform(\"JSONPATH\", \"$.data.device_status.meters[1].power\", rawjson.toString)\nlogInfo(\"Logic\", \"Stromerzeugt:\" + results+ \"W\")\nproduzierterStrom.postUpdate(results)\nlogInfo(\"a\",\"a\"+produzierterStrom.state)",
            "type": "application/vnd.openhab.dsl.rule"
          },
          "type": "script.ScriptAction"
        }
      ],
      "configuration": {},
      "configDescriptions": [],
      "uid": "4682dd1868",
      "name": "ErzeugterStromMessen",
      "tags": [
        "Script"
      ],
      "visibility": "VISIBLE",
      "description": ""
    }
  },
  "515b122b6e": {
    "class": "org.openhab.core.automation.dto.RuleDTO",
    "value": {
      "triggers": [
        {
          "id": "1",
          "configuration": {
            "cronExpression": "0 0/5 * * * ? *"
          },
          "type": "timer.GenericCronTrigger"
        }
      ],
      "conditions": [],
      "actions": [
        {
          "inputs": {},
          "id": "2",
          "configuration": {
            "script": "//API call an Wordpress Server um die Gesamtdatensaetze für die Visualisierung abzufragen.\n///Die Variable \u0027historie\u0027 ist mit der Endung \u0027kwh\u0027 der URL zu füllen(https://DOMAINNAME/wp-json/wp/v2/kwh).\nval historie \u003d sendHttpGetRequest(\"https://cozysmartwarmth.de/wp-json/wp/v2/kwh\")\n///Die Variable \u0027balkenDaten\u0027 ist mit der Endung \u0027balken\u0027 der URL zu füllen(https://DOMAINNAME/wp-json/wp/v2/balken).\nvar balkenDaten \u003d sendHttpGetRequest(\"https://cozysmartwarmth.de/wp-json/wp/v2/balken\")\n\n//------Ab hier nichts veraendern------  \n\n//Json des Calls Historie wird gemapped\nTagHeute.postUpdate(Double.parseDouble(transform(\"JSONPATH\", \"$.kwh_akt_tag\", historie)))\nTagGestern.postUpdate(Double.parseDouble(transform(\"JSONPATH\", \"$.kwh_vor_tag\", historie)))\nMonatAktuell.postUpdate(Double.parseDouble(transform(\"JSONPATH\", \"$.kwh_akt_monat\", historie)))\nMonatLetzter.postUpdate(Double.parseDouble(transform(\"JSONPATH\", \"$.kwh_vor_monat\", historie)))\nJahrAkutell.postUpdate(Double.parseDouble(transform(\"JSONPATH\", \"$.kwh_akt_jahr\", historie)))\nJahrLetztes.postUpdate(Double.parseDouble(transform(\"JSONPATH\", \"$.kwh_vor_jahr\", historie)))\nWocheAktuell.postUpdate(Double.parseDouble(transform(\"JSONPATH\", \"$.kwh_akt_woche\", historie)))\nWocheLetztes.postUpdate(Double.parseDouble(transform(\"JSONPATH\", \"$.kwh_vor_woche\", historie)))\n\n",
            "type": "application/vnd.openhab.dsl.rule"
          },
          "type": "script.ScriptAction"
        }
      ],
      "configuration": {},
      "configDescriptions": [],
      "uid": "515b122b6e",
      "name": "aktualisiereHistorieP2",
      "tags": [],
      "visibility": "VISIBLE",
      "description": "ANPASSUNG NACH INSTALLATION NOTWENDIG"
    }
  },
  "51b95061a9": {
    "class": "org.openhab.core.automation.dto.RuleDTO",
    "value": {
      "triggers": [
        {
          "id": "1",
          "configuration": {
            "itemName": "produzierterStrom"
          },
          "type": "core.ItemStateUpdateTrigger"
        },
        {
          "id": "2",
          "configuration": {
            "itemName": "WattGrenzeFuerAktivierung"
          },
          "type": "core.ItemStateChangeTrigger"
        },
        {
          "id": "3",
          "configuration": {
            "itemName": "InfrarotheizungItem"
          },
          "type": "core.ItemStateUpdateTrigger"
        }
      ],
      "conditions": [],
      "actions": [
        {
          "inputs": {},
          "id": "4",
          "configuration": {
            "script": "\n//Schleife kann nicht mit variablen befuellt werden, da immer der aktuelle Stand bei jeder Iteration abgfragt werden muss.\nwhile((produzierterStrom.state as Number).floatValue \u003e\u003d (WattGrenzeFuerAktivierung.state as Number).floatValue \u0026\u0026 InfrarotheizungItem.state \u003d\u003d ON){\n  \n  //Heizung wird angeschalten\n  if( UberhitzungsBoolean.state \u003d\u003d OFF){\n\n    TimerBefehl.postUpdate(\"BETRIEB\")\n\n   \n  }\n    //Heizung wird abgeschalten, wegen ueberhitzungsschutz\n  if( UberhitzungsBoolean.state \u003d\u003d ON){\n          \n       TimerBefehl.postUpdate(\"SCHUTZ\")\n\n        \n  \n  }\n}\n\n    //Heizung wird abgeschalten, da zuwenig Strom produziert wird\n\n  if((produzierterStrom.state as Number).floatValue \u003c (WattGrenzeFuerAktivierung.state as Number).floatValue || InfrarotheizungItem.state \u003d\u003d OFF){\n                 Shelly25PMKanal0.postUpdate(\"DEAKTIVIERT\")\n       TimerBefehl.postUpdate(\"SCHUTZ\")\n\n\n  }\n      \n",
            "type": "application/vnd.openhab.dsl.rule"
          },
          "type": "script.ScriptAction"
        }
      ],
      "configuration": {},
      "configDescriptions": [],
      "uid": "51b95061a9",
      "name": "InfrarotheizungsEinfachesHeizenP1",
      "tags": [],
      "visibility": "VISIBLE"
    }
  },
  "58c26ee347": {
    "class": "org.openhab.core.automation.dto.RuleDTO",
    "value": {
      "triggers": [
        {
          "id": "1",
          "configuration": {
            "startlevel": 100.0
          },
          "type": "core.SystemStartlevelTrigger"
        }
      ],
      "conditions": [],
      "actions": [
        {
          "inputs": {},
          "id": "2",
          "configuration": {
            "script": "//API call an Wordpress Server um die Nutzerdaten für das Backup abzufragen.\n//Die Variable nutzerdaten ist mit der Endung \"getConfig\", der URL zu befüllen (https://DOMAINNAME/wp-json/wp/v2/getConfig)\nvar  nutzerdaten \u003d sendHttpGetRequest(\"https://cozysmartwarmth.de/wp-json/wp/v2/getConfig\")\n\n//------Ab hier nichts veraendern------  \n//Call wird mit delimiter aufgeschluesselt und zugewiesen\nval lines \u003d nutzerdaten.split(\u0027;\u0027)\n  //P1\n  InfrarotheizungItem.postUpdate(lines.get(0).substring(1))\n  IntervallUeberpruefung.postUpdate(lines.get(1))\n  WattGrenzeFuerAktivierung.postUpdate(lines.get(2))\n  LZaktivierung.postUpdate(lines.get(3))\n  PauseDeaktivierung.postUpdate(lines.get(4))\n  UberhitzungsBoolean.postUpdate(OFF)\n",
            "type": "application/vnd.openhab.dsl.rule"
          },
          "type": "script.ScriptAction"
        }
      ],
      "configuration": {},
      "configDescriptions": [],
      "uid": "58c26ee347",
      "name": "BackupNutzerdatenInitialisierenP1",
      "tags": [],
      "visibility": "VISIBLE",
      "description": "ANPASSUNG NACH INSTALLATION NOTWENDIG"
    }
  },
  "6223ad21e0": {
    "class": "org.openhab.core.automation.dto.RuleDTO",
    "value": {
      "triggers": [],
      "conditions": [],
      "actions": [
        {
          "inputs": {},
          "id": "script",
          "configuration": {
            "script": "var output \u003d actions.HTTP.sendHttpGetRequest(\"https://example.com/?id\u003d1\", \"id\", 1000)\nconsole.log(output)\n\n\n\n ",
            "type": "application/javascript"
          },
          "type": "script.ScriptAction"
        }
      ],
      "configuration": {},
      "configDescriptions": [],
      "uid": "6223ad21e0",
      "name": "TestJS",
      "tags": [
        "Script"
      ],
      "visibility": "VISIBLE",
      "description": "activate output from PM 25 "
    }
  },
  "6acd6077a0": {
    "class": "org.openhab.core.automation.dto.RuleDTO",
    "value": {
      "triggers": [
        {
          "id": "1",
          "configuration": {
            "startlevel": 100.0
          },
          "type": "core.SystemStartlevelTrigger"
        }
      ],
      "conditions": [],
      "actions": [
        {
          "inputs": {},
          "id": "2",
          "configuration": {
            "script": "//API call an Wordpress Server um die Nutzerdaten für das Backup abzufragen.\n//Die Variable \u0027nutzerdaten\u0027 ist mit der Endung \u0027getConfig\u0027 der URL zu füllen(https://DOMAINNAME/wp-json/wp/v2/getConfig.\nvar  nutzerdaten \u003d sendHttpGetRequest(\"https://cozysmartwarmth.de/wp-json/wp/v2/getConfig\")\n  \n//------Ab hier nichts veraendern------  \n  \n//Delimiter fuer den Call und zuweisung der Datensaetze\nval lines \u003d nutzerdaten.split(\u0027;\u0027)\n  //P1\n  InfrarotheizungItem.postUpdate(lines.get(0).substring(1))\n  IntervallUeberpruefung.postUpdate(lines.get(1))\n  WattGrenzeFuerAktivierung.postUpdate(lines.get(2))\n  LZaktivierung.postUpdate(lines.get(3))\n  PauseDeaktivierung.postUpdate(lines.get(4))\n  \n  //P2\n  AktiverModus.postUpdate(lines.get(5))\n  Luftfeuchtigkeit.postUpdate(lines.get(6))\n  Temperatur.postUpdate(lines.get(7))\n  obergrenzeL.postUpdate(lines.get(8))\n  obergrenzeT.postUpdate(lines.get(9))\n  untergrenzeL.postUpdate(lines.get(10))\n  untergrenzeT.postUpdate(lines.get(11))\n  WarmwasserboilerItem.postUpdate(lines.get(12))\n  Modus2Datum1.postUpdate(lines.get(13))\n  Modus2Datum2.postUpdate(lines.get(14))\n  Modus4Aktivierungsgrenze.postUpdate(lines.get(15))\n  SwitchEinfachErweitert.postUpdate(lines.get(16))\n  \n  \n //Die für den Boiler Modus3 benötigten Elemente sind komplexer und leiden unter einem Bug seitens OpenHAB. \n //Nach einem Neustart des Raspberry Pi verlieren Items scheinbar \u0027willkürlich\u0027 ihre Gruppenzugehörigkeit. \n //Aus diesem Grund werden die ungruppierten Items durch neue ersetzt.\"\n  \n  //Zuweisung Werktage Modus3 Boiler\n  var i \u003d1\n  var liste \u003d nutzerdaten.split(\u0027\u003d\u0027)\n  while(liste.size \u003e i){\n    var  elementWT  \u003d liste.get(i)\n    var  teilElementWT \u003d elementWT.split(\u0027;\u0027)\n    var String zeit1 \u003d teilElementWT.get(0)\n    var String zeit2 \u003d teilElementWT.get(1)\n    var String kategorie \u003d teilElementWT.get(2)\n    var String kategorieText \u003d null\n    switch (kategorie) {\n   case \"guenstig\":\n        kategorieText \u003d \"Kategorie 1\"\n   case \"mittel\":\n       kategorieText \u003d \"Kategorie 2\"\n   case \"teuer\":\n       kategorieText \u003d \"Kategorie 3\"\n}   \n    var String zeit1H \u003d  zeit1.split(\u0027:\u0027).get(0)\n    var String zeit1M \u003d  zeit1.split(\u0027:\u0027).get(1)\n    var String zeit2H \u003d  zeit2.split(\u0027:\u0027).get(0)\n    var String zeit2M \u003d  zeit2.split(\u0027:\u0027).get(1)\n    var String deleteString \u003d \"ListenItem\"+zeit1H+zeit1M+\"_\"+zeit2H+zeit2M+\"WT\"\n    var String DatenZusammengefuegt \u003d zeit1 + \" - \" + zeit2 + \" | \" +kategorieText+\" \"+kategorie   \n    org.openhab.core.model.script.ScriptServiceUtil.getItemRegistry.remove(deleteString)\n    var listItem \u003d new StringItem(deleteString) \n    org.openhab.core.model.script.ScriptServiceUtil.getItemRegistry.add(listItem)  \n    ListeStromString.addMember(listItem)\n    ListeStromString.members.get(ListeStromString.members.size-1).postUpdate(DatenZusammengefuegt)\n    i++\n  }\n\n  //Zuweisung Wochenende Modus3 Boiler\n  //Duplicate Code, da der Delimiter \u0027;\u0027 zu \u0027!\u0027 in derselben Schleife nach mehreren Versuchen nicht einfach umzusetzen schien.\n  var j \u003d1\n  var listeWE \u003d nutzerdaten.split(\u0027!\u0027)\n  while(listeWE.size \u003e j){\n    var  elementWE  \u003d listeWE.get(j)\n    var  teilElementWE \u003d elementWE.split(\u0027;\u0027)\n    var String zeit1 \u003d teilElementWE.get(0)\n    var String zeit2 \u003d teilElementWE.get(1)\n    var String kategorie \u003d teilElementWE.get(2)\n    var String kategorieText \u003d null\n    switch (kategorie) {\n   case \"guenstig\":\n        kategorieText \u003d \"Kategorie 1\"\n   case \"mittel\":\n       kategorieText \u003d \"Kategorie 2\"\n   case \"teuer\":\n       kategorieText \u003d \"Kategorie 3\"\n}   \n    var String zeit1H \u003d  zeit1.split(\u0027:\u0027).get(0)\n    var String zeit1M \u003d  zeit1.split(\u0027:\u0027).get(1)\n    var String zeit2H \u003d  zeit2.split(\u0027:\u0027).get(0)\n    var String zeit2M \u003d  zeit2.split(\u0027:\u0027).get(1)\n    var String deleteString \u003d \"ListenItem\"+zeit1H+zeit1M+\"_\"+zeit2H+zeit2M+\"WE\"\n    var String DatenZusammengefuegt \u003d zeit1 + \" - \" + zeit2 + \" | \" +kategorieText+\" \"+kategorie   \n    org.openhab.core.model.script.ScriptServiceUtil.getItemRegistry.remove(deleteString)\n    var listItem \u003d new StringItem(deleteString) \n    org.openhab.core.model.script.ScriptServiceUtil.getItemRegistry.add(listItem)  \n    ListeStromStringWochenende.addMember(listItem)\n    ListeStromStringWochenende.members.get(ListeStromStringWochenende.members.size-1).postUpdate(DatenZusammengefuegt)\n    j++\n  }\nTimerBefehl.postUpdate(\"WARTEN\")\nUberhitzungsBoolean.postUpdate(OFF)\nif(infrarotheizungBetriebsDauerTimer.state \u003d\u003d NULL){\n      infrarotheizungBetriebsDauerTimer.postUpdate(OFF)\n      hitzeschutzDauerTimer.postUpdate(OFF)\n}",
            "type": "application/vnd.openhab.dsl.rule"
          },
          "type": "script.ScriptAction"
        }
      ],
      "configuration": {},
      "configDescriptions": [],
      "uid": "6acd6077a0",
      "name": "BackupNutzerdatenInitialisierenP2",
      "tags": [],
      "visibility": "VISIBLE",
      "description": "ANPASSUNG NACH INSTALLATION NOTWENDIG"
    }
  },
  "77a85a7f44": {
    "class": "org.openhab.core.automation.dto.RuleDTO",
    "value": {
      "triggers": [
        {
          "id": "1",
          "configuration": {
            "itemName": "StromerzeugungsintervalltimerVorhanden",
            "state": "DEAKTIVIERT"
          },
          "type": "core.ItemStateChangeTrigger"
        }
      ],
      "conditions": [],
      "actions": [
        {
          "inputs": {},
          "id": "2",
          "configuration": {
            "script": "\n  //Timer fuer das aktualisierens des produzierten Stroms\nvar Timer stromerzeugungsintervalltimer \u003d null\n  StromerzeugungsintervalltimerVorhanden.postUpdate(\"AKTIVIERT\")\n  logInfo(\"WattMesser\", \"Stromerzeugungsintervalltimer wurde gestartet und Triggerd in: \"+(IntervallUeberpruefung.state as Number).intValue+\" Minuten\")\n  stromerzeugungsintervalltimer \u003d createTimer(now.plusMinutes((IntervallUeberpruefung.state as Number).intValue), [ |\n    StromerzeugungsintervalltimerVorhanden.postUpdate(\"OPEN-Transmition\")                                                                                                               \n                                                                 ])\n                                                                 \n  ",
            "type": "application/vnd.openhab.dsl.rule"
          },
          "type": "script.ScriptAction"
        }
      ],
      "configuration": {},
      "configDescriptions": [],
      "uid": "77a85a7f44",
      "name": "StromerzeugungsintervallP1P2",
      "tags": [],
      "visibility": "VISIBLE"
    }
  },
  "87fdd4503d": {
    "class": "org.openhab.core.automation.dto.RuleDTO",
    "value": {
      "triggers": [
        {
          "id": "1",
          "configuration": {
            "itemName": "WattGrenzeFuerAktivierung"
          },
          "type": "core.ItemStateChangeTrigger"
        },
        {
          "id": "2",
          "configuration": {
            "itemName": "produzierterStrom"
          },
          "type": "core.ItemCommandTrigger"
        },
        {
          "id": "4",
          "configuration": {
            "itemName": "obergrenzeL"
          },
          "type": "core.ItemStateChangeTrigger"
        },
        {
          "id": "5",
          "configuration": {
            "itemName": "obergrenzeT"
          },
          "type": "core.ItemStateChangeTrigger"
        },
        {
          "id": "6",
          "configuration": {
            "itemName": "untergrenzeL"
          },
          "type": "core.ItemStateChangeTrigger"
        },
        {
          "id": "7",
          "configuration": {
            "itemName": "untergrenzeT"
          },
          "type": "core.ItemStateChangeTrigger"
        },
        {
          "id": "8",
          "configuration": {
            "itemName": "Temperatur"
          },
          "type": "core.ItemStateChangeTrigger"
        },
        {
          "id": "9",
          "configuration": {
            "itemName": "Luftfeuchtigkeit"
          },
          "type": "core.ItemStateChangeTrigger"
        },
        {
          "id": "10",
          "configuration": {
            "itemName": "Heizen"
          },
          "type": "core.ItemStateChangeTrigger"
        },
        {
          "id": "11",
          "configuration": {
            "itemName": "InfrarotheizungItem"
          },
          "type": "core.ItemStateChangeTrigger"
        },
        {
          "id": "12",
          "configuration": {
            "itemName": "SwitchEinfachErweitert"
          },
          "type": "core.ItemStateChangeTrigger"
        }
      ],
      "conditions": [],
      "actions": [
        {
          "inputs": {},
          "id": "3",
          "configuration": {
            "script": "\nlogInfo(\"Infrarotheizung\", \"Infrarotheizung wurde Initiallisiert\")\nif(Heizen.state \u003d\u003d NULL){\n   Heizen.postUpdate(\"ON\")\n\n   logInfo(\"Infrarotheizung\", \"Heizen wurde Initiallisiert\")\n}\n\n\nwhile((produzierterStrom.state as Number).floatValue \u003e\u003d (WattGrenzeFuerAktivierung.state as Number).floatValue \u0026\u0026 ((Temperatur.state as Number).floatValue \u003c (untergrenzeT.state as Number).floatValue || (Luftfeuchtigkeit.state as Number).floatValue \u003e (obergrenzeL.state as Number).floatValue) \u0026\u0026 Heizen.state \u003d\u003d \"ON\" \u0026\u0026 SwitchEinfachErweitert.state \u003d\u003d ON \u0026\u0026 InfrarotheizungItem.state \u003d\u003dON){\n  if((Temperatur.state as Number).floatValue \u003e (obergrenzeT.state as Number).floatValue \u0026\u0026 (Luftfeuchtigkeit.state as Number).floatValue \u003c (untergrenzeL.state as Number).floatValue){\n         Heizen.postUpdate(\"OFF\")\n              logInfo(\"Infrarotheizung\", \"HEIZEN WIRD ABGEBROCHEN\")\n\n  }\n    \n  if( UberhitzungsBoolean.state \u003d\u003d OFF){\n        TimerBefehl.postUpdate(\"BETRIEB\")\n\n  }\n  \n  if( UberhitzungsBoolean.state \u003d\u003d ON){\n          TimerBefehl.postUpdate(\"SCHUTZ\")\n\n\n\n \n}\n\n  if(SwitchEinfachErweitert.state \u003d\u003d ON\u0026\u0026((produzierterStrom.state as Number).floatValue \u003c (WattGrenzeFuerAktivierung.state as Number).floatValue || ((Temperatur.state as Number).floatValue \u003e (obergrenzeT.state as Number).floatValue \u0026\u0026 (Luftfeuchtigkeit.state as Number).floatValue \u003c (untergrenzeL.state as Number).floatValue) || Heizen.state \u003d\u003d \"OFF\" || InfrarotheizungItem.state \u003d\u003d OFF )){\n            Shelly1PMb.postUpdate(\"SIGNAL-DEAKTIVIERT\")\n            TimerBefehl.postUpdate(\"SCHUTZ\")\n\n       if(((Temperatur.state as Number).floatValue \u003c (untergrenzeT.state as Number).floatValue || (Luftfeuchtigkeit.state as Number).floatValue \u003e (obergrenzeL.state as Number).floatValue) ){\n              Heizen.postUpdate(\"ON\")\n       }\n  }\n\n \n",
            "type": "application/vnd.openhab.dsl.rule"
          },
          "type": "script.ScriptAction"
        }
      ],
      "configuration": {},
      "configDescriptions": [],
      "uid": "87fdd4503d",
      "name": "InfrarotheizungsOptimiertesHeizenP2",
      "tags": [],
      "visibility": "VISIBLE"
    }
  },
  "93da3cdf44": {
    "class": "org.openhab.core.automation.dto.RuleDTO",
    "value": {
      "triggers": [
        {
          "id": "3",
          "configuration": {
            "cronExpression": "0/5 * * * * ? *"
          },
          "type": "timer.GenericCronTrigger"
        }
      ],
      "conditions": [],
      "actions": [
        {
          "inputs": {},
          "id": "2",
          "label": "Main",
          "configuration": {
            "script": "/*Dies ist die Main Rule, von hier aus werden alle RestAPI calls (ausser Temperatur) geschalten und gesteuert.\nDie Kommunikation mit anderen Rules laueft ueber Signale ab, welche von der Main Rule verarbeitet werden.*/\n\n//Zur Nutzung der Shellys, bitte in folgende Variablen die Daten aus der ShellyCloud eintragen.\n\nval String shellyServerURL \u003d \"https://shelly-88-eu.shelly.cloud\" //SERVER DER SHELLYCLOUD  \"https://shelly-CLOUDSERVERZIFFER-eu.shelly.cloud\"\nval String authToken\u003d\"\u0026auth_key\u003dMWY2MGVhdWlkD679DF28D89AC19E01DD8DFB61EFCF89D9805DACB05E0797E646B49CF6D97847522E49A0DFE2BA9F\" // AUTHTOKEN DER CLOUD \"\u0026auth_key\u003dKEYEINGEBEN\"\nval String shellyIDa \u003d \"id\u003d4855199b0fc4\" // SHELLY ZUM STROM MESSEN \"id\u003dIDDESSHELLYS\"\nval String shellyIDb \u003d\"id\u003d4855199b08b0\"  // SHELLY ZUM SCHALTEN DER INFRAROTHEIZUNG \"id\u003dIDDESSHELLYS\"\nval String shellyIDc \u003d\"id\u003d4855199afa94\"  // SHELLY ZUM SCHALTEN DES BOILERS \"id\u003dIDDESSHELLYS\"\n  \n//Die Variable nutzerbackupURL ist mit der Endung \"setConfig/?config\u003d\", der URL zu befüllen (https://DOMAINNAME/wp-json/wp/v2/setConfig/?config\u003d)\nval String nutzerbackupURL \u003d\"https://cozysmartwarmth.de/wp-json/wp/v2/setConfig/?config\u003d\"\n \n// Ab hier nichts veraendern\n  \n  \n  \nval String urlShellyStatus \u003d shellyServerURL + \"/device/status\"\nval String urlShellyControl \u003dshellyServerURL + \"/device/relay/control\" \nval String type \u003d\"application/x-www-form-urlencoded\"\n//Stromerzeugungsintervall wird initialisiert\nif(StromerzeugungsintervalltimerVorhanden.state \u003d\u003d NULL){\n  StromerzeugungsintervalltimerVorhanden.postUpdate(\"DEAKTIVIERT\")\n  logInfo(\"DatenErfassung\", \"TimerSkript initiiert\")\n}\n\n//Shelly Status Abfrage und wiederherstellung\n//Erzeugten Strom abfragen\nif(StromerzeugungsintervalltimerVorhanden.state \u003d\u003d \"OPEN-Transmition\"){\n  \nvar String shellyResponseStrom \u003d null\nvar String shellyResponseInfrarot \u003d null\nvar String shellyResponseBoiler \u003d null\n//Schleife sorgt dafür das API definitiv erreicht wird\nwhile (shellyResponseStrom \u003d\u003d null){\n   var antwortvonCloudfuerStatus \u003d sendHttpPostRequest(urlShellyStatus,type,shellyIDa+authToken, 3000)\n   shellyResponseStrom \u003d antwortvonCloudfuerStatus\n     logInfo(\"DatenErfassung\", antwortvonCloudfuerStatus)\n}\n  if (shellyResponseStrom !\u003d null){\n          var shellyOnline \u003d transform(\"JSONPATH\", \"$.data.online\", shellyResponseStrom)\n            var powerStatus \u003d \"0\"\n    if(shellyOnline\u003d\u003d\"true\"){\n     var powerStatusTransform \u003d transform(\"JSONPATH\", \"$.data.device_status.switch:0.apower\", shellyResponseStrom)\n      powerStatus \u003d powerStatusTransform\n      }\n      logInfo(\"DatenErfassung\", powerStatus+ \" \"+shellyOnline)\n\n      produzierterStrom.postUpdate(powerStatus)\n      StromerzeugungsintervalltimerVorhanden.postUpdate(\"DEAKTIVIERT\")\n\n  } \n  \n  \n  //Stellt sicher das die Shellys den richtigen Status besitzen\n     var String kanalStatusShellyA \u003d null\n     var String kanalStatusShellyB \u003d null\n     var String kanalStatusShellyC \u003d null\n\n  if (shellyResponseStrom !\u003d null){\n     var shellyResponseMesserStatus \u003d transform(\"JSONPATH\", \"$.data.device_status.switch:0.output\", shellyResponseStrom)\n        logInfo(\"Output\", \"Status Messer:\"+shellyResponseMesserStatus)\n      kanalStatusShellyA \u003d shellyResponseMesserStatus.toString\n  } \n  \n//Schleife sorgt dafür das API definitiv erreicht wird\nwhile (shellyResponseInfrarot \u003d\u003d null){\n   var antwortvonCloudfuerInfrarot \u003d sendHttpPostRequest(urlShellyStatus,type,shellyIDb+authToken, 3000)\n   shellyResponseInfrarot \u003d antwortvonCloudfuerInfrarot\n}\n  if (shellyResponseInfrarot !\u003d null){\n     var shellyResponseInfrarotStatus \u003d transform(\"JSONPATH\", \"$.data.device_status.switch:0.output\", shellyResponseInfrarot)\n       logInfo(\"Output\", \"Status Infrarot:\"+shellyResponseInfrarotStatus)\n        kanalStatusShellyB \u003d shellyResponseInfrarotStatus.toString\n  }\n \n  \n  while (shellyResponseBoiler \u003d\u003d null){\n   var antwortvonCloudfuerBoiler \u003d sendHttpPostRequest(urlShellyStatus,type,shellyIDc+authToken, 3000)\n   shellyResponseBoiler \u003d antwortvonCloudfuerBoiler\n}\n  if (shellyResponseBoiler !\u003d null){\n     var shellyResponseBoilerStatus \u003d transform(\"JSONPATH\", \"$.data.device_status.switch:0.output\", shellyResponseBoiler)\n              logInfo(\"Output\", \"Status Boiler:\"+shellyResponseBoilerStatus)\n        kanalStatusShellyC \u003d shellyResponseBoilerStatus.toString\n  } \n  \n  if(kanalStatusShellyA \u003d\u003d \"false\"){\n     var String kanalStatusShellyAResponse \u003d null\n    while (kanalStatusShellyAResponse \u003d\u003d null){\n    var responseA \u003dsendHttpPostRequest(urlShellyControl,type,\"channel\u003d0\u0026turn\u003don\u0026\"+shellyIDa+authToken, 3000) \n      kanalStatusShellyAResponse\u003d responseA\n  }\n  } \n  \n\n  if(kanalStatusShellyB \u003d\u003d \"false\" \u0026\u0026 Shelly1PMb.state \u003d\u003d \"AKTIVIERT\" ){\n     var String kanalStatusShellyBResponse \u003d null\n    while (kanalStatusShellyBResponse \u003d\u003d null){\n    var responseB \u003dsendHttpPostRequest(urlShellyControl,type,\"channel\u003d0\u0026turn\u003don\u0026\"+shellyIDb+authToken, 3000) \n      kanalStatusShellyBResponse\u003d responseB\n      }\n}\n  if(kanalStatusShellyB \u003d\u003d \"true\" \u0026\u0026 Shelly1PMb.state \u003d\u003d \"DEAKTIVIERT\" ){\n     var String kanalStatusShellyBResponseB \u003d null\n    while (kanalStatusShellyBResponseB \u003d\u003d null){\n    var responseBB \u003dsendHttpPostRequest(urlShellyControl,type,\"channel\u003d0\u0026turn\u003doff\u0026\"+shellyIDb+authToken, 3000) \n      kanalStatusShellyBResponseB\u003d responseBB\n      }\n}\n  \n    if(kanalStatusShellyC \u003d\u003d \"false\" \u0026\u0026 Shelly1PMc.state \u003d\u003d \"AKTIVIERT\" ){\n     var String kanalStatusShellyCResponse \u003d null\n    while (kanalStatusShellyCResponse \u003d\u003d null){\n    var responseC \u003dsendHttpPostRequest(urlShellyControl,type,\"channel\u003d0\u0026turn\u003don\u0026\"+shellyIDc+authToken, 3000) \n      kanalStatusShellyCResponse\u003d responseC\n      }\n}\n  if(kanalStatusShellyC \u003d\u003d \"true\" \u0026\u0026 Shelly1PMc.state \u003d\u003d \"DEAKTIVIERT\" ){\n     var String kanalStatusShellyCResponseB \u003d null\n    while (kanalStatusShellyCResponseB \u003d\u003d null){\n    var responseCB \u003dsendHttpPostRequest(urlShellyControl,type,\"channel\u003d0\u0026turn\u003doff\u0026\"+shellyIDc+authToken, 3000) \n      kanalStatusShellyCResponseB\u003d responseCB\n      }\n}\n}\n\n\n\n\n\n//Shelly fuer Infrarotheizung Aktivieren / Deaktivieren\nvar String shellyResponseDeaktiviertB \u003d null\nvar String shellyResponseAktiviertB \u003d null\n\nif(Shelly1PMb.state !\u003d \"AKTIVIERT\" ||Shelly1PMb.state !\u003d \"DEAKTIVIERT\" ){\n\nif(Shelly1PMb.state \u003d\u003d \"SIGNAL-AKTIVIERT\"){\n\nwhile (shellyResponseAktiviertB \u003d\u003d null){\n   var antwortvonCloudfuerAktiviertB \u003d sendHttpPostRequest(urlShellyControl,type,\"channel\u003d0\u0026turn\u003don\u0026\"+shellyIDb+authToken, 3000) \n   shellyResponseAktiviertB \u003d antwortvonCloudfuerAktiviertB\n        logInfo(\"DatenErfassung\", \"Shelly B Aktiviert\")\n      Shelly1PMb.postUpdate(\"AKTIVIERT\")\n}\n}\nif(Shelly1PMb.state \u003d\u003d \"SIGNAL-DEAKTIVIERT\"){\nwhile (shellyResponseDeaktiviertB \u003d\u003d null){\n   var antwortvonCloudfuerDeaktiviertB \u003d sendHttpPostRequest(urlShellyControl,type,\"channel\u003d0\u0026turn\u003doff\u0026\"+shellyIDb+authToken, 3000) \n   shellyResponseDeaktiviertB \u003d antwortvonCloudfuerDeaktiviertB\n       logInfo(\"DatenErfassung\", \"Shelly B Deaktiviert\")\n      Shelly1PMb.postUpdate(\"DEAKTIVIERT\")\n\n}\n}\n}\n//Shelly fuer Boiler Aktivieren / Deaktivieren\nvar String shellyResponseDeaktiviertC \u003d null\nvar String shellyResponseAktiviertC \u003d null\n\nif(Shelly1PMc.state !\u003d \"AKTIVIERT\" ||Shelly1PMc.state !\u003d \"DEAKTIVIERT\" ){\n\nif(Shelly1PMc.state \u003d\u003d \"SIGNAL-AKTIVIERT\"){\n\nwhile (shellyResponseAktiviertC \u003d\u003d null){\n   var antwortvonCloudfuerAktiviertC \u003d sendHttpPostRequest(urlShellyControl,type,\"channel\u003d0\u0026turn\u003don\u0026\"+shellyIDc+authToken, 3000) \n   shellyResponseAktiviertC \u003d antwortvonCloudfuerAktiviertC\n        logInfo(\"DatenErfassung\", \"Shelly C Aktiviert\")\n      Shelly1PMc.postUpdate(\"AKTIVIERT\")\n}\n}\nif(Shelly1PMc.state \u003d\u003d \"SIGNAL-DEAKTIVIERT\"){\nwhile (shellyResponseDeaktiviertC \u003d\u003d null){\n   var antwortvonCloudfuerDeaktiviertC \u003d sendHttpPostRequest(urlShellyControl,type,\"channel\u003d0\u0026turn\u003doff\u0026\"+shellyIDc+authToken, 3000) \n   shellyResponseDeaktiviertC \u003d antwortvonCloudfuerDeaktiviertC\n       logInfo(\"DatenErfassung\", \"Shelly C Deaktiviert\")\n      Shelly1PMc.postUpdate(\"DEAKTIVIERT\")\n\n}\n}\n}\n\n\n//Shelly Nutzerdatenhochladen fuer Datensicherheit\nval String datenPhase1 \u003d InfrarotheizungItem.state +\";\"+ IntervallUeberpruefung.state +\";\"+WattGrenzeFuerAktivierung.state+\";\"+LZaktivierung.state+\";\"+PauseDeaktivierung.state+\";\"\nval String datenPhase2 \u003d AktiverModus.state+\";\"+Luftfeuchtigkeit.state+\";\"+Temperatur.state+\";\"+obergrenzeL.state+\";\"+obergrenzeT.state+\";\"+untergrenzeL.state+\";\"+untergrenzeT.state+\";\"\n  +WarmwasserboilerItem.state+\";\"+Modus2Datum1.state+\";\"+Modus2Datum2.state+\";\"+Modus4Aktivierungsgrenze.state+\";\"+SwitchEinfachErweitert.state+\";\"\n\n  //Wochentage\n  var size \u003d ListeStromString.members.size\n  var i \u003d 0\n  var String datenPhase2ListenItemsWT \u003d \"\"\n  while(i\u003c size){\n        var gesamtString\u003d ListeStromString.members.get(i).toString\n        val line \u003d gesamtString.split(\u0027,\u0027)\n        val lines\u003d line.get(1).split(\u0027 \u0027)\n        var zeit1 \u003dlines.get(1).split(\u0027\u003d\u0027).get(1)\n        var zeit2 \u003dlines.get(3)\n        var kategorie \u003d lines.get(7)\n        var ergebnis \u003d \"\u003d\"+zeit1+\";\"+zeit2+\";\"+kategorie +\";\"+\"T\"\n           // logInfo(\"WerkTage\", ergebnis)\n          datenPhase2ListenItemsWT \u003d datenPhase2ListenItemsWT + ergebnis\n        i++    \n  }\n  //WochenEnde\n  var sizeWE \u003d ListeStromStringWochenende.members.size\n  var j \u003d 0\n  var String datenPhase2ListenItemsWE \u003d \"\"\n  while(j\u003c sizeWE){\n        var gesamtString\u003d ListeStromStringWochenende.members.get(j).toString\n        val line \u003d gesamtString.split(\u0027,\u0027)\n        val lines\u003d line.get(1).split(\u0027 \u0027)\n        var zeit1 \u003dlines.get(1).split(\u0027\u003d\u0027).get(1)\n        var zeit2 \u003dlines.get(3)\n        var kategorie \u003d lines.get(7)\n        var ergebnis \u003d \"!\"+zeit1+\";\"+zeit2+\";\"+kategorie +\";\"+\"E\"\n           // logInfo(\"WochenEnde\", ergebnis)\n          datenPhase2ListenItemsWE \u003d datenPhase2ListenItemsWE + ergebnis\n       j++    \n  }\n  logInfo(\"SpeicherDaten\", datenPhase1+datenPhase2+datenPhase2ListenItemsWT+datenPhase2ListenItemsWE)\nval output \u003d sendHttpGetRequest(nutzerbackupURL+datenPhase1+datenPhase2+datenPhase2ListenItemsWT+datenPhase2ListenItemsWE+\"\") \n\n\n    \n    \n\n\n\n\n",
            "type": "application/vnd.openhab.dsl.rule"
          },
          "type": "script.ScriptAction"
        }
      ],
      "configuration": {},
      "configDescriptions": [],
      "uid": "93da3cdf44",
      "name": "MainDatenErfassungP2",
      "tags": [],
      "visibility": "VISIBLE",
      "description": "ANPASSUNG NACH INSTALLATION NOTWENDIG"
    }
  },
  "TestReload": {
    "class": "org.openhab.core.automation.dto.RuleDTO",
    "value": {
      "triggers": [],
      "conditions": [],
      "actions": [
        {
          "inputs": {},
          "id": "script",
          "configuration": {
            "script": "location.reload();",
            "type": "application/javascript"
          },
          "type": "script.ScriptAction"
        }
      ],
      "configuration": {},
      "configDescriptions": [],
      "uid": "TestReload",
      "name": "TestReload",
      "tags": [
        "Script"
      ],
      "visibility": "VISIBLE",
      "description": ""
    }
  },
  "TestZeiten": {
    "class": "org.openhab.core.automation.dto.RuleDTO",
    "value": {
      "triggers": [],
      "conditions": [],
      "actions": [
        {
          "inputs": {},
          "id": "script",
          "configuration": {
            "script": "\n// Beispiel-String mit Zahlen und anderen Zeichen\nval String input2 \u003d \"AbCdEf123!@#456\"\n\n// Behalte nur die Zahlen im String\nval String nurZahlen \u003d input2.replaceAll(\"[^0-9]\", \"\")\n\nlogInfo(\"MeineRule\", \"String mit nur Zahlen: \" + nurZahlen)\n",
            "type": "application/vnd.openhab.dsl.rule"
          },
          "type": "script.ScriptAction"
        }
      ],
      "configuration": {},
      "configDescriptions": [],
      "uid": "TestZeiten",
      "name": "TestZeiten",
      "tags": [
        "Script"
      ],
      "visibility": "VISIBLE",
      "description": ""
    }
  },
  "Useless": {
    "class": "org.openhab.core.automation.dto.RuleDTO",
    "value": {
      "triggers": [],
      "conditions": [],
      "actions": [
        {
          "inputs": {},
          "id": "script",
          "configuration": {
            "script": "ChartTest5.postUpdate(\"1,2,3,4,5,6,7\")",
            "type": "application/vnd.openhab.dsl.rule"
          },
          "type": "script.ScriptAction"
        }
      ],
      "configuration": {},
      "configDescriptions": [],
      "uid": "Useless",
      "name": "Useless",
      "tags": [
        "Script"
      ],
      "visibility": "VISIBLE",
      "description": ""
    }
  },
  "WWBActiveKategorie3": {
    "class": "org.openhab.core.automation.dto.RuleDTO",
    "value": {
      "triggers": [
        {
          "id": "1",
          "configuration": {
            "itemName": "TeuerAktiviert"
          },
          "type": "core.ItemStateUpdateTrigger"
        },
        {
          "id": "4",
          "configuration": {
            "itemName": "MittelAktiviert"
          },
          "type": "core.ItemStateUpdateTrigger"
        }
      ],
      "conditions": [],
      "actions": [
        {
          "inputs": {},
          "id": "3",
          "configuration": {
            "script": "//stellt fest welche Preisgrenze momentan geschalten ist. Wenn  Mittel ausgewaehlt wurde muss auch guenstig aktiviert werden.\nif(TeuerAktiviert.state \u003d\u003d ON){\n  \n  MittelAktiviert.state \u003d ON\n  GuenstigAktiviert.state \u003d ON\n  \n}\nelse if(MittelAktiviert.state \u003d\u003d ON \u0026\u0026 TeuerAktiviert.state \u003d\u003d OFF){\n  \n  GuenstigAktiviert.state \u003d ON\n}\n",
            "type": "application/vnd.openhab.dsl.rule"
          },
          "type": "script.ScriptAction"
        }
      ],
      "configuration": {},
      "configDescriptions": [],
      "uid": "WWBActiveKategorie3",
      "name": "WWBActiveKategorie3P2",
      "tags": [],
      "visibility": "VISIBLE"
    }
  },
  "WWBAktiverModus": {
    "class": "org.openhab.core.automation.dto.RuleDTO",
    "value": {
      "triggers": [
        {
          "id": "1",
          "configuration": {
            "itemName": "AktiverModus"
          },
          "type": "core.ItemCommandTrigger"
        },
        {
          "id": "5",
          "configuration": {
            "cronExpression": "0 * * * * ? *"
          },
          "type": "timer.GenericCronTrigger"
        },
        {
          "id": "6",
          "configuration": {
            "itemName": "WarmwasserboilerItem"
          },
          "type": "core.ItemStateChangeTrigger"
        },
        {
          "id": "7",
          "configuration": {
            "itemName": "InfrarotheizungItem"
          },
          "type": "core.ItemStateChangeTrigger"
        },
        {
          "id": "9",
          "configuration": {
            "itemName": "produzierterStrom"
          },
          "type": "core.ItemStateChangeTrigger"
        },
        {
          "id": "10",
          "configuration": {
            "itemName": "UberhitzungsBoolean"
          },
          "type": "core.ItemStateChangeTrigger"
        },
        {
          "id": "11",
          "configuration": {
            "itemName": "Modus2Datum1"
          },
          "type": "core.ItemStateChangeTrigger"
        },
        {
          "id": "12",
          "configuration": {
            "itemName": "Modus2Datum2"
          },
          "type": "core.ItemStateChangeTrigger"
        },
        {
          "id": "13",
          "configuration": {
            "itemName": "MittelAktiviert"
          },
          "type": "core.ItemStateChangeTrigger"
        },
        {
          "id": "14",
          "configuration": {
            "itemName": "GuenstigAktiviert"
          },
          "type": "core.ItemStateChangeTrigger"
        },
        {
          "id": "15",
          "configuration": {
            "itemName": "TeuerAktiviert"
          },
          "type": "core.ItemStateChangeTrigger"
        }
      ],
      "conditions": [],
      "actions": [
        {
          "inputs": {},
          "id": "2",
          "configuration": {
            "script": "\n//Stellt den aktiven Modus des Boilers fest\nval String modus \u003d AktiverModus.state.toString()\nlogInfo(\"Test: \", \"Modus\"+modus)\n//Ueberprueft Datum\nvar aktuellesDatum \u003d now\nvar aktuellerTag \u003d aktuellesDatum.toLocalDate\nlogInfo(\"Test: \", \"Datum\"+aktuellesDatum.toString())\n\n//Ueberprueft ob es sich um einen Werktag oder Wochenende handelt\nvar int weekday \u003d aktuellesDatum.getDayOfWeek.getValue.intValue\nlogInfo(\"Test: \", \"Wochentag\"+weekday.toString())\n\nvar String pruefer\nvar int membersize \u003d 0\nvar int kategorie\n\nif(weekday \u003c 6) {membersize \u003d ListeStromString.members.size}\nelse {membersize \u003d ListeStromStringWochenende.members.size}\n\nvar int zaehler \u003d 1\nvar Boolean AnAus \u003d false\n  \n// Wenn Modus 1 aktiviert ist------------------------------------------------------------------------------------------------------------------\nif(modus \u003d\u003d \"Modus-1\"){\n  \n  if(WarmwasserboilerItem.state \u003d\u003d ON){\n    Shelly1PMc.postUpdate(\"SIGNAL-AKTIVIERT\")\n    WarmwasserboilerItem.postUpdate(ON)\n    logInfo(\"Test: \", \"Shelly wurde aktiviert Modus 1\")\n    \n  }\n  else{\n    Shelly1PMc.postUpdate(\"SIGNAL-DEAKTIVIERT\")\n    WarmwasserboilerItem.postUpdate(OFF)\n    logInfo(\"Test: \", \"Shelly wurde deaktiviert Modus 1\")  \n       \n  }\n  \n}\n\n\n\n\n\n\n\n// Wenn Modus 2 aktiviert ist------------------------------------------------------------------------------------------------------------------\nelse if(modus \u003d\u003d \"Modus-2\"){\n  \n  var datum1State \u003d Modus2Datum1.state\n  var datum2State \u003d Modus2Datum2.state\n  \n  if(datum1State \u003d\u003d NULL || datum2State \u003d\u003d NULL){return}\n  //Formatiert das Datumsformat \n  var datum1 \u003d Integer::parseInt(datum1State.format(\"%1$tY%1$tm%1$td\"))\n  var datum2 \u003d Integer::parseInt(datum2State.format(\"%1$tY%1$tm%1$td\"))\n\n  var aktuellerTagInt \u003d Integer::parseInt(aktuellerTag.toString().replace(\"-\", \"\"))\n  logInfo(\"Test: \", \"aktueller Tag \" + aktuellerTagInt.toString())\n  \n  \n  logInfo(\"Test: \", datum2.toString()) \n\n  if(aktuellerTagInt \u003e\u003d datum1 \u0026\u0026 aktuellerTagInt \u003c datum2){\n    Shelly1PMc.postUpdate(\"SIGNAL-AKTIVIERT\")\n    WarmwasserboilerItem.postUpdate(ON)\n    logInfo(\"Test: \", \"Shelly wurde aktiviert Modus 2\")\n  }\n  else{\n    Shelly1PMc.postUpdate(\"SIGNAL-DEAKTIVIERT\")\n    WarmwasserboilerItem.postUpdate(OFF)\n    logInfo(\"Test: \", \"Shelly wurde deaktiviert Modus 2\")\n       \n  }\n  logInfo(\"Test: \", \"Modus-2 hat funktioniert\")\n \n}\n\n\n  \n  \n// Wenn Modus 3 aktiviert ist------------------------------------------------------------------------------------------------------------------\nelse if(modus \u003d\u003d \"Modus-3\"){\n  \n\n    //nimmt Uhrzeit statt gesamt Datum\n  var int aktuelleUhrzeit \u003d  Integer::parseInt(aktuellesDatum.toString().substring(11, 17).replace(\":\", \"\"))\n  \n  var int kategorieK \u003d 0\n  var int kategorieListe \u003d 0\n          \n  if(GuenstigAktiviert.state \u003d\u003d ON){kategorieK \u003d 1}\n  if(MittelAktiviert.state \u003d\u003d ON){kategorieK \u003d 2}\n  if(TeuerAktiviert.state \u003d\u003d ON){kategorieK \u003d 3}\n  \n  \n  if(weekday \u003c 6) {membersize \u003d ListeStromString.members.size}\n  else {membersize \u003d ListeStromStringWochenende.members.size}\n  //Iteriert ueber alle eintetragenen Werte\n  while(zaehler \u003c\u003d membersize){\n  \n        if (weekday \u003c 6){\n\n          pruefer \u003d ListeStromString.members.get(zaehler - 1).state.toString().replaceAll(\"[^0-9]\", \"\").substring(0, 9)\n        }\n        else{\n\n          pruefer \u003d ListeStromStringWochenende.members.get(zaehler - 1).state.toString().replaceAll(\"[^0-9]\", \"\").substring(0, 9)\n\n        }\n\n        var int zeit1 \u003d Integer::parseInt(pruefer.substring(0, 4))\n        var int zeit2 \u003d Integer::parseInt(pruefer.substring(4, 8))\n        kategorieListe \u003d Integer::parseInt(pruefer.substring(8, 9))\n\n        if(aktuelleUhrzeit \u003e\u003d zeit1 \u0026\u0026 aktuelleUhrzeit \u003c\u003d zeit2){\n          AnAus \u003d true\n          zaehler \u003d membersize + 1\n        }\n        else{AnAus \u003d false}\n   \n        zaehler++\n          \n    }\n    logInfo(\"Test: \",AnAus+ \" \"+ kategorieListe+ \" \"+ kategorieK)\n    if(AnAus \u003d\u003d true \u0026\u0026 kategorieListe \u003c\u003d kategorieK){\n      Shelly1PMc.postUpdate(\"SIGNAL-AKTIVIERT\")\n      WarmwasserboilerItem.postUpdate(ON)\n      logInfo(\"Test: \", \"Shelly wurde aktiviert Modus 3\")\n    }\n  else{\n    Shelly1PMc.postUpdate(\"SIGNAL-DEAKTIVIERT\")\n    WarmwasserboilerItem.postUpdate(OFF)\n    logInfo(\"Test: \", \"Shelly wurde deaktiviert Modus 3\")\n       \n  }\n}\n\n  \n\n\n\n\n// Wenn Modus 4 aktiviert ist------------------------------------------------------------------------------------------------------------------\nelse if(modus \u003d\u003d \"Modus-4\"){\n  \n  var float wattGrenzeIH \u003d (WattGrenzeFuerAktivierung.state as Number).floatValue\n  var float aktuellProduzierterStrom \u003d (produzierterStrom.state as Number).floatValue\n  var float WWBWattgrenze \u003d (Modus4Aktivierungsgrenze.state as Number).floatValue\n  var int aktuelleUhrzeit \u003d  Integer::parseInt(aktuellesDatum.toString().substring(11, 17).replace(\":\", \"\"))\n\n  //Ueberprueft ob Items mit der kategorie Guenstg vorliegen\n  while(zaehler \u003c\u003d membersize){\n     if (weekday \u003c 6){\n\n          pruefer \u003d ListeStromString.members.get(zaehler - 1).state.toString().replaceAll(\"[^0-9]\", \"\").substring(0, 9)\n        }\n        else{\n\n          pruefer \u003d ListeStromStringWochenende.members.get(zaehler - 1).state.toString().replaceAll(\"[^0-9]\", \"\").substring(0, 9)\n\n        }\n        var int zeit1 \u003d Integer::parseInt(pruefer.substring(0, 4))\n        var int zeit2 \u003d Integer::parseInt(pruefer.substring(4, 8))\n        var kostenmodus \u003d Integer::parseInt(pruefer.substring(8, 9))\n\n        if(aktuelleUhrzeit \u003e\u003d zeit1 \u0026\u0026 aktuelleUhrzeit \u003c\u003d zeit2){\n          \n          zaehler \u003d membersize + 1\n             if(kostenmodus \u003d\u003d 1){\n            logInfo(\"Test: \", \"Guenstiger Bereich liegt in Modus 4 zur Uhrzeit vor\")\n              AnAus \u003d true\n\n            }\n        }\n        else{AnAus \u003d false}\n  \n    zaehler++\n  }\n  \n       if(((InfrarotheizungItem.state \u003d\u003d ON \u0026\u0026 UberhitzungsBoolean.state \u003d\u003d ON) || (InfrarotheizungItem.state \u003d\u003d ON \u0026\u0026 (aktuellProduzierterStrom - wattGrenzeIH) \u003e\u003d WWBWattgrenze)) || (InfrarotheizungItem.state \u003d\u003d OFF \u0026\u0026 (aktuellProduzierterStrom  \u003e\u003d WWBWattgrenze))){\n          AnAus \u003d true\n        }\n  if(AnAus !\u003d true){\n    AnAus \u003d false\n  }\n  \n\n        \n        \n  if(AnAus \u003d\u003d true){\n    Shelly1PMc.postUpdate(\"SIGNAL-AKTIVIERT\")\n    WarmwasserboilerItem.postUpdate(ON)\n    logInfo(\"Test: \", \"Shelly wurde aktiviert Modus 4\")\n       \n  }\n  else{\n    Shelly1PMc.postUpdate(\"SIGNAL-DEAKTIVIERT\")\n    WarmwasserboilerItem.postUpdate(OFF)\n    logInfo(\"Test: \", \"Shelly wurde deaktiviert Modus 4\")\n  }\n\n}\n",
            "type": "application/vnd.openhab.dsl.rule"
          },
          "type": "script.ScriptAction"
        }
      ],
      "configuration": {},
      "configDescriptions": [],
      "uid": "WWBAktiverModus",
      "name": "WWBAktiverModusP2",
      "tags": [],
      "visibility": "VISIBLE"
    }
  },
  "WWBListeAddItems": {
    "class": "org.openhab.core.automation.dto.RuleDTO",
    "value": {
      "triggers": [
        {
          "id": "1",
          "configuration": {
            "command": "ON",
            "itemName": "Modus3AddButton"
          },
          "type": "core.ItemCommandTrigger"
        }
      ],
      "conditions": [],
      "actions": [
        {
          "inputs": {},
          "id": "2",
          "configuration": {
            "script": "\n//Es wird geprueft ob die zwei Zeitwerte \u003d NULL sind\nif(Modus3Zeit1.state \u003d\u003d NULL || Modus3Zeit2.state \u003d\u003d NULL){\n  logInfo(\"Test: \", \"einer der beiden ist NULL\")\n  ZeitFehlermeldung.postUpdate(\" Wählen Sie für beide Zeiten einen Wert aus und bestätigten Sie den Wert \")\n  return\n}\n\n\n  // Die Werte der Uhrzeiten werden ermittelt\n  var String Zeit1 \u003d Modus3Zeit1.state.format(\"%1$tH:%1$tM\") \n  var String Zeit2 \u003d Modus3Zeit2.state.format(\"%1$tH:%1$tM\")\n  logInfo(\"Test: \", Zeit2)\n  \n  // Es wird überprüft ob die erste Zeit nach der zweiten Zeit liegt\n  if (Integer::parseInt(Zeit1.replaceAll(\"[^0-9]\", \"\")) \u003e\u003d Integer::parseInt(Zeit2.replaceAll(\"[^0-9]\", \"\"))) {\n    \n    ZeitFehlermeldung.postUpdate(\" Die Startzeit darf sich nicht nach der Endzeit befinden. Bitte ändern Sie die Zeiten \")\n    return\n  \n  }\n\n  // Der Wert der Stromkategorie wird ermittelt\n  var kategorie \u003d KategorieStrom.state\n  logInfo(\"Test: \", kategorie.toString())\n    \n  // Der Wert des Tagmodus wird ermittel, entweder Werktag oder Wochende \n  val TagMode \u003d TagModus.state\n  logInfo(\"Test: \", TagMode.toString())\n\n/*  var String Tag \u003d \"Tag\"\n  if(TagMode.toString() \u003d\u003d \"ON\"){\n      Tag \u003d \"Werktag\"\n    }\n  else {Tag \u003d \"Wochenende\"}\n  logInfo(\"Test: \", Tag)\n\n*/\n  //Die Daten werden zu einem String zusammengefasst\n  val String DatenZusammengefuegt \u003d Zeit1 + \" - \" + Zeit2 + \" | \" + kategorie\n  logInfo(\"Test: \", DatenZusammengefuegt)\n\n  //Es wird die Anzahl der bereits existierenden Items ermittelt je nachdem ob es in Werktag oder Wochenende ist\n  var membersize \u003d 0\n  \n  if(TagMode.toString() \u003d\u003d \"ON\") {\n    \n    membersize \u003d ListeStromString.members.size\n  \n  }\n  else {\n  \n    membersize \u003d ListeStromStringWochenende.members.size\n  \n  }\n   \n  logInfo(\"Test: \", membersize.toString())\n    \n  ZeitFehlermeldung.postUpdate(\" \")\n\n  // Es wird ein neues Item erstellt\n  Zeit1 \u003d Zeit1.replace(\":\", \"\")\n  Zeit2 \u003d Zeit2.replace(\":\", \"\")\n  logInfo(\"Test: \", Zeit1 + Zeit2)\n  \n    \n  // Mit dieser Schleife werden die bereits erstellten Zeiten durchgelaufen um zu prüfen ob sich der ausgewählte Zeitraum in einem bereits erstellten Zeitraum befindet\n  \n  var zaehler \u003d 1\n  var String pruefer\n  \n    \n  while (zaehler \u003c\u003d membersize) {\n    \n    \n    if(TagMode.toString() \u003d\u003d \"ON\"){\n      \n      pruefer \u003d ListeStromString.members.get(zaehler - 1).state.toString().replaceAll(\"[^0-9]\", \"\")\n      \n    }\n  else {\n  \n      pruefer \u003d ListeStromStringWochenende.members.get(zaehler - 1).state.toString().replaceAll(\"[^0-9]\", \"\")\n  \n  }\n  \n    \n    \n    logInfo(\"Test: \", \"Pruefung: \" + pruefer)\n    \n    var int start \u003d Integer::parseInt(pruefer.substring(0, 4))\n    var int ende \u003d Integer::parseInt(pruefer.substring(4, 8))\n      \n    var int zeit1int \u003d Integer::parseInt(Zeit1.replaceAll(\"[^0-9]\", \"\"))\n    var int zeit2int \u003d Integer::parseInt(Zeit2.replaceAll(\"[^0-9]\", \"\"))\n    \n    logInfo(\"Test: \", \"Zeit1 und Zeit2 Int: \" + zeit1int + \" -- \" + zeit2int)\n    logInfo(\"Test: \", \"getrennte Zahlen int: \" + start + \" -- \" + ende)\n\n    if ((zeit1int \u003e\u003d start \u0026\u0026 zeit1int \u003c\u003d ende) || (zeit2int \u003c\u003d ende \u0026\u0026 zeit2int \u003e\u003d start)) {\n\n      logInfo(\"Test: \", \"Es hat funktioniert!!\")\n      ZeitFehlermeldung.postUpdate(\"Die ausgewählten Zeiten befinden sich in einem Zeitraum für den bereits eine Kategorie festgelegt wurde. Bitte ändern Sie die Zeiten\")\n      return\n    }\n    else {ZeitFehlermeldung.postUpdate(\" \")}\n    \n    zaehler \u003d zaehler + 1\n    \n  }\n  \n  var String Tag  \n\n  if(TagMode.toString() \u003d\u003d \"ON\") {Tag \u003d \"WT\"}\n  else {Tag \u003d \"WE\"}\n  \n  // Es wird ein neues Item erstellt in das Model aufgenommen\n  var listItem \u003d new StringItem(\"ListenItem\" + Zeit1 +  \"_\" + Zeit2 + Tag)\n  logInfo(\"Test: \", listItem.state.toString())\n  org.openhab.core.model.script.ScriptServiceUtil.getItemRegistry.add(listItem)  \n  \n  // Das Item wird der Group hinzugefügt und bekommt seinen Wert\n  \n  automatischAktualisieren.postUpdate(\"ListenItem\" + Zeit1 +  \"_\" + Zeit2 + Tag)  \n    \n  if(TagMode.toString() \u003d\u003d \"ON\") {\n  \n    ListeStromString.addMember(listItem)\n    ListeStromString.members.get(membersize).postUpdate(DatenZusammengefuegt)\n  \n  }\n  else {\n    \n    ListeStromStringWochenende.addMember(listItem)\n    ListeStromStringWochenende.members.get(membersize).postUpdate(DatenZusammengefuegt)\n    \n    \n    \n  }\n\n",
            "type": "application/vnd.openhab.dsl.rule"
          },
          "type": "script.ScriptAction"
        }
      ],
      "configuration": {},
      "configDescriptions": [],
      "uid": "WWBListeAddItems",
      "name": "WWBListeAddItemsP2",
      "tags": [],
      "visibility": "VISIBLE"
    }
  },
  "WWBListeDeleteItems": {
    "class": "org.openhab.core.automation.dto.RuleDTO",
    "value": {
      "triggers": [
        {
          "id": "1",
          "configuration": {
            "command": "ON",
            "itemName": "DeleteButton"
          },
          "type": "core.ItemCommandTrigger"
        }
      ],
      "conditions": [],
      "actions": [
        {
          "inputs": {},
          "id": "2",
          "configuration": {
            "script": "\nval membersize \u003d ListeStromString.members.size\nlogInfo(\"Test: \", membersize.toString())\n  \nvar zaehler \u003d 1\nvar String item1\n\nwhile (zaehler \u003c\u003d membersize) {\n  \n  item1 \u003d ListeStromString.members.get(0).toString()  \n  item1 \u003d item1.substring(0, item1.indexOf(\" \"))\n  logInfo(\"Test: \", \"Item:: \" + item1)\n  \n  org.openhab.core.model.script.ScriptServiceUtil.getItemRegistry.remove(item1)\n  logInfo(\"Test: \", \"Item \" + item1 + \" wurde entfernt\" )\n  \n  zaehler \u003d zaehler + 1\n}\n\nautomatischAktualisieren.postUpdate(\"1\")",
            "type": "application/vnd.openhab.dsl.rule"
          },
          "type": "script.ScriptAction"
        }
      ],
      "configuration": {},
      "configDescriptions": [],
      "uid": "WWBListeDeleteItems",
      "name": "WWBListeDeleteItemsP2",
      "tags": [],
      "visibility": "VISIBLE"
    }
  },
  "WWBListeDeleteItemsWochenende": {
    "class": "org.openhab.core.automation.dto.RuleDTO",
    "value": {
      "triggers": [
        {
          "id": "1",
          "configuration": {
            "itemName": "DeleteButtonWochenende"
          },
          "type": "core.ItemCommandTrigger"
        }
      ],
      "conditions": [],
      "actions": [
        {
          "inputs": {},
          "id": "2",
          "configuration": {
            "script": "\nval membersize \u003d ListeStromStringWochenende.members.size\nlogInfo(\"Test: \", membersize.toString())\n  \nvar zaehler \u003d 1\nvar String item1\n\nwhile (zaehler \u003c\u003d membersize) {\n  \n  item1 \u003d ListeStromStringWochenende.members.get(0).toString()  \n  item1 \u003d item1.substring(0, item1.indexOf(\" \"))\n  logInfo(\"Test: \", \"Item:: \" + item1)\n  \n  org.openhab.core.model.script.ScriptServiceUtil.getItemRegistry.remove(item1)\n  logInfo(\"Test: \", \"Item \" + item1 + \" wurde entfernt\" )\n  \n  zaehler \u003d zaehler + 1\n}\n\nautomatischAktualisieren.postUpdate(\"1\")",
            "type": "application/vnd.openhab.dsl.rule"
          },
          "type": "script.ScriptAction"
        }
      ],
      "configuration": {},
      "configDescriptions": [],
      "uid": "WWBListeDeleteItemsWochenende",
      "name": "WWBListeDeleteItemsWochenendeP2",
      "tags": [],
      "visibility": "VISIBLE"
    }
  },
  "a02358f6eb": {
    "class": "org.openhab.core.automation.dto.RuleDTO",
    "value": {
      "triggers": [],
      "conditions": [],
      "actions": [
        {
          "inputs": {},
          "id": "script",
          "configuration": {
            "script": "/*\nvar Timer tMyTimer \u003d null\n tMyTimer \u003d createTimer(now.plusSeconds(5)), [ |\n             logInfo(\"WDaWD\",\"AWDAWDAWDAWD\")\n            ])\n// tMyTimer.cancel\n*/\nval String urlShellyStatus \u003d\"https://shelly-88-eu.shelly.cloud/device/status\" // \"https://shelly-CLOUDSERVERZIFFER-eu.shelly.cloud/device/status\"\nval String urlShellyControl \u003d\"https://shelly-88-eu.shelly.cloud/device/relay/control\" // \"https://shelly-CLOUDSERVERZIFFER-eu.shelly.cloud/relay/control\"\nval String authToken\u003d\"id\u003d68DF03\u0026auth_key\u003dMWY2MGVhdWlkD679DF28D89AC19E01DD8DFB61EFCF89D9805DACB05E0797E646B49CF6D97847522E49A0DFE2BA9F\" //\"id\u003dSHELLYID\u0026auth_key\u003dKEYVONCLOUDACCOUNT\"\n  /*\n if (shellyResponseStrom !\u003d null){\n  var shellyStatus \u003d transform(\"JSONPATH\", \"$.data.online\", shellyResponseStrom)\n  if(shellyStatus \u003d\u003d false){\n    sendHttpPostRequest(urlShellyControl,type,\"channel\u003d1\u0026turn\u003don\u0026\"+authToken, 3000) \n  }\n    var powerStatus \u003d transform(\"JSONPATH\", \"$.data.device_status.meters[1].power\", shellyResponseStrom)\n        logInfo(\"DatenErfassung\", powerStatus)\n  produzierterStrom.postUpdate(powerStatus)\n  StromerzeugungsintervalltimerVorhanden.postUpdate(\"DEAKTIVIERT\")\n  }*/ \n  val String type \u003d\"application/x-www-form-urlencoded\"\n\n   var antwortvonCloudfuerAktiviert \u003d sendHttpPostRequest(urlShellyControl,type,authToken, 3000) \n     logInfo(\"test\",antwortvonCloudfuerAktiviert.toString )\n     \n    //sendHttpPostRequest(urlShellyControl,type,authToken, 3000) \n\n\n   \n",
            "type": "application/vnd.openhab.dsl.rule"
          },
          "type": "script.ScriptAction"
        }
      ],
      "configuration": {},
      "configDescriptions": [],
      "uid": "a02358f6eb",
      "name": "tres",
      "tags": [
        "Script"
      ],
      "visibility": "VISIBLE",
      "description": ""
    }
  },
  "a0b32461c3": {
    "class": "org.openhab.core.automation.dto.RuleDTO",
    "value": {
      "triggers": [
        {
          "id": "1",
          "configuration": {
            "cronExpression": "0 0/7 * * * ? *"
          },
          "type": "timer.GenericCronTrigger"
        }
      ],
      "conditions": [],
      "actions": [
        {
          "inputs": {},
          "id": "2",
          "configuration": {
            "script": "//Das Thermometer wurde fuer das Projekt bereits bereitgestellt wenn sich Daten aender sind dise hier anzupassen.\nvar content \u003d\"deviceids\u003d035DD29D94C5\u0026phoneid\u003d285142992122\" //\"deviceids\u003dDEVICEID\u0026phoneid\u003dPHONEID\"\nvar url \u003d\"https://www.data199.com/api/pv1/device/lastmeasurement\" // sollte sich nicht veraendern\n//--- Ab hier nichts veraendern----\nvar antwortVonThermometer \u003d sendHttpPostRequest(url,\"application/x-www-form-urlencoded\",content, 3000) \nvar String thermometerResponse \u003d antwortVonThermometer\nvar temperatur \u003d transform(\"JSONPATH\", \"$.devices[0].measurement.t1\", thermometerResponse)\nvar feuchtigkeit \u003d transform(\"JSONPATH\", \"$.devices[0].measurement.h\", thermometerResponse)\nlogInfo(\"DatenErfassung\", \"antwortVonThermometer, Temperatur: \" + temperatur+ \" Feutchtigkeit: \"+feuchtigkeit + \"Allgemiene Daten: \"+thermometerResponse)\n Temperatur.postUpdate(temperatur)\nLuftfeuchtigkeit.postUpdate(feuchtigkeit)\n\n\n\n",
            "type": "application/vnd.openhab.dsl.rule"
          },
          "type": "script.ScriptAction"
        }
      ],
      "configuration": {},
      "configDescriptions": [],
      "uid": "a0b32461c3",
      "name": "ThermometerAuslesenP2",
      "tags": [],
      "visibility": "VISIBLE",
      "description": "ANPASSUNG NACH INSTALLATION NOTWENDIG"
    }
  },
  "b9d02897a4": {
    "class": "org.openhab.core.automation.dto.RuleDTO",
    "value": {
      "triggers": [],
      "conditions": [],
      "actions": [
        {
          "inputs": {},
          "id": "script",
          "configuration": {
            "script": "\nval String Zeit1 \u003d Modus3Zeit1.state.format(\"%1$tH:%1$tM\")  \nval Zeit2 \u003d Modus3Zeit2.state\nif (Modus3Zeit2.state \u003d\u003d NULL){\nlogInfo(\"awd\", \"awd\")\n}logInfo(\"awd\", \"Zeit2\")\n\n",
            "type": "application/vnd.openhab.dsl.rule"
          },
          "type": "script.ScriptAction"
        }
      ],
      "configuration": {},
      "configDescriptions": [],
      "uid": "b9d02897a4",
      "name": "awd",
      "tags": [
        "Script"
      ],
      "visibility": "VISIBLE",
      "description": ""
    }
  },
  "c9ffbed371": {
    "class": "org.openhab.core.automation.dto.RuleDTO",
    "value": {
      "triggers": [],
      "conditions": [],
      "actions": [
        {
          "inputs": {},
          "id": "script",
          "configuration": {
            "blockSource": "\u003cxml xmlns\u003d\"https://developers.google.com/blockly/xml\"\u003e\u003cblock type\u003d\"oh_callscriptfile\" id\u003d\"KQ/Ez0MDk;,9h*b_1}yW\" x\u003d\"186\" y\u003d\"260\"\u003e\u003cvalue name\u003d\"scriptfile\"\u003e\u003cshadow type\u003d\"text\" id\u003d\"Ekt4%gUL##uXShc?!E0,\"\u003e\u003cfield name\u003d\"TEXT\"\u003escriptname.script\u003c/field\u003e\u003c/shadow\u003e\u003c/value\u003e\u003c/block\u003e\u003c/xml\u003e",
            "script": "actions.ScriptExecution.callScript(\u0027scriptname.script\u0027);\n",
            "type": "application/javascript"
          },
          "type": "script.ScriptAction"
        }
      ],
      "configuration": {},
      "configDescriptions": [],
      "uid": "c9ffbed371",
      "name": "ShellyTest",
      "tags": [
        "Script"
      ],
      "visibility": "VISIBLE",
      "description": ""
    }
  },
  "cc9f3a43ea": {
    "class": "org.openhab.core.automation.dto.RuleDTO",
    "value": {
      "triggers": [],
      "conditions": [],
      "actions": [
        {
          "inputs": {},
          "id": "script",
          "configuration": {
            "blockSource": "\u003cxml xmlns\u003d\"https://developers.google.com/blockly/xml\"\u003e\u003cblock type\u003d\"oh_event\" id\u003d\"`O8|p3#[xkBBv|IH8\u003dy[\" x\u003d\"17\" y\u003d\"134\"\u003e\u003cfield name\u003d\"eventType\"\u003esendCommand\u003c/field\u003e\u003cvalue name\u003d\"value\"\u003e\u003cshadow type\u003d\"text\" id\u003d\"KubTUl!(gc`R]7e;|So|\"\u003e\u003cfield name\u003d\"TEXT\"\u003evalue\u003c/field\u003e\u003c/shadow\u003e\u003cblock type\u003d\"text\" id\u003d\";R3EKQO7~+bGAe+VX;Q:\"\u003e\u003cfield name\u003d\"TEXT\"\u003e300\u003c/field\u003e\u003c/block\u003e\u003c/value\u003e\u003cvalue name\u003d\"itemName\"\u003e\u003cshadow type\u003d\"oh_item\" id\u003d\"#I@E?6*hTdFst@RT2eq(\"\u003e\u003cmutation itemName\u003d\"MyItem\" itemLabel\u003d\"MyItem\"\u003e\u003c/mutation\u003e\u003cfield name\u003d\"itemName\"\u003eMyItem\u003c/field\u003e\u003c/shadow\u003e\u003cblock type\u003d\"oh_item\" id\u003d\"^Op(V5261E2Zw!YXqS1{\"\u003e\u003cmutation itemName\u003d\"produzierterStrom\" itemLabel\u003d\"produzierterStrom\"\u003e\u003c/mutation\u003e\u003cfield name\u003d\"itemName\"\u003eproduzierterStrom\u003c/field\u003e\u003c/block\u003e\u003c/value\u003e\u003c/block\u003e\u003c/xml\u003e",
            "script": "items.getItem(\u0027produzierterStrom\u0027).sendCommand(\u0027300\u0027);\n",
            "type": "application/javascript"
          },
          "type": "script.ScriptAction"
        }
      ],
      "configuration": {},
      "configDescriptions": [],
      "uid": "cc9f3a43ea",
      "name": "TestSkriptValueset",
      "tags": [
        "Script"
      ],
      "visibility": "VISIBLE",
      "description": ""
    }
  },
  "d1ae0c5af0": {
    "class": "org.openhab.core.automation.dto.RuleDTO",
    "value": {
      "triggers": [
        {
          "id": "1",
          "configuration": {
            "itemName": "TimerBefehl"
          },
          "type": "core.ItemStateChangeTrigger"
        }
      ],
      "conditions": [],
      "actions": [
        {
          "inputs": {},
          "id": "2",
          "configuration": {
            "script": "if(TimerMenge.state \u003d\u003d NULL){\n  TimerMenge.postUpdate(0)\n}\nvar menge \u003d 1 +  (TimerMenge.state as Number).intValue\nval number \u003d  menge\nTimerMenge.postUpdate(number)\n\n\n  logInfo(\"Timer\",\"Ausgeführt\"+ (TimerMenge.state as Number).intValue)\n  if(TimerBefehl.state \u003d\u003d \"BETRIEB\"){\n    Shelly1PMb.postUpdate(\"SIGNAL-AKTIVIERT\")\n     \n    createTimer( now.plusMinutes((LZaktivierung.state as Number).longValue), [ |\n    if(number \u003d\u003d (TimerMenge.state as Number).intValue){\n       logInfo(\"Timer\",\"ABGESCHLOSSEN BETRIEB\"+ (TimerMenge.state as Number).intValue )\n       UberhitzungsBoolean.postUpdate(ON)\n       \n       TimerMenge.postUpdate(0)\n    } ])\n    \n  }\n   if(TimerBefehl.state \u003d\u003d \"SCHUTZ\" || TimerBefehl.state \u003d\u003d \"WARTEN\"){\n     Shelly1PMb.postUpdate(\"SIGNAL-DEAKTIVIERT\")\n      \n    createTimer(now.plusMinutes((PauseDeaktivierung.state as Number).longValue), [ |\n    if(number \u003d\u003d (TimerMenge.state as Number).intValue){\n       logInfo(\"Timer\",\"ABGESCHLOSSEN SCHUTZ\"+ (TimerMenge.state as Number).intValue )\n       UberhitzungsBoolean.postUpdate(OFF)\n       TimerMenge.postUpdate(0)\n    } ])\n   }\n  \n\n  ",
            "type": "application/vnd.openhab.dsl.rule"
          },
          "type": "script.ScriptAction"
        }
      ],
      "configuration": {},
      "configDescriptions": [],
      "uid": "d1ae0c5af0",
      "name": "TimerSteuerungP2",
      "tags": [],
      "visibility": "VISIBLE"
    }
  },
  "dff184c0fa": {
    "class": "org.openhab.core.automation.dto.RuleDTO",
    "value": {
      "triggers": [
        {
          "id": "1",
          "configuration": {
            "itemName": "TimerBefehl"
          },
          "type": "core.ItemStateChangeTrigger"
        }
      ],
      "conditions": [],
      "actions": [
        {
          "inputs": {},
          "id": "2",
          "configuration": {
            "script": "if(TimerMenge.state \u003d\u003d NULL){\n  TimerMenge.postUpdate(0)\n}\nvar menge \u003d 1 +  (TimerMenge.state as Number).intValue\nval number \u003d  menge\nTimerMenge.postUpdate(number)\n\n\n  logInfo(\"Timer\",\"Ausgeführt\"+ (TimerMenge.state as Number).intValue)\n  if(TimerBefehl.state \u003d\u003d \"BETRIEB\"){\n            Shelly25PMKanal0.postUpdate(\"AKTIVIERT\")\n     \n    createTimer( now.plusMinutes((LZaktivierung.state as Number).longValue), [ |\n    if(number \u003d\u003d (TimerMenge.state as Number).intValue){\n       logInfo(\"Timer\",\"ABGESCHLOSSEN BETRIEB\"+ (TimerMenge.state as Number).intValue )\n       UberhitzungsBoolean.postUpdate(ON)\n       \n       TimerMenge.postUpdate(0)\n    } ])\n    \n  }\n   if(TimerBefehl.state \u003d\u003d \"SCHUTZ\" || TimerBefehl.state \u003d\u003d \"WARTEN\"){\n        Shelly25PMKanal0.postUpdate(\"DEAKTIVIERT\")\n      \n    createTimer(now.plusMinutes((PauseDeaktivierung.state as Number).longValue), [ |\n    if(number \u003d\u003d (TimerMenge.state as Number).intValue){\n       logInfo(\"Timer\",\"ABGESCHLOSSEN SCHUTZ\"+ (TimerMenge.state as Number).intValue )\n       UberhitzungsBoolean.postUpdate(OFF)\n       TimerMenge.postUpdate(0)\n    } ])\n   }\n  \n",
            "type": "application/vnd.openhab.dsl.rule"
          },
          "type": "script.ScriptAction"
        }
      ],
      "configuration": {},
      "configDescriptions": [],
      "uid": "dff184c0fa",
      "name": "TimerSteuerungP1",
      "tags": [],
      "visibility": "VISIBLE"
    }
  },
  "e34cf60ff7": {
    "class": "org.openhab.core.automation.dto.RuleDTO",
    "value": {
      "triggers": [
        {
          "id": "1",
          "configuration": {
            "cronExpression": "0/5 * * * * ? *"
          },
          "type": "timer.GenericCronTrigger"
        }
      ],
      "conditions": [],
      "actions": [
        {
          "inputs": {},
          "id": "2",
          "configuration": {
            "script": "//Dieses Skript erfasst den Status des Shellys, schaltet die Shelly Kanaele und startet den Stromerzeugungsintervalltimer.\n//Diese Variblen, insbesondere der AuthToken sollte geheim gehalten werden.\nval String urlShellyStatus \u003d\"https://shelly-88-eu.shelly.cloud/device/status\" // \"https://shelly-CLOUDSERVERZIFFER-eu.shelly.cloud/device/status\"\nval String urlShellyControl \u003d\"https://shelly-88-eu.shelly.cloud/device/relay/control\" // \"https://shelly-CLOUDSERVERZIFFER-eu.shelly.cloud/relay/control\"\nval String authToken\u003d\"id\u003d68DF03\u0026auth_key\u003dMWY2MGVhdWlkD679DF28D89AC19E01DD8DFB61EFCF89D9805DACB05E0797E646B49CF6D97847522E49A0DFE2BA9F\" //\"id\u003dSHELLYID\u0026auth_key\u003dKEYVONCLOUDACCOUNT\"\n  \n//Die Variable nutzerbackupURL ist mit der Endung \"setConfig/?config\u003d\", der URL zu befüllen (https://DOMAINNAME/wp-json/wp/v2/setConfig/?config\u003d)\nval String nutzerbackupURL \u003d\"https://cozysmartwarmth.de/wp-json/wp/v2/setConfig/?config\u003d\"\n\n//------Ab hier nichts veraendern------  \n\n  \n  \nval String type \u003d\"application/x-www-form-urlencoded\"\n//Stromerzeugungsintervalltimer wird initialisiert\nvar int stromerzeugungsintervallDauer \u003d (IntervallUeberpruefung.state as Number).intValue\nif(StromerzeugungsintervalltimerVorhanden.state !\u003d \"DEAKTIVIERT\" \u0026\u0026 StromerzeugungsintervalltimerVorhanden.state !\u003d \"OPEN-Transmition\" \u0026\u0026 StromerzeugungsintervalltimerVorhanden.state !\u003d \"AKTIVIERT\"){\n  StromerzeugungsintervalltimerVorhanden.postUpdate(\"DEAKTIVIERT\")\n  logInfo(\"DatenErfassung\", \"TimerSkript initiiert\")\n\n}\n\n//Erzeugten Strom Setzten\nif(StromerzeugungsintervalltimerVorhanden.state \u003d\u003d \"OPEN-Transmition\"){\nvar String shellyResponseStrom \u003d null\nvar String shellyStatus \u003d null\n//Schleife sorgt dafür das API definitiv erreicht wird\nwhile (shellyResponseStrom \u003d\u003d null){\n   var antwortvonCloudfuerStatus \u003d sendHttpPostRequest(urlShellyStatus,type,authToken, 3000)\n   shellyResponseStrom \u003d antwortvonCloudfuerStatus\n     logInfo(\"DatenErfassung\", antwortvonCloudfuerStatus)\n\n}\n  if (shellyResponseStrom !\u003d null){\n    var powerStatus \u003d transform(\"JSONPATH\", \"$.data.device_status.meters[1].power\", shellyResponseStrom)\n        logInfo(\"DatenErfassung\", powerStatus)\n  produzierterStrom.postUpdate(powerStatus)\n  StromerzeugungsintervalltimerVorhanden.postUpdate(\"DEAKTIVIERT\")\n  } \n  while (shellyStatus \u003d\u003d null){\n\n   var shellyStatusResponse\u003d  sendHttpPostRequest(urlShellyControl,type,\"channel\u003d1\u0026turn\u003don\u0026\"+authToken, 3000) \n   shellyStatus\u003dshellyStatusResponse\n     logInfo(\"DatenErfassung\", \"SIcherstellung das Shelly aktiv\")\n   }\n}\n\n\n//Shelly Kanal Aktivieren / Deaktivieren\nvar String shellyResponseDeaktiviert \u003d null\nvar String shellyResponseAktiviert \u003d null\n  \nif(Shelly25PMKanal0.state !\u003d \"WARTEN\"){\n\nif(Shelly25PMKanal0.state \u003d\u003d \"AKTIVIERT\"){\n\nwhile (shellyResponseAktiviert \u003d\u003d null){\n   var antwortvonCloudfuerAktiviert \u003d sendHttpPostRequest(urlShellyControl,type,\"channel\u003d0\u0026turn\u003don\u0026\"+authToken, 3000) \n   shellyResponseAktiviert \u003d antwortvonCloudfuerAktiviert\n        logInfo(\"DatenErfassung\", \"Shelly Aktiviert\")\n\n}\n}\nif(Shelly25PMKanal0.state \u003d\u003d \"DEAKTIVIERT\"){\nwhile (shellyResponseDeaktiviert \u003d\u003d null){\n   var antwortvonCloudfuerDeaktiviert \u003d sendHttpPostRequest(urlShellyControl,type,\"channel\u003d0\u0026turn\u003doff\u0026\"+authToken, 3000) \n   shellyResponseDeaktiviert \u003d antwortvonCloudfuerDeaktiviert\n       logInfo(\"DatenErfassung\", \"Shelly Deaktiviert\")\n\n}\n}\n  Shelly25PMKanal0.postUpdate(\"WARTEN\")\n\n}\n\nval String datenPhase1 \u003d InfrarotheizungItem.state +\";\"+ IntervallUeberpruefung.state +\";\"+WattGrenzeFuerAktivierung.state+\";\"+LZaktivierung.state+\";\"+PauseDeaktivierung.state+\";\"\nval output \u003d sendHttpGetRequest(nutzerbackupURL+datenPhase1+\"\") \n",
            "type": "application/vnd.openhab.dsl.rule"
          },
          "type": "script.ScriptAction"
        },
        {
          "inputs": {},
          "id": "3",
          "configuration": {
            "type": "application/vnd.openhab.dsl.rule"
          },
          "type": "script.ScriptAction"
        }
      ],
      "configuration": {},
      "configDescriptions": [],
      "uid": "e34cf60ff7",
      "name": "MainDatenErfassungP1",
      "tags": [],
      "visibility": "VISIBLE",
      "description": "ANPASSUNG NACH INSTALLATION NOTWENDIG"
    }
  }
}