{
  "26c1a58ded": {
    "class": "java.lang.Boolean",
    "value": true
  },
  "40f873f856": {
    "class": "java.lang.Boolean",
    "value": true
  },
  "51b95061a9": {
    "class": "java.lang.Boolean",
    "value": true
  },
  "58c26ee347": {
    "class": "java.lang.Boolean",
    "value": true
  },
  "8284fdd0b5": {
    "class": "java.lang.Boolean",
    "value": true
  },
  "ToggleIgnore": {
    "class": "java.lang.Boolean",
    "value": true
  },
  "WWBAktiverModus": {
    "class": "java.lang.Boolean",
    "value": true
  },
  "b815103f6c": {
    "class": "java.lang.Boolean",
    "value": true
  },
  "c9ffbed371": {
    "class": "java.lang.Boolean",
    "value": true
  },
  "dff184c0fa": {
    "class": "java.lang.Boolean",
    "value": true
  },
  "e34cf60ff7": {
    "class": "java.lang.Boolean",
    "value": true
  },
  "f708e6c072": {
    "class": "java.lang.Boolean",
    "value": true
  }
}